# Utah Teapot Model
# Version: 1987 - Frank Crow
# Triangle Mesh Resolution: 12 (9120 faces)
o Utah Teapot

v -1.5 2.25 0
v -1.501968 2.245573 -0.06875001
v -1.507407 2.233333 -0.125
v -1.515625 2.214844 -0.16875
v -1.525926 2.191666 -0.2
v -1.537616 2.165365 -0.21875
v -1.55 2.1375 -0.225
v -1.562384 2.109635 -0.21875
v -1.574074 2.083333 -0.2
v -1.584375 2.060156 -0.16875
v -1.592593 2.041667 -0.125
v -1.598032 2.029427 -0.06874998
v -1.6 2.025 0
v -1.739583 2.24974 0
v -1.740156 2.245316 -0.06875001
v -1.74174 2.233083 -0.125
v -1.744132 2.214604 -0.16875
v -1.74713 2.19144 -0.2
v -1.750533 2.165153 -0.21875
v -1.754138 2.137305 -0.225
v -1.757743 2.109456 -0.21875
v -1.761146 2.083169 -0.2
v -1.764144 2.060006 -0.16875
v -1.766536 2.041527 -0.125
v -1.768119 2.029295 -0.06874999
v -1.768692 2.02487 0
v -1.958333 2.247916 0
v -1.957669 2.24351 -0.06875001
v -1.95583 2.231327 -0.125
v -1.953053 2.212923 -0.16875
v -1.949571 2.189853 -0.2
v -1.945621 2.163673 -0.21875
v -1.941435 2.135937 -0.225
v -1.93725 2.108202 -0.21875
v -1.933299 2.082021 -0.2
v -1.929818 2.058952 -0.16875
v -1.927041 2.040548 -0.125
v -1.925202 2.028365 -0.06874998
v -1.924537 2.023958 0
v -2.15625 2.242969 0
v -2.154498 2.238611 -0.06875001
v -2.149653 2.226562 -0.125
v -2.142334 2.208362 -0.16875
v -2.13316 2.185546 -0.2
v -2.122748 2.159656 -0.21875
v -2.111719 2.132227 -0.225
v -2.100689 2.104797 -0.21875
v -2.090278 2.078906 -0.2
v -2.081104 2.056091 -0.16875
v -2.073785 2.03789 -0.125
v -2.06894 2.025842 -0.06874997
v -2.067188 2.021484 0
v -2.333333 2.233333 0
v -2.330637 2.22907 -0.06875
v -2.323183 2.217284 -0.125
v -2.311921 2.199479 -0.16875
v -2.297805 2.17716 -0.2
v -2.281786 2.151833 -0.21875
v -2.264814 2.125 -0.225
v -2.247844 2.098167 -0.21875
v -2.231824 2.072839 -0.2
v -2.217708 2.05052 -0.16875
v -2.206447 2.032716 -0.125
v -2.198992 2.02093 -0.06874997
v -2.196296 2.016667 0
v -2.489583 2.217448 0
v -2.48608 2.213341 -0.06875001
v -2.476393 2.201987 -0.125
v -2.461761 2.184835 -0.16875
v -2.443418 2.163334 -0.2
v -2.422603 2.138936 -0.21875
v -2.40055 2.113086 -0.225
v -2.378498 2.087237 -0.21875
v -2.357682 2.062838 -0.2
v -2.339339 2.041337 -0.16875
v -2.324707 2.024185 -0.125
v -2.31502 2.012831 -0.06874999
v -2.311517 2.008724 0
v -2.625 2.19375 0
v -2.620819 2.189877 -0.06875001
v -2.609259 2.179167 -0.125
v -2.591797 2.162988 -0.16875
v -2.569907 2.142708 -0.2
v -2.545067 2.119694 -0.21875
v -2.51875 2.095313 -0.225
v -2.492434 2.070931 -0.21875
v -2.467593 2.047916 -0.2
v -2.445703 2.027637 -0.16875
v -2.428241 2.011458 -0.125
v -2.416681 2.000749 -0.06874998
v -2.4125 1.996875 0
v -2.739583 2.160677 0
v -2.734848 2.157129 -0.06875
v -2.721755 2.147319 -0.125
v -2.701977 2.132499 -0.16875
v -2.677184 2.113922 -0.2
v -2.649049 2.092842 -0.21875
v -2.619242 2.070508 -0.225
v -2.589435 2.048174 -0.21875
v -2.5613 2.027093 -0.2
v -2.536507 2.008516 -0.16875
v -2.516729 1.993697 -0.125
v -2.503636 1.983887 -0.06874998
v -2.4989 1.980339 0
v -2.833333 2.116667 0
v -2.828159 2.113552 -0.06875001
v -2.813855 2.104938 -0.125
v -2.792245 2.091927 -0.16875
v -2.765157 2.075617 -0.2
v -2.734418 2.057109 -0.21875
v -2.701852 2.0375 -0.225
v -2.669286 2.017892 -0.21875
v -2.638546 1.999383 -0.2
v -2.611458 1.983073 -0.16875
v -2.589849 1.970062 -0.125
v -2.575545 1.961449 -0.06874998
v -2.57037 1.958333 0
v -2.90625 2.060156 0
v -2.900747 2.057597 -0.06875001
v -2.885532 2.050521 -0.125
v -2.862549 2.039832 -0.16875
v -2.833738 2.026432 -0.2
v -2.801044 2.011227 -0.21875
v -2.766407 1.995117 -0.225
v -2.731769 1.979008 -0.21875
v -2.699074 1.963802 -0.2
v -2.670264 1.950403 -0.16875
v -2.64728 1.939713 -0.125
v -2.632066 1.932637 -0.06874998
v -2.626563 1.930078 0
v -2.958333 1.989583 0
v -2.952604 1.987718 -0.06875001
v -2.936763 1.982562 -0.125
v -2.912833 1.974772 -0.16875
v -2.882835 1.965007 -0.2
v -2.848795 1.953927 -0.21875
v -2.812732 1.942188 -0.225
v -2.776668 1.930448 -0.21875
v -2.742627 1.919368 -0.2
v -2.71263 1.909603 -0.16875
v -2.6887 1.901813 -0.125
v -2.67286 1.896657 -0.06874998
v -2.66713 1.894792 0
v -2.989583 1.903385 0
v -2.983723 1.902368 -0.06875001
v -2.96752 1.899556 -0.125
v -2.943043 1.895308 -0.16875
v -2.91236 1.889983 -0.2
v -2.877542 1.883941 -0.21875
v -2.840654 1.877539 -0.225
v -2.803766 1.871137 -0.21875
v -2.768947 1.865095 -0.2
v -2.738265 1.85977 -0.16875
v -2.713789 1.855522 -0.125
v -2.697586 1.85271 -0.06874998
v -2.691725 1.851693 0
v -3 1.8 0
v -2.994097 1.8 -0.06875001
v -2.977778 1.8 -0.125
v -2.953125 1.8 -0.16875
v -2.922222 1.8 -0.2
v -2.887153 1.8 -0.21875
v -2.85 1.8 -0.225
v -2.812847 1.8 -0.21875
v -2.777778 1.8 -0.2
v -2.746875 1.8 -0.16875
v -2.722222 1.8 -0.125
v -2.705903 1.8 -0.06874998
v -2.7 1.8 0
v -1.501968 2.245573 0.06875001
v -1.507407 2.233333 0.125
v -1.515625 2.214844 0.16875
v -1.525926 2.191666 0.2
v -1.537616 2.165365 0.21875
v -1.55 2.1375 0.225
v -1.562384 2.109635 0.21875
v -1.574074 2.083333 0.2
v -1.584375 2.060156 0.16875
v -1.592593 2.041667 0.125
v -1.598032 2.029427 0.06874998
v -1.740156 2.245316 0.06875001
v -1.74174 2.233083 0.125
v -1.744132 2.214604 0.16875
v -1.74713 2.19144 0.2
v -1.750533 2.165153 0.21875
v -1.754138 2.137305 0.225
v -1.757743 2.109456 0.21875
v -1.761146 2.083169 0.2
v -1.764144 2.060006 0.16875
v -1.766536 2.041527 0.125
v -1.768119 2.029295 0.06874999
v -1.957669 2.24351 0.06875001
v -1.95583 2.231327 0.125
v -1.953053 2.212923 0.16875
v -1.949571 2.189853 0.2
v -1.945621 2.163673 0.21875
v -1.941435 2.135937 0.225
v -1.93725 2.108202 0.21875
v -1.933299 2.082021 0.2
v -1.929818 2.058952 0.16875
v -1.927041 2.040548 0.125
v -1.925202 2.028365 0.06874998
v -2.154498 2.238611 0.06875001
v -2.149653 2.226562 0.125
v -2.142334 2.208362 0.16875
v -2.13316 2.185546 0.2
v -2.122748 2.159656 0.21875
v -2.111719 2.132227 0.225
v -2.100689 2.104797 0.21875
v -2.090278 2.078906 0.2
v -2.081104 2.056091 0.16875
v -2.073785 2.03789 0.125
v -2.06894 2.025842 0.06874997
v -2.330637 2.22907 0.06875
v -2.323183 2.217284 0.125
v -2.311921 2.199479 0.16875
v -2.297805 2.17716 0.2
v -2.281786 2.151833 0.21875
v -2.264814 2.125 0.225
v -2.247844 2.098167 0.21875
v -2.231824 2.072839 0.2
v -2.217708 2.05052 0.16875
v -2.206447 2.032716 0.125
v -2.198992 2.02093 0.06874997
v -2.48608 2.213341 0.06875001
v -2.476393 2.201987 0.125
v -2.461761 2.184835 0.16875
v -2.443418 2.163334 0.2
v -2.422603 2.138936 0.21875
v -2.40055 2.113086 0.225
v -2.378498 2.087237 0.21875
v -2.357682 2.062838 0.2
v -2.339339 2.041337 0.16875
v -2.324707 2.024185 0.125
v -2.31502 2.012831 0.06874999
v -2.620819 2.189877 0.06875001
v -2.609259 2.179167 0.125
v -2.591797 2.162988 0.16875
v -2.569907 2.142708 0.2
v -2.545067 2.119694 0.21875
v -2.51875 2.095313 0.225
v -2.492434 2.070931 0.21875
v -2.467593 2.047916 0.2
v -2.445703 2.027637 0.16875
v -2.428241 2.011458 0.125
v -2.416681 2.000749 0.06874998
v -2.734848 2.157129 0.06875
v -2.721755 2.147319 0.125
v -2.701977 2.132499 0.16875
v -2.677184 2.113922 0.2
v -2.649049 2.092842 0.21875
v -2.619242 2.070508 0.225
v -2.589435 2.048174 0.21875
v -2.5613 2.027093 0.2
v -2.536507 2.008516 0.16875
v -2.516729 1.993697 0.125
v -2.503636 1.983887 0.06874998
v -2.828159 2.113552 0.06875001
v -2.813855 2.104938 0.125
v -2.792245 2.091927 0.16875
v -2.765157 2.075617 0.2
v -2.734418 2.057109 0.21875
v -2.701852 2.0375 0.225
v -2.669286 2.017892 0.21875
v -2.638546 1.999383 0.2
v -2.611458 1.983073 0.16875
v -2.589849 1.970062 0.125
v -2.575545 1.961449 0.06874998
v -2.900747 2.057597 0.06875001
v -2.885532 2.050521 0.125
v -2.862549 2.039832 0.16875
v -2.833738 2.026432 0.2
v -2.801044 2.011227 0.21875
v -2.766407 1.995117 0.225
v -2.731769 1.979008 0.21875
v -2.699074 1.963802 0.2
v -2.670264 1.950403 0.16875
v -2.64728 1.939713 0.125
v -2.632066 1.932637 0.06874998
v -2.952604 1.987718 0.06875001
v -2.936763 1.982562 0.125
v -2.912833 1.974772 0.16875
v -2.882835 1.965007 0.2
v -2.848795 1.953927 0.21875
v -2.812732 1.942188 0.225
v -2.776668 1.930448 0.21875
v -2.742627 1.919368 0.2
v -2.71263 1.909603 0.16875
v -2.6887 1.901813 0.125
v -2.67286 1.896657 0.06874998
v -2.983723 1.902368 0.06875001
v -2.96752 1.899556 0.125
v -2.943043 1.895308 0.16875
v -2.91236 1.889983 0.2
v -2.877542 1.883941 0.21875
v -2.840654 1.877539 0.225
v -2.803766 1.871137 0.21875
v -2.768947 1.865095 0.2
v -2.738265 1.85977 0.16875
v -2.713789 1.855522 0.125
v -2.697586 1.85271 0.06874998
v -2.994097 1.8 0.06875001
v -2.977778 1.8 0.125
v -2.953125 1.8 0.16875
v -2.922222 1.8 0.2
v -2.887153 1.8 0.21875
v -2.85 1.8 0.225
v -2.812847 1.8 0.21875
v -2.777778 1.8 0.2
v -2.746875 1.8 0.16875
v -2.722222 1.8 0.125
v -2.705903 1.8 0.06874998
v -2.99268 1.688303 0
v -2.986838 1.689307 -0.06875001
v -2.970687 1.692082 -0.125
v -2.946288 1.696275 -0.16875
v -2.915704 1.70153 -0.2
v -2.880997 1.707495 -0.21875
v -2.844228 1.713813 -0.225
v -2.807458 1.720132 -0.21875
v -2.772751 1.726096 -0.2
v -2.742167 1.731351 -0.16875
v -2.717769 1.735544 -0.125
v -2.701618 1.738319 -0.06874999
v -2.695776 1.739323 0
v -2.970602 1.578299 0
v -2.964941 1.580119 -0.06875001
v -2.949288 1.585153 -0.125
v -2.925644 1.592757 -0.16875
v -2.896004 1.602289 -0.2
v -2.86237 1.613106 -0.21875
v -2.826736 1.624566 -0.225
v -2.791102 1.636026 -0.21875
v -2.757467 1.646843 -0.2
v -2.727828 1.656375 -0.16875
v -2.704184 1.663979 -0.125
v -2.688532 1.669013 -0.06874998
v -2.68287 1.670833 0
v -2.933594 1.470117 0
v -2.928229 1.472596 -0.06875001
v -2.913397 1.479449 -0.125
v -2.890991 1.489801 -0.16875
v -2.862904 1.502778 -0.2
v -2.831033 1.517504 -0.21875
v -2.797266 1.533106 -0.225
v -2.763499 1.548707 -0.21875
v -2.731626 1.563433 -0.2
v -2.70354 1.57641 -0.16875
v -2.681134 1.586762 -0.125
v -2.666302 1.593615 -0.06874997
v -2.660938 1.596094 0
v -2.881481 1.363889 0
v -2.876526 1.366895 -0.06875
v -2.862825 1.375206 -0.125
v -2.842129 1.38776 -0.16875
v -2.816186 1.403498 -0.2
v -2.786746 1.421357 -0.21875
v -2.755555 1.440278 -0.225
v -2.724365 1.459198 -0.21875
v -2.694924 1.477057 -0.2
v -2.668981 1.492795 -0.16875
v -2.648285 1.50535 -0.125
v -2.634585 1.51366 -0.06874997
v -2.629629 1.516667 0
v -2.814092 1.259744 0
v -2.809655 1.263175 -0.06875001
v -2.797388 1.27266 -0.125
v -2.778859 1.286989 -0.16875
v -2.75563 1.304951 -0.2
v -2.729272 1.325335 -0.21875
v -2.701346 1.346929 -0.225
v -2.67342 1.368524 -0.21875
v -2.647061 1.388907 -0.2
v -2.623833 1.406869 -0.16875
v -2.605303 1.421198 -0.125
v -2.593037 1.430684 -0.06874999
v -2.5886 1.434115 0
v -2.73125 1.157812 0
v -2.727438 1.161594 -0.06875001
v -2.716898 1.172049 -0.125
v -2.700977 1.187842 -0.16875
v -2.681018 1.207639 -0.2
v -2.65837 1.230105 -0.21875
v -2.634375 1.253906 -0.225
v -2.610381 1.277707 -0.21875
v -2.587731 1.300174 -0.2
v -2.567773 1.319971 -0.16875
v -2.551852 1.335764 -0.125
v -2.541312 1.346218 -0.06874998
v -2.5375 1.35 0
v -2.632784 1.058225 0
v -2.629699 1.062311 -0.06875
v -2.621169 1.073607 -0.125
v -2.608284 1.090672 -0.16875
v -2.592131 1.112063 -0.2
v -2.573803 1.136338 -0.21875
v -2.554384 1.162055 -0.225
v -2.534965 1.187772 -0.21875
v -2.516636 1.212048 -0.2
v -2.500484 1.233438 -0.16875
v -2.487599 1.250503 -0.125
v -2.479069 1.2618 -0.06874998
v -2.475984 1.265885 0
v -2.518518 0.9611111 0
v -2.516259 0.9654835 -0.06875001
v -2.510013 0.977572 -0.125
v -2.500579 0.9958334 -0.16875
v -2.488751 1.018724 -0.2
v -2.47533 1.044702 -0.21875
v -2.461111 1.072222 -0.225
v -2.446892 1.099743 -0.21875
v -2.43347 1.12572 -0.2
v -2.421643 1.148611 -0.16875
v -2.412209 1.166873 -0.125
v -2.405963 1.178961 -0.06874998
v -2.403704 1.183333 0
v -2.388281 0.8666015 0
v -2.386944 0.8712708 -0.06875001
v -2.383246 0.8841797 -0.125
v -2.377661 0.9036804 -0.16875
v -2.370659 0.9281249 -0.2
v -2.362715 0.9558656 -0.21875
v -2.354297 0.9852539 -0.225
v -2.345879 1.014642 -0.21875
v -2.337934 1.042383 -0.2
v -2.330933 1.066827 -0.16875
v -2.325347 1.086328 -0.125
v -2.32165 1.099237 -0.06874998
v -2.320313 1.103906 0
v -2.241898 0.7748264 0
v -2.241575 0.7798308 -0.06875001
v -2.24068 0.7936664 -0.125
v -2.23933 0.8145671 -0.16875
v -2.237637 0.8407663 -0.2
v -2.235716 0.8704984 -0.21875
v -2.233681 0.9019965 -0.225
v -2.231645 0.9334947 -0.21875
v -2.229724 0.9632267 -0.2
v -2.228031 0.989426 -0.16875
v -2.22668 1.010327 -0.125
v -2.225786 1.024162 -0.06874998
v -2.225463 1.029167 0
v -2.079195 0.6859158 0
v -2.079975 0.691322 -0.06875001
v -2.082129 0.7062685 -0.125
v -2.085385 0.7288473 -0.16875
v -2.089465 0.7571501 -0.2
v -2.094096 0.7892693 -0.21875
v -2.099002 0.8232964 -0.225
v -2.103907 0.8573236 -0.21875
v -2.108538 0.8894427 -0.2
v -2.112618 0.9177456 -0.16875
v -2.115874 0.9403244 -0.125
v -2.118028 0.9552709 -0.06874998
v -2.118808 0.960677 0
v -1.9 0.6 0
v -1.901968 0.6059029 -0.06875001
v -1.907407 0.6222223 -0.125
v -1.915625 0.646875 -0.16875
v -1.925926 0.6777777 -0.2
v -1.937616 0.7128473 -0.21875
v -1.95 0.75 -0.225
v -1.962384 0.7871528 -0.21875
v -1.974074 0.8222224 -0.2
v -1.984375 0.853125 -0.16875
v -1.992593 0.8777778 -0.125
v -1.998032 0.8940972 -0.06874998
v -2 0.9 0
v -2.986838 1.689307 0.06875001
v -2.970687 1.692082 0.125
v -2.946288 1.696275 0.16875
v -2.915704 1.70153 0.2
v -2.880997 1.707495 0.21875
v -2.844228 1.713813 0.225
v -2.807458 1.720132 0.21875
v -2.772751 1.726096 0.2
v -2.742167 1.731351 0.16875
v -2.717769 1.735544 0.125
v -2.701618 1.738319 0.06874999
v -2.964941 1.580119 0.06875001
v -2.949288 1.585153 0.125
v -2.925644 1.592757 0.16875
v -2.896004 1.602289 0.2
v -2.86237 1.613106 0.21875
v -2.826736 1.624566 0.225
v -2.791102 1.636026 0.21875
v -2.757467 1.646843 0.2
v -2.727828 1.656375 0.16875
v -2.704184 1.663979 0.125
v -2.688532 1.669013 0.06874998
v -2.928229 1.472596 0.06875001
v -2.913397 1.479449 0.125
v -2.890991 1.489801 0.16875
v -2.862904 1.502778 0.2
v -2.831033 1.517504 0.21875
v -2.797266 1.533106 0.225
v -2.763499 1.548707 0.21875
v -2.731626 1.563433 0.2
v -2.70354 1.57641 0.16875
v -2.681134 1.586762 0.125
v -2.666302 1.593615 0.06874997
v -2.876526 1.366895 0.06875
v -2.862825 1.375206 0.125
v -2.842129 1.38776 0.16875
v -2.816186 1.403498 0.2
v -2.786746 1.421357 0.21875
v -2.755555 1.440278 0.225
v -2.724365 1.459198 0.21875
v -2.694924 1.477057 0.2
v -2.668981 1.492795 0.16875
v -2.648285 1.50535 0.125
v -2.634585 1.51366 0.06874997
v -2.809655 1.263175 0.06875001
v -2.797388 1.27266 0.125
v -2.778859 1.286989 0.16875
v -2.75563 1.304951 0.2
v -2.729272 1.325335 0.21875
v -2.701346 1.346929 0.225
v -2.67342 1.368524 0.21875
v -2.647061 1.388907 0.2
v -2.623833 1.406869 0.16875
v -2.605303 1.421198 0.125
v -2.593037 1.430684 0.06874999
v -2.727438 1.161594 0.06875001
v -2.716898 1.172049 0.125
v -2.700977 1.187842 0.16875
v -2.681018 1.207639 0.2
v -2.65837 1.230105 0.21875
v -2.634375 1.253906 0.225
v -2.610381 1.277707 0.21875
v -2.587731 1.300174 0.2
v -2.567773 1.319971 0.16875
v -2.551852 1.335764 0.125
v -2.541312 1.346218 0.06874998
v -2.629699 1.062311 0.06875
v -2.621169 1.073607 0.125
v -2.608284 1.090672 0.16875
v -2.592131 1.112063 0.2
v -2.573803 1.136338 0.21875
v -2.554384 1.162055 0.225
v -2.534965 1.187772 0.21875
v -2.516636 1.212048 0.2
v -2.500484 1.233438 0.16875
v -2.487599 1.250503 0.125
v -2.479069 1.2618 0.06874998
v -2.516259 0.9654835 0.06875001
v -2.510013 0.977572 0.125
v -2.500579 0.9958334 0.16875
v -2.488751 1.018724 0.2
v -2.47533 1.044702 0.21875
v -2.461111 1.072222 0.225
v -2.446892 1.099743 0.21875
v -2.43347 1.12572 0.2
v -2.421643 1.148611 0.16875
v -2.412209 1.166873 0.125
v -2.405963 1.178961 0.06874998
v -2.386944 0.8712708 0.06875001
v -2.383246 0.8841797 0.125
v -2.377661 0.9036804 0.16875
v -2.370659 0.9281249 0.2
v -2.362715 0.9558656 0.21875
v -2.354297 0.9852539 0.225
v -2.345879 1.014642 0.21875
v -2.337934 1.042383 0.2
v -2.330933 1.066827 0.16875
v -2.325347 1.086328 0.125
v -2.32165 1.099237 0.06874998
v -2.241575 0.7798308 0.06875001
v -2.24068 0.7936664 0.125
v -2.23933 0.8145671 0.16875
v -2.237637 0.8407663 0.2
v -2.235716 0.8704984 0.21875
v -2.233681 0.9019965 0.225
v -2.231645 0.9334947 0.21875
v -2.229724 0.9632267 0.2
v -2.228031 0.989426 0.16875
v -2.22668 1.010327 0.125
v -2.225786 1.024162 0.06874998
v -2.079975 0.691322 0.06875001
v -2.082129 0.7062685 0.125
v -2.085385 0.7288473 0.16875
v -2.089465 0.7571501 0.2
v -2.094096 0.7892693 0.21875
v -2.099002 0.8232964 0.225
v -2.103907 0.8573236 0.21875
v -2.108538 0.8894427 0.2
v -2.112618 0.9177456 0.16875
v -2.115874 0.9403244 0.125
v -2.118028 0.9552709 0.06874998
v -1.901968 0.6059029 0.06875001
v -1.907407 0.6222223 0.125
v -1.915625 0.646875 0.16875
v -1.925926 0.6777777 0.2
v -1.937616 0.7128473 0.21875
v -1.95 0.75 0.225
v -1.962384 0.7871528 0.21875
v -1.974074 0.8222224 0.2
v -1.984375 0.853125 0.16875
v -1.992593 0.8777778 0.125
v -1.998032 0.8940972 0.06874998
v 2.8 2.4 0
v 2.80787 2.4 -0.034375
v 2.82963 2.4 -0.0625
v 2.8625 2.4 -0.084375
v 2.903703 2.4 -0.1
v 2.950463 2.4 -0.109375
v 3 2.4 -0.1125
v 3.049537 2.4 -0.109375
v 3.096296 2.4 -0.1
v 3.1375 2.4 -0.084375
v 3.170371 2.4 -0.06250001
v 3.19213 2.4 -0.03437499
v 3.2 2.4 0
v 2.820949 2.417188 0
v 2.829564 2.41735 -0.03482591
v 2.853381 2.417798 -0.06331984
v 2.889361 2.418474 -0.08548179
v 2.934461 2.419322 -0.1013117
v 2.985644 2.420286 -0.1108097
v 3.039866 2.421306 -0.1139757
v 3.094088 2.422326 -0.1108097
v 3.14527 2.423288 -0.1013117
v 3.190371 2.424136 -0.08548179
v 3.22635 2.424814 -0.06331985
v 3.250167 2.425261 -0.0348259
v 3.258782 2.425423 0
v 2.834259 2.43125 0
v 2.843616 2.431532 -0.03607253
v 2.869487 2.432311 -0.06558642
v 2.908568 2.433488 -0.08854166
v 2.957557 2.434963 -0.1049383
v 3.013152 2.436638 -0.1147762
v 3.072048 2.438412 -0.1180556
v 3.130946 2.440185 -0.1147762
v 3.18654 2.441859 -0.1049383
v 3.235528 2.443335 -0.08854166
v 3.27461 2.444512 -0.06558643
v 3.30048 2.445291 -0.03607252
v 3.309838 2.445573 0
v 2.840625 2.442187 0
v 2.850701 2.442551 -0.03795573
v 2.878559 2.443555 -0.06901041
v 2.920642 2.445071 -0.09316406
v 2.973394 2.446972 -0.1104167
v 3.033259 2.44913 -0.1207682
v 3.09668 2.451416 -0.1242188
v 3.1601 2.453702 -0.1207682
v 3.219965 2.455859 -0.1104167
v 3.272717 2.457761 -0.09316406
v 3.3148 2.459277 -0.06901043
v 3.342658 2.460281 -0.03795572
v 3.352735 2.460645 0
v 2.84074 2.45 0
v 2.851489 2.45041 -0.04031636
v 2.881207 2.451543 -0.07330246
v 2.926099 2.453255 -0.09895833
v 2.982373 2.455401 -0.1172839
v 3.046234 2.457837 -0.1282793
v 3.113889 2.460417 -0.1319444
v 3.181543 2.462996 -0.1282793
v 3.245404 2.465432 -0.1172839
v 3.301678 2.467578 -0.09895833
v 3.34657 2.46929 -0.07330247
v 3.376288 2.470423 -0.04031634
v 3.387037 2.470833 0
v 2.835301 2.454688 0
v 2.846654 2.455114 -0.04299528
v 2.878042 2.456291 -0.07817324
v 2.925459 2.45807 -0.1055339
v 2.984896 2.4603 -0.1250772
v 3.052348 2.462831 -0.1368032
v 3.123807 2.465512 -0.1407118
v 3.195265 2.468192 -0.1368032
v 3.262717 2.470723 -0.1250772
v 3.322154 2.472953 -0.1055339
v 3.369571 2.474731 -0.07817324
v 3.400959 2.475909 -0.04299527
v 3.412312 2.476335 0
v 2.825 2.45625 0
v 2.836867 2.456665 -0.04583333
v 2.869676 2.457813 -0.08333334
v 2.919239 2.459546 -0.1125
v 2.981365 2.461718 -0.1333333
v 3.05187 2.464185 -0.1458333
v 3.126563 2.466797 -0.15
v 3.201255 2.469409 -0.1458333
v 3.27176 2.471875 -0.1333333
v 3.333887 2.474048 -0.1125
v 3.383449 2.475781 -0.08333334
v 3.416258 2.476929 -0.04583332
v 3.428125 2.477344 0
v 2.810533 2.454688 0
v 2.822801 2.455069 -0.04867139
v 2.856718 2.456122 -0.08849344
v 2.907956 2.457714 -0.1194661
v 2.972183 2.459709 -0.1415895
v 3.045071 2.461973 -0.1548635
v 3.122288 2.464372 -0.1592882
v 3.199504 2.46677 -0.1548635
v 3.272392 2.469034 -0.1415895
v 3.336619 2.47103 -0.1194661
v 3.387856 2.472621 -0.08849344
v 3.421774 2.473675 -0.04867138
v 3.434042 2.474056 0
v 2.792593 2.45 0
v 2.805127 2.450328 -0.05135031
v 2.83978 2.451234 -0.0933642
v 2.892129 2.452604 -0.1260417
v 2.95775 2.454321 -0.1493827
v 3.032219 2.45627 -0.1633874
v 3.111111 2.458333 -0.1680556
v 3.190003 2.460397 -0.1633874
v 3.264472 2.462346 -0.1493827
v 3.330093 2.464062 -0.1260417
v 3.382442 2.465432 -0.0933642
v 3.417095 2.466339 -0.0513503
v 3.42963 2.466667 0
v 2.771875 2.442187 0
v 2.784518 2.442447 -0.05371094
v 2.819474 2.443164 -0.09765625
v 2.872278 2.444247 -0.1318359
v 2.938469 2.445605 -0.15625
v 3.013586 2.447147 -0.1708985
v 3.093164 2.448779 -0.1757813
v 3.172743 2.450412 -0.1708984
v 3.247859 2.451953 -0.15625
v 3.31405 2.453311 -0.1318359
v 3.366855 2.454395 -0.09765625
v 3.40181 2.455112 -0.05371092
v 3.414453 2.455371 0
v 2.749074 2.43125 0
v 2.761647 2.43143 -0.05559414
v 2.796408 2.431925 -0.1010802
v 2.848918 2.432674 -0.1364583
v 2.914742 2.433613 -0.1617284
v 2.989441 2.434679 -0.1768905
v 3.068576 2.435807 -0.1819444
v 3.147712 2.436936 -0.1768904
v 3.222411 2.438001 -0.1617284
v 3.288234 2.438941 -0.1364583
v 3.340745 2.43969 -0.1010803
v 3.375506 2.440186 -0.05559412
v 3.388079 2.440365 0
v 2.724885 2.417187 0
v 2.737185 2.417279 -0.05684076
v 2.771194 2.417532 -0.1033468
v 2.82257 2.417915 -0.1395182
v 2.88697 2.418394 -0.1653549
v 2.960054 2.418939 -0.180857
v 3.037478 2.419515 -0.1860243
v 3.114903 2.420092 -0.180857
v 3.187987 2.420635 -0.1653549
v 3.252387 2.421115 -0.1395182
v 3.303762 2.421498 -0.1033468
v 3.337771 2.421751 -0.05684074
v 3.350072 2.421842 0
v 2.7 2.4 0
v 2.711806 2.4 -0.05729167
v 2.744445 2.4 -0.1041667
v 2.79375 2.4 -0.140625
v 2.855555 2.4 -0.1666667
v 2.925695 2.4 -0.1822917
v 3 2.4 -0.1875
v 3.074306 2.4 -0.1822917
v 3.144444 2.4 -0.1666667
v 3.20625 2.4 -0.140625
v 3.255556 2.4 -0.1041667
v 3.288195 2.4 -0.05729165
v 3.3 2.4 0
v 2.80787 2.4 0.034375
v 2.82963 2.4 0.0625
v 2.8625 2.4 0.084375
v 2.903703 2.4 0.1
v 2.950463 2.4 0.109375
v 3 2.4 0.1125
v 3.049537 2.4 0.109375
v 3.096296 2.4 0.1
v 3.1375 2.4 0.084375
v 3.170371 2.4 0.06250001
v 3.19213 2.4 0.03437499
v 2.829564 2.41735 0.03482591
v 2.853381 2.417798 0.06331984
v 2.889361 2.418474 0.08548179
v 2.934461 2.419322 0.1013117
v 2.985644 2.420286 0.1108097
v 3.039866 2.421306 0.1139757
v 3.094088 2.422326 0.1108097
v 3.14527 2.423288 0.1013117
v 3.190371 2.424136 0.08548179
v 3.22635 2.424814 0.06331985
v 3.250167 2.425261 0.0348259
v 2.843616 2.431532 0.03607253
v 2.869487 2.432311 0.06558642
v 2.908568 2.433488 0.08854166
v 2.957557 2.434963 0.1049383
v 3.013152 2.436638 0.1147762
v 3.072048 2.438412 0.1180556
v 3.130946 2.440185 0.1147762
v 3.18654 2.441859 0.1049383
v 3.235528 2.443335 0.08854166
v 3.27461 2.444512 0.06558643
v 3.30048 2.445291 0.03607252
v 2.850701 2.442551 0.03795573
v 2.878559 2.443555 0.06901041
v 2.920642 2.445071 0.09316406
v 2.973394 2.446972 0.1104167
v 3.033259 2.44913 0.1207682
v 3.09668 2.451416 0.1242188
v 3.1601 2.453702 0.1207682
v 3.219965 2.455859 0.1104167
v 3.272717 2.457761 0.09316406
v 3.3148 2.459277 0.06901043
v 3.342658 2.460281 0.03795572
v 2.851489 2.45041 0.04031636
v 2.881207 2.451543 0.07330246
v 2.926099 2.453255 0.09895833
v 2.982373 2.455401 0.1172839
v 3.046234 2.457837 0.1282793
v 3.113889 2.460417 0.1319444
v 3.181543 2.462996 0.1282793
v 3.245404 2.465432 0.1172839
v 3.301678 2.467578 0.09895833
v 3.34657 2.46929 0.07330247
v 3.376288 2.470423 0.04031634
v 2.846654 2.455114 0.04299528
v 2.878042 2.456291 0.07817324
v 2.925459 2.45807 0.1055339
v 2.984896 2.4603 0.1250772
v 3.052348 2.462831 0.1368032
v 3.123807 2.465512 0.1407118
v 3.195265 2.468192 0.1368032
v 3.262717 2.470723 0.1250772
v 3.322154 2.472953 0.1055339
v 3.369571 2.474731 0.07817324
v 3.400959 2.475909 0.04299527
v 2.836867 2.456665 0.04583333
v 2.869676 2.457813 0.08333334
v 2.919239 2.459546 0.1125
v 2.981365 2.461718 0.1333333
v 3.05187 2.464185 0.1458333
v 3.126563 2.466797 0.15
v 3.201255 2.469409 0.1458333
v 3.27176 2.471875 0.1333333
v 3.333887 2.474048 0.1125
v 3.383449 2.475781 0.08333334
v 3.416258 2.476929 0.04583332
v 2.822801 2.455069 0.04867139
v 2.856718 2.456122 0.08849344
v 2.907956 2.457714 0.1194661
v 2.972183 2.459709 0.1415895
v 3.045071 2.461973 0.1548635
v 3.122288 2.464372 0.1592882
v 3.199504 2.46677 0.1548635
v 3.272392 2.469034 0.1415895
v 3.336619 2.47103 0.1194661
v 3.387856 2.472621 0.08849344
v 3.421774 2.473675 0.04867138
v 2.805127 2.450328 0.05135031
v 2.83978 2.451234 0.0933642
v 2.892129 2.452604 0.1260417
v 2.95775 2.454321 0.1493827
v 3.032219 2.45627 0.1633874
v 3.111111 2.458333 0.1680556
v 3.190003 2.460397 0.1633874
v 3.264472 2.462346 0.1493827
v 3.330093 2.464062 0.1260417
v 3.382442 2.465432 0.0933642
v 3.417095 2.466339 0.0513503
v 2.784518 2.442447 0.05371094
v 2.819474 2.443164 0.09765625
v 2.872278 2.444247 0.1318359
v 2.938469 2.445605 0.15625
v 3.013586 2.447147 0.1708985
v 3.093164 2.448779 0.1757813
v 3.172743 2.450412 0.1708984
v 3.247859 2.451953 0.15625
v 3.31405 2.453311 0.1318359
v 3.366855 2.454395 0.09765625
v 3.40181 2.455112 0.05371092
v 2.761647 2.43143 0.05559414
v 2.796408 2.431925 0.1010802
v 2.848918 2.432674 0.1364583
v 2.914742 2.433613 0.1617284
v 2.989441 2.434679 0.1768905
v 3.068576 2.435807 0.1819444
v 3.147712 2.436936 0.1768904
v 3.222411 2.438001 0.1617284
v 3.288234 2.438941 0.1364583
v 3.340745 2.43969 0.1010803
v 3.375506 2.440186 0.05559412
v 2.737185 2.417279 0.05684076
v 2.771194 2.417532 0.1033468
v 2.82257 2.417915 0.1395182
v 2.88697 2.418394 0.1653549
v 2.960054 2.418939 0.180857
v 3.037478 2.419515 0.1860243
v 3.114903 2.420092 0.180857
v 3.187987 2.420635 0.1653549
v 3.252387 2.421115 0.1395182
v 3.303762 2.421498 0.1033468
v 3.337771 2.421751 0.05684074
v 2.711806 2.4 0.05729167
v 2.744445 2.4 0.1041667
v 2.79375 2.4 0.140625
v 2.855555 2.4 0.1666667
v 2.925695 2.4 0.1822917
v 3 2.4 0.1875
v 3.074306 2.4 0.1822917
v 3.144444 2.4 0.1666667
v 3.20625 2.4 0.140625
v 3.255556 2.4 0.1041667
v 3.288195 2.4 0.05729165
v 2.613484 2.317795 0
v 2.623179 2.31725 -0.05914039
v 2.649981 2.315744 -0.107528
v 2.69047 2.313468 -0.1451628
v 2.741223 2.310616 -0.1720448
v 2.79882 2.307379 -0.188174
v 2.859838 2.30395 -0.1935503
v 2.920856 2.300521 -0.188174
v 2.978453 2.297283 -0.1720448
v 3.029207 2.294431 -0.1451628
v 3.069695 2.292156 -0.107528
v 3.096498 2.290649 -0.05914038
v 3.106192 2.290104 0
v 2.549537 2.223611 0
v 2.557736 2.222204 -0.06425154
v 2.580401 2.218313 -0.116821
v 2.614641 2.212435 -0.1577083
v 2.657562 2.205067 -0.1869136
v 2.70627 2.196706 -0.2044367
v 2.75787 2.187847 -0.2102778
v 2.809471 2.178989 -0.2044367
v 2.858179 2.170627 -0.1869136
v 2.9011 2.16326 -0.1577083
v 2.935339 2.157382 -0.116821
v 2.958005 2.153491 -0.06425152
v 2.966203 2.152083 0
v 2.501562 2.121094 0
v 2.508757 2.118557 -0.07197265
v 2.528646 2.111545 -0.1308594
v 2.558691 2.100952 -0.1766602
v 2.596354 2.087673 -0.209375
v 2.639095 2.072605 -0.2290039
v 2.684375 2.056641 -0.2355469
v 2.729655 2.040677 -0.2290039
v 2.772396 2.025608 -0.209375
v 2.810058 2.012329 -0.1766602
v 2.840104 2.001736 -0.1308594
v 2.859994 1.994724 -0.07197264
v 2.867187 1.992188 0
v 2.462963 2.013889 0
v 2.469522 2.010008 -0.08165123
v 2.487654 1.999279 -0.1484568
v 2.515046 1.983073 -0.2004167
v 2.549382 1.962757 -0.2375308
v 2.588349 1.939702 -0.2597994
v 2.629629 1.915277 -0.2672222
v 2.67091 1.890853 -0.2597994
v 2.709877 1.867798 -0.2375308
v 2.744213 1.847482 -0.2004167
v 2.771605 1.831275 -0.1484568
v 2.789738 1.820547 -0.08165121
v 2.796296 1.816666 0
v 2.427141 1.905643 0
v 2.433311 1.900254 -0.0926348
v 2.450367 1.885356 -0.1684269
v 2.476133 1.86285 -0.2273763
v 2.50843 1.834639 -0.269483
v 2.545083 1.802624 -0.2947471
v 2.583912 1.768707 -0.3031684
v 2.622742 1.73479 -0.2947471
v 2.659395 1.702775 -0.269483
v 2.691692 1.674563 -0.2273763
v 2.717458 1.652058 -0.1684269
v 2.734514 1.63716 -0.09263477
v 2.740683 1.631771 0
v 2.3875 1.8 0
v 2.393403 1.792991 -0.1042708
v 2.409722 1.773611 -0.1895834
v 2.434375 1.744336 -0.2559375
v 2.465277 1.707639 -0.3033333
v 2.500348 1.665994 -0.3317709
v 2.5375 1.621875 -0.34125
v 2.574653 1.577756 -0.3317708
v 2.609722 1.536111 -0.3033333
v 2.640625 1.499414 -0.2559375
v 2.665278 1.470139 -0.1895834
v 2.681597 1.45076 -0.1042708
v 2.6875 1.44375 0
v 2.337442 1.700608 0
v 2.343078 1.691916 -0.1159069
v 2.358661 1.667885 -0.2107398
v 2.382201 1.631584 -0.2844987
v 2.411709 1.586079 -0.3371836
v 2.445196 1.534439 -0.3687946
v 2.480671 1.479731 -0.3793316
v 2.516147 1.425023 -0.3687946
v 2.549634 1.373383 -0.3371836
v 2.579141 1.327878 -0.2844987
v 2.602681 1.291577 -0.2107398
v 2.618264 1.267546 -0.1159068
v 2.623901 1.258854 0
v 2.27037 1.611111 0
v 2.275617 1.600727 -0.1268904
v 2.290123 1.572016 -0.2307099
v 2.312037 1.528646 -0.3114583
v 2.339506 1.47428 -0.3691358
v 2.370679 1.412584 -0.4037423
v 2.403704 1.347222 -0.4152778
v 2.436728 1.281861 -0.4037423
v 2.467901 1.220165 -0.3691358
v 2.49537 1.165799 -0.3114583
v 2.517284 1.122428 -0.2307099
v 2.53179 1.093718 -0.1268904
v 2.537037 1.083333 0
v 2.179688 1.535156 0
v 2.184299 1.52312 -0.136569
v 2.197048 1.489844 -0.2483073
v 2.216309 1.439575 -0.3352149
v 2.240451 1.376562 -0.3972916
v 2.267849 1.305054 -0.4345378
v 2.296875 1.229297 -0.4469531
v 2.325901 1.15354 -0.4345378
v 2.353299 1.082031 -0.3972916
v 2.377441 1.019019 -0.3352149
v 2.396701 0.9687501 -0.2483073
v 2.409451 0.9354737 -0.136569
v 2.414063 0.9234375 0
v 2.058796 1.476389 0
v 2.062404 1.462793 -0.1442901
v 2.072376 1.425206 -0.2623457
v 2.087442 1.368424 -0.3541667
v 2.106327 1.297248 -0.4197531
v 2.127759 1.216475 -0.459105
v 2.150463 1.130903 -0.4722222
v 2.173167 1.045331 -0.459105
v 2.194599 0.9645576 -0.4197531
v 2.213484 0.8933811 -0.3541667
v 2.228549 0.8365999 -0.2623457
v 2.238522 0.7990122 -0.1442901
v 2.24213 0.7854168 0
v 1.9011 1.438455 0
v 1.903211 1.423444 -0.1494013
v 1.909047 1.381941 -0.2716387
v 1.917864 1.319246 -0.3667122
v 1.928916 1.240657 -0.4346219
v 1.941458 1.151472 -0.4753678
v 1.954745 1.056988 -0.4889497
v 1.968033 0.9625041 -0.4753677
v 1.980575 0.8733185 -0.4346219
v 1.991627 0.7947292 -0.3667122
v 2.000443 0.7320346 -0.2716387
v 2.00628 0.6905322 -0.1494013
v 2.008391 0.6755208 0
v 1.7 1.425 0
v 1.7 1.408767 -0.15125
v 1.7 1.363889 -0.275
v 1.7 1.296094 -0.37125
v 1.7 1.211111 -0.44
v 1.7 1.11467 -0.48125
v 1.7 1.0125 -0.495
v 1.7 0.9103299 -0.48125
v 1.7 0.8138888 -0.44
v 1.7 0.7289062 -0.37125
v 1.7 0.6611112 -0.275
v 1.7 0.6162326 -0.15125
v 1.7 0.6 0
v 2.623179 2.31725 0.05914039
v 2.649981 2.315744 0.107528
v 2.69047 2.313468 0.1451628
v 2.741223 2.310616 0.1720448
v 2.79882 2.307379 0.188174
v 2.859838 2.30395 0.1935503
v 2.920856 2.300521 0.188174
v 2.978453 2.297283 0.1720448
v 3.029207 2.294431 0.1451628
v 3.069695 2.292156 0.107528
v 3.096498 2.290649 0.05914038
v 2.557736 2.222204 0.06425154
v 2.580401 2.218313 0.116821
v 2.614641 2.212435 0.1577083
v 2.657562 2.205067 0.1869136
v 2.70627 2.196706 0.2044367
v 2.75787 2.187847 0.2102778
v 2.809471 2.178989 0.2044367
v 2.858179 2.170627 0.1869136
v 2.9011 2.16326 0.1577083
v 2.935339 2.157382 0.116821
v 2.958005 2.153491 0.06425152
v 2.508757 2.118557 0.07197265
v 2.528646 2.111545 0.1308594
v 2.558691 2.100952 0.1766602
v 2.596354 2.087673 0.209375
v 2.639095 2.072605 0.2290039
v 2.684375 2.056641 0.2355469
v 2.729655 2.040677 0.2290039
v 2.772396 2.025608 0.209375
v 2.810058 2.012329 0.1766602
v 2.840104 2.001736 0.1308594
v 2.859994 1.994724 0.07197264
v 2.469522 2.010008 0.08165123
v 2.487654 1.999279 0.1484568
v 2.515046 1.983073 0.2004167
v 2.549382 1.962757 0.2375308
v 2.588349 1.939702 0.2597994
v 2.629629 1.915277 0.2672222
v 2.67091 1.890853 0.2597994
v 2.709877 1.867798 0.2375308
v 2.744213 1.847482 0.2004167
v 2.771605 1.831275 0.1484568
v 2.789738 1.820547 0.08165121
v 2.433311 1.900254 0.0926348
v 2.450367 1.885356 0.1684269
v 2.476133 1.86285 0.2273763
v 2.50843 1.834639 0.269483
v 2.545083 1.802624 0.2947471
v 2.583912 1.768707 0.3031684
v 2.622742 1.73479 0.2947471
v 2.659395 1.702775 0.269483
v 2.691692 1.674563 0.2273763
v 2.717458 1.652058 0.1684269
v 2.734514 1.63716 0.09263477
v 2.393403 1.792991 0.1042708
v 2.409722 1.773611 0.1895834
v 2.434375 1.744336 0.2559375
v 2.465277 1.707639 0.3033333
v 2.500348 1.665994 0.3317709
v 2.5375 1.621875 0.34125
v 2.574653 1.577756 0.3317708
v 2.609722 1.536111 0.3033333
v 2.640625 1.499414 0.2559375
v 2.665278 1.470139 0.1895834
v 2.681597 1.45076 0.1042708
v 2.343078 1.691916 0.1159069
v 2.358661 1.667885 0.2107398
v 2.382201 1.631584 0.2844987
v 2.411709 1.586079 0.3371836
v 2.445196 1.534439 0.3687946
v 2.480671 1.479731 0.3793316
v 2.516147 1.425023 0.3687946
v 2.549634 1.373383 0.3371836
v 2.579141 1.327878 0.2844987
v 2.602681 1.291577 0.2107398
v 2.618264 1.267546 0.1159068
v 2.275617 1.600727 0.1268904
v 2.290123 1.572016 0.2307099
v 2.312037 1.528646 0.3114583
v 2.339506 1.47428 0.3691358
v 2.370679 1.412584 0.4037423
v 2.403704 1.347222 0.4152778
v 2.436728 1.281861 0.4037423
v 2.467901 1.220165 0.3691358
v 2.49537 1.165799 0.3114583
v 2.517284 1.122428 0.2307099
v 2.53179 1.093718 0.1268904
v 2.184299 1.52312 0.136569
v 2.197048 1.489844 0.2483073
v 2.216309 1.439575 0.3352149
v 2.240451 1.376562 0.3972916
v 2.267849 1.305054 0.4345378
v 2.296875 1.229297 0.4469531
v 2.325901 1.15354 0.4345378
v 2.353299 1.082031 0.3972916
v 2.377441 1.019019 0.3352149
v 2.396701 0.9687501 0.2483073
v 2.409451 0.9354737 0.136569
v 2.062404 1.462793 0.1442901
v 2.072376 1.425206 0.2623457
v 2.087442 1.368424 0.3541667
v 2.106327 1.297248 0.4197531
v 2.127759 1.216475 0.459105
v 2.150463 1.130903 0.4722222
v 2.173167 1.045331 0.459105
v 2.194599 0.9645576 0.4197531
v 2.213484 0.8933811 0.3541667
v 2.228549 0.8365999 0.2623457
v 2.238522 0.7990122 0.1442901
v 1.903211 1.423444 0.1494013
v 1.909047 1.381941 0.2716387
v 1.917864 1.319246 0.3667122
v 1.928916 1.240657 0.4346219
v 1.941458 1.151472 0.4753678
v 1.954745 1.056988 0.4889497
v 1.968033 0.9625041 0.4753677
v 1.980575 0.8733185 0.4346219
v 1.991627 0.7947292 0.3667122
v 2.000443 0.7320346 0.2716387
v 2.00628 0.6905322 0.1494013
v 1.7 1.408767 0.15125
v 1.7 1.363889 0.275
v 1.7 1.296094 0.37125
v 1.7 1.211111 0.44
v 1.7 1.11467 0.48125
v 1.7 1.0125 0.495
v 1.7 0.9103299 0.48125
v 1.7 0.8138888 0.44
v 1.7 0.7289062 0.37125
v 1.7 0.6611112 0.275
v 1.7 0.6162326 0.15125
v 0 3.15 0
v -0.1681713 3.14401 0
v -0.1666689 3.14401 -0.02318067
v -0.1622833 3.14401 -0.04530299
v -0.1551971 3.14401 -0.06618448
v -0.1455927 3.14401 -0.08564267
v -0.1336526 3.144011 -0.1034951
v -0.1195592 3.14401 -0.1195592
v -0.1034951 3.14401 -0.1336526
v -0.08564265 3.14401 -0.1455927
v -0.06618448 3.14401 -0.1551971
v -0.045303 3.14401 -0.1622833
v -0.02318067 3.14401 -0.1666689
v 0 3.14401 -0.1681713
v -0.2787037 3.127083 0
v -0.2762138 3.127083 -0.03841604
v -0.2689457 3.127083 -0.07507823
v -0.2572018 3.127083 -0.1096842
v -0.2412846 3.127083 -0.1419314
v -0.2214966 3.127083 -0.1715175
v -0.1981401 3.127083 -0.1981401
v -0.1715175 3.127083 -0.2214966
v -0.1419314 3.127083 -0.2412846
v -0.1096842 3.127083 -0.2572018
v -0.07507825 3.127083 -0.2689457
v -0.03841602 3.127083 -0.2762138
v 0 3.127083 -0.2787037
v -0.340625 3.100781 0
v -0.3375818 3.100781 -0.04695011
v -0.3286986 3.100781 -0.09175709
v -0.3143452 3.100781 -0.1340513
v -0.2948911 3.100781 -0.173463
v -0.2707063 3.100782 -0.2096225
v -0.2421602 3.100781 -0.2421602
v -0.2096225 3.100781 -0.2707063
v -0.1734629 3.100781 -0.2948912
v -0.1340513 3.100781 -0.3143452
v -0.0917571 3.100781 -0.3286986
v -0.04695009 3.100781 -0.3375818
v 0 3.100781 -0.340625
v -0.3629629 3.066666 0
v -0.35972 3.066666 -0.05002692
v -0.3502538 3.066666 -0.09777091
v -0.3349583 3.066666 -0.1428379
v -0.3142276 3.066666 -0.184834
v -0.2884559 3.066667 -0.223365
v -0.258037 3.066666 -0.258037
v -0.223365 3.066666 -0.2884559
v -0.184834 3.066666 -0.3142277
v -0.1428379 3.066666 -0.3349583
v -0.09777094 3.066666 -0.3502538
v -0.05002691 3.066666 -0.3597199
v 0 3.066666 -0.3629629
v -0.3547454 3.026302 0
v -0.3515756 3.026302 -0.04889051
v -0.3423227 3.026302 -0.09555108
v -0.3273723 3.026302 -0.1395965
v -0.3071095 3.026302 -0.1806413
v -0.2819198 3.026303 -0.2183003
v -0.2521883 3.026302 -0.2521883
v -0.2183003 3.026302 -0.2819198
v -0.1806413 3.026302 -0.3071095
v -0.1395965 3.026302 -0.3273723
v -0.0955511 3.026302 -0.3423227
v -0.0488905 3.026302 -0.3515755
v 0 3.026302 -0.3547454
v -0.325 2.98125 0
v -0.3220954 2.98125 -0.04478487
v -0.3136169 2.98125 -0.08752894
v -0.299918 2.98125 -0.1278789
v -0.2813518 2.98125 -0.1654815
v -0.2582719 2.98125 -0.1999833
v -0.2310313 2.98125 -0.2310313
v -0.1999833 2.98125 -0.2582719
v -0.1654815 2.98125 -0.2813519
v -0.1278789 2.98125 -0.299918
v -0.08752895 2.98125 -0.3136169
v -0.04478486 2.98125 -0.3220954
v 0 2.98125 -0.325
v -0.2827546 2.933073 0
v -0.2802267 2.933073 -0.03895405
v -0.2728481 2.933073 -0.07613584
v -0.2609266 2.933073 -0.1112375
v -0.2447701 2.933073 -0.1439513
v -0.2246866 2.933073 -0.1739693
v -0.2009837 2.933073 -0.2009837
v -0.1739693 2.933073 -0.2246866
v -0.1439513 2.933073 -0.2447702
v -0.1112375 2.933073 -0.2609266
v -0.07613585 2.933073 -0.2728481
v -0.03895404 2.933073 -0.2802267
v 0 2.933073 -0.2827546
v -0.237037 2.883333 0
v -0.2349166 2.883333 -0.03264207
v -0.2287277 2.883333 -0.06380315
v -0.2187292 2.883333 -0.09322453
v -0.2051797 2.883333 -0.1206475
v -0.188338 2.883333 -0.1458132
v -0.168463 2.883333 -0.168463
v -0.1458132 2.883333 -0.188338
v -0.1206474 2.883333 -0.2051797
v -0.09322453 2.883333 -0.2187292
v -0.06380317 2.883333 -0.2287277
v -0.03264206 2.883333 -0.2349166
v 0 2.883333 -0.237037
v -0.196875 2.833594 0
v -0.1951122 2.833594 -0.02709294
v -0.1899675 2.833594 -0.05296224
v -0.1816567 2.833594 -0.07739209
v -0.1703958 2.833594 -0.1001667
v -0.1564006 2.833594 -0.1210701
v -0.1398867 2.833594 -0.1398867
v -0.1210701 2.833594 -0.1564006
v -0.1001666 2.833594 -0.1703958
v -0.07739209 2.833594 -0.1816567
v -0.05296225 2.833594 -0.1899675
v -0.02709293 2.833594 -0.1951121
v 0 2.833594 -0.196875
v -0.1712963 2.785417 0
v -0.1697605 2.785417 -0.0235507
v -0.1652789 2.785416 -0.04604445
v -0.1580404 2.785417 -0.06729239
v -0.1482339 2.785417 -0.08710562
v -0.1360483 2.785417 -0.1052953
v -0.1216725 2.785417 -0.1216725
v -0.1052953 2.785417 -0.1360483
v -0.08710561 2.785417 -0.1482339
v -0.06729239 2.785417 -0.1580404
v -0.04604446 2.785417 -0.1652789
v -0.02355069 2.785417 -0.1697605
v 0 2.785417 -0.1712963
v -0.1693287 2.740365 0
v -0.1678086 2.740365 -0.02325936
v -0.1633735 2.740364 -0.04548115
v -0.1562111 2.740365 -0.06647764
v -0.1465091 2.740365 -0.08606105
v -0.1344555 2.740365 -0.1040436
v -0.1202377 2.740365 -0.1202377
v -0.1040436 2.740365 -0.1344555
v -0.08606103 2.740365 -0.1465092
v -0.06647764 2.740365 -0.1562111
v -0.04548116 2.740365 -0.1633735
v -0.02325936 2.740365 -0.1678086
v 0 2.740365 -0.1693287
v -0.2 2.7 0
v -0.1982037 2.7 -0.02746296
v -0.192963 2.7 -0.0537037
v -0.1845 2.7 -0.0785
v -0.173037 2.7 -0.1016296
v -0.1587963 2.7 -0.1228704
v -0.142 2.7 -0.142
v -0.1228704 2.7 -0.1587963
v -0.1016296 2.7 -0.173037
v -0.0785 2.7 -0.1845
v -0.05370371 2.7 -0.192963
v -0.02746296 2.7 -0.1982037
v 0 2.7 -0.2
v 0.02318067 3.14401 -0.1666689
v 0.04530299 3.14401 -0.1622833
v 0.06618448 3.14401 -0.1551971
v 0.08564267 3.14401 -0.1455927
v 0.1034951 3.144011 -0.1336526
v 0.1195592 3.14401 -0.1195592
v 0.1336526 3.14401 -0.1034951
v 0.1455927 3.14401 -0.08564265
v 0.1551971 3.14401 -0.06618448
v 0.1622833 3.14401 -0.045303
v 0.1666689 3.14401 -0.02318067
v 0.1681713 3.14401 0
v 0.03841604 3.127083 -0.2762138
v 0.07507823 3.127083 -0.2689457
v 0.1096842 3.127083 -0.2572018
v 0.1419314 3.127083 -0.2412846
v 0.1715175 3.127083 -0.2214966
v 0.1981401 3.127083 -0.1981401
v 0.2214966 3.127083 -0.1715175
v 0.2412846 3.127083 -0.1419314
v 0.2572018 3.127083 -0.1096842
v 0.2689457 3.127083 -0.07507825
v 0.2762138 3.127083 -0.03841602
v 0.2787037 3.127083 0
v 0.04695011 3.100781 -0.3375818
v 0.09175709 3.100781 -0.3286986
v 0.1340513 3.100781 -0.3143452
v 0.173463 3.100781 -0.2948911
v 0.2096225 3.100782 -0.2707063
v 0.2421602 3.100781 -0.2421602
v 0.2707063 3.100781 -0.2096225
v 0.2948912 3.100781 -0.1734629
v 0.3143452 3.100781 -0.1340513
v 0.3286986 3.100781 -0.0917571
v 0.3375818 3.100781 -0.04695009
v 0.340625 3.100781 0
v 0.05002692 3.066666 -0.35972
v 0.09777091 3.066666 -0.3502538
v 0.1428379 3.066666 -0.3349583
v 0.184834 3.066666 -0.3142276
v 0.223365 3.066667 -0.2884559
v 0.258037 3.066666 -0.258037
v 0.2884559 3.066666 -0.223365
v 0.3142277 3.066666 -0.184834
v 0.3349583 3.066666 -0.1428379
v 0.3502538 3.066666 -0.09777094
v 0.3597199 3.066666 -0.05002691
v 0.3629629 3.066666 0
v 0.04889051 3.026302 -0.3515756
v 0.09555108 3.026302 -0.3423227
v 0.1395965 3.026302 -0.3273723
v 0.1806413 3.026302 -0.3071095
v 0.2183003 3.026303 -0.2819198
v 0.2521883 3.026302 -0.2521883
v 0.2819198 3.026302 -0.2183003
v 0.3071095 3.026302 -0.1806413
v 0.3273723 3.026302 -0.1395965
v 0.3423227 3.026302 -0.0955511
v 0.3515755 3.026302 -0.0488905
v 0.3547454 3.026302 0
v 0.04478487 2.98125 -0.3220954
v 0.08752894 2.98125 -0.3136169
v 0.1278789 2.98125 -0.299918
v 0.1654815 2.98125 -0.2813518
v 0.1999833 2.98125 -0.2582719
v 0.2310313 2.98125 -0.2310313
v 0.2582719 2.98125 -0.1999833
v 0.2813519 2.98125 -0.1654815
v 0.299918 2.98125 -0.1278789
v 0.3136169 2.98125 -0.08752895
v 0.3220954 2.98125 -0.04478486
v 0.325 2.98125 0
v 0.03895405 2.933073 -0.2802267
v 0.07613584 2.933073 -0.2728481
v 0.1112375 2.933073 -0.2609266
v 0.1439513 2.933073 -0.2447701
v 0.1739693 2.933073 -0.2246866
v 0.2009837 2.933073 -0.2009837
v 0.2246866 2.933073 -0.1739693
v 0.2447702 2.933073 -0.1439513
v 0.2609266 2.933073 -0.1112375
v 0.2728481 2.933073 -0.07613585
v 0.2802267 2.933073 -0.03895404
v 0.2827546 2.933073 0
v 0.03264207 2.883333 -0.2349166
v 0.06380315 2.883333 -0.2287277
v 0.09322453 2.883333 -0.2187292
v 0.1206475 2.883333 -0.2051797
v 0.1458132 2.883333 -0.188338
v 0.168463 2.883333 -0.168463
v 0.188338 2.883333 -0.1458132
v 0.2051797 2.883333 -0.1206474
v 0.2187292 2.883333 -0.09322453
v 0.2287277 2.883333 -0.06380317
v 0.2349166 2.883333 -0.03264206
v 0.237037 2.883333 0
v 0.02709294 2.833594 -0.1951122
v 0.05296224 2.833594 -0.1899675
v 0.07739209 2.833594 -0.1816567
v 0.1001667 2.833594 -0.1703958
v 0.1210701 2.833594 -0.1564006
v 0.1398867 2.833594 -0.1398867
v 0.1564006 2.833594 -0.1210701
v 0.1703958 2.833594 -0.1001666
v 0.1816567 2.833594 -0.07739209
v 0.1899675 2.833594 -0.05296225
v 0.1951121 2.833594 -0.02709293
v 0.196875 2.833594 0
v 0.0235507 2.785417 -0.1697605
v 0.04604445 2.785416 -0.1652789
v 0.06729239 2.785417 -0.1580404
v 0.08710562 2.785417 -0.1482339
v 0.1052953 2.785417 -0.1360483
v 0.1216725 2.785417 -0.1216725
v 0.1360483 2.785417 -0.1052953
v 0.1482339 2.785417 -0.08710561
v 0.1580404 2.785417 -0.06729239
v 0.1652789 2.785417 -0.04604446
v 0.1697605 2.785417 -0.02355069
v 0.1712963 2.785417 0
v 0.02325936 2.740365 -0.1678086
v 0.04548115 2.740364 -0.1633735
v 0.06647764 2.740365 -0.1562111
v 0.08606105 2.740365 -0.1465091
v 0.1040436 2.740365 -0.1344555
v 0.1202377 2.740365 -0.1202377
v 0.1344555 2.740365 -0.1040436
v 0.1465092 2.740365 -0.08606103
v 0.1562111 2.740365 -0.06647764
v 0.1633735 2.740365 -0.04548116
v 0.1678086 2.740365 -0.02325936
v 0.1693287 2.740365 0
v 0.02746296 2.7 -0.1982037
v 0.0537037 2.7 -0.192963
v 0.0785 2.7 -0.1845
v 0.1016296 2.7 -0.173037
v 0.1228704 2.7 -0.1587963
v 0.142 2.7 -0.142
v 0.1587963 2.7 -0.1228704
v 0.173037 2.7 -0.1016296
v 0.1845 2.7 -0.0785
v 0.192963 2.7 -0.05370371
v 0.1982037 2.7 -0.02746296
v 0.2 2.7 0
v 0 3.14401 0.1681713
v 0.02318067 3.14401 0.1666689
v 0.04530299 3.14401 0.1622833
v 0.06618448 3.14401 0.1551971
v 0.08564267 3.14401 0.1455927
v 0.1034951 3.144011 0.1336526
v 0.1195592 3.14401 0.1195592
v 0.1336526 3.14401 0.1034951
v 0.1455927 3.14401 0.08564265
v 0.1551971 3.14401 0.06618448
v 0.1622833 3.14401 0.045303
v 0.1666689 3.14401 0.02318067
v 0 3.127083 0.2787037
v 0.03841604 3.127083 0.2762138
v 0.07507823 3.127083 0.2689457
v 0.1096842 3.127083 0.2572018
v 0.1419314 3.127083 0.2412846
v 0.1715175 3.127083 0.2214966
v 0.1981401 3.127083 0.1981401
v 0.2214966 3.127083 0.1715175
v 0.2412846 3.127083 0.1419314
v 0.2572018 3.127083 0.1096842
v 0.2689457 3.127083 0.07507825
v 0.2762138 3.127083 0.03841602
v 0 3.100781 0.340625
v 0.04695011 3.100781 0.3375818
v 0.09175709 3.100781 0.3286986
v 0.1340513 3.100781 0.3143452
v 0.173463 3.100781 0.2948911
v 0.2096225 3.100782 0.2707063
v 0.2421602 3.100781 0.2421602
v 0.2707063 3.100781 0.2096225
v 0.2948912 3.100781 0.1734629
v 0.3143452 3.100781 0.1340513
v 0.3286986 3.100781 0.0917571
v 0.3375818 3.100781 0.04695009
v 0 3.066666 0.3629629
v 0.05002692 3.066666 0.35972
v 0.09777091 3.066666 0.3502538
v 0.1428379 3.066666 0.3349583
v 0.184834 3.066666 0.3142276
v 0.223365 3.066667 0.2884559
v 0.258037 3.066666 0.258037
v 0.2884559 3.066666 0.223365
v 0.3142277 3.066666 0.184834
v 0.3349583 3.066666 0.1428379
v 0.3502538 3.066666 0.09777094
v 0.3597199 3.066666 0.05002691
v 0 3.026302 0.3547454
v 0.04889051 3.026302 0.3515756
v 0.09555108 3.026302 0.3423227
v 0.1395965 3.026302 0.3273723
v 0.1806413 3.026302 0.3071095
v 0.2183003 3.026303 0.2819198
v 0.2521883 3.026302 0.2521883
v 0.2819198 3.026302 0.2183003
v 0.3071095 3.026302 0.1806413
v 0.3273723 3.026302 0.1395965
v 0.3423227 3.026302 0.0955511
v 0.3515755 3.026302 0.0488905
v 0 2.98125 0.325
v 0.04478487 2.98125 0.3220954
v 0.08752894 2.98125 0.3136169
v 0.1278789 2.98125 0.299918
v 0.1654815 2.98125 0.2813518
v 0.1999833 2.98125 0.2582719
v 0.2310313 2.98125 0.2310313
v 0.2582719 2.98125 0.1999833
v 0.2813519 2.98125 0.1654815
v 0.299918 2.98125 0.1278789
v 0.3136169 2.98125 0.08752895
v 0.3220954 2.98125 0.04478486
v 0 2.933073 0.2827546
v 0.03895405 2.933073 0.2802267
v 0.07613584 2.933073 0.2728481
v 0.1112375 2.933073 0.2609266
v 0.1439513 2.933073 0.2447701
v 0.1739693 2.933073 0.2246866
v 0.2009837 2.933073 0.2009837
v 0.2246866 2.933073 0.1739693
v 0.2447702 2.933073 0.1439513
v 0.2609266 2.933073 0.1112375
v 0.2728481 2.933073 0.07613585
v 0.2802267 2.933073 0.03895404
v 0 2.883333 0.237037
v 0.03264207 2.883333 0.2349166
v 0.06380315 2.883333 0.2287277
v 0.09322453 2.883333 0.2187292
v 0.1206475 2.883333 0.2051797
v 0.1458132 2.883333 0.188338
v 0.168463 2.883333 0.168463
v 0.188338 2.883333 0.1458132
v 0.2051797 2.883333 0.1206474
v 0.2187292 2.883333 0.09322453
v 0.2287277 2.883333 0.06380317
v 0.2349166 2.883333 0.03264206
v 0 2.833594 0.196875
v 0.02709294 2.833594 0.1951122
v 0.05296224 2.833594 0.1899675
v 0.07739209 2.833594 0.1816567
v 0.1001667 2.833594 0.1703958
v 0.1210701 2.833594 0.1564006
v 0.1398867 2.833594 0.1398867
v 0.1564006 2.833594 0.1210701
v 0.1703958 2.833594 0.1001666
v 0.1816567 2.833594 0.07739209
v 0.1899675 2.833594 0.05296225
v 0.1951121 2.833594 0.02709293
v 0 2.785417 0.1712963
v 0.0235507 2.785417 0.1697605
v 0.04604445 2.785416 0.1652789
v 0.06729239 2.785417 0.1580404
v 0.08710562 2.785417 0.1482339
v 0.1052953 2.785417 0.1360483
v 0.1216725 2.785417 0.1216725
v 0.1360483 2.785417 0.1052953
v 0.1482339 2.785417 0.08710561
v 0.1580404 2.785417 0.06729239
v 0.1652789 2.785417 0.04604446
v 0.1697605 2.785417 0.02355069
v 0 2.740365 0.1693287
v 0.02325936 2.740365 0.1678086
v 0.04548115 2.740364 0.1633735
v 0.06647764 2.740365 0.1562111
v 0.08606105 2.740365 0.1465091
v 0.1040436 2.740365 0.1344555
v 0.1202377 2.740365 0.1202377
v 0.1344555 2.740365 0.1040436
v 0.1465092 2.740365 0.08606103
v 0.1562111 2.740365 0.06647764
v 0.1633735 2.740365 0.04548116
v 0.1678086 2.740365 0.02325936
v 0 2.7 0.2
v 0.02746296 2.7 0.1982037
v 0.0537037 2.7 0.192963
v 0.0785 2.7 0.1845
v 0.1016296 2.7 0.173037
v 0.1228704 2.7 0.1587963
v 0.142 2.7 0.142
v 0.1587963 2.7 0.1228704
v 0.173037 2.7 0.1016296
v 0.1845 2.7 0.0785
v 0.192963 2.7 0.05370371
v 0.1982037 2.7 0.02746296
v -0.1666689 3.14401 0.02318067
v -0.1622833 3.14401 0.04530299
v -0.1551971 3.14401 0.06618448
v -0.1455927 3.14401 0.08564267
v -0.1336526 3.144011 0.1034951
v -0.1195592 3.14401 0.1195592
v -0.1034951 3.14401 0.1336526
v -0.08564265 3.14401 0.1455927
v -0.06618448 3.14401 0.1551971
v -0.045303 3.14401 0.1622833
v -0.02318067 3.14401 0.1666689
v -0.2762138 3.127083 0.03841604
v -0.2689457 3.127083 0.07507823
v -0.2572018 3.127083 0.1096842
v -0.2412846 3.127083 0.1419314
v -0.2214966 3.127083 0.1715175
v -0.1981401 3.127083 0.1981401
v -0.1715175 3.127083 0.2214966
v -0.1419314 3.127083 0.2412846
v -0.1096842 3.127083 0.2572018
v -0.07507825 3.127083 0.2689457
v -0.03841602 3.127083 0.2762138
v -0.3375818 3.100781 0.04695011
v -0.3286986 3.100781 0.09175709
v -0.3143452 3.100781 0.1340513
v -0.2948911 3.100781 0.173463
v -0.2707063 3.100782 0.2096225
v -0.2421602 3.100781 0.2421602
v -0.2096225 3.100781 0.2707063
v -0.1734629 3.100781 0.2948912
v -0.1340513 3.100781 0.3143452
v -0.0917571 3.100781 0.3286986
v -0.04695009 3.100781 0.3375818
v -0.35972 3.066666 0.05002692
v -0.3502538 3.066666 0.09777091
v -0.3349583 3.066666 0.1428379
v -0.3142276 3.066666 0.184834
v -0.2884559 3.066667 0.223365
v -0.258037 3.066666 0.258037
v -0.223365 3.066666 0.2884559
v -0.184834 3.066666 0.3142277
v -0.1428379 3.066666 0.3349583
v -0.09777094 3.066666 0.3502538
v -0.05002691 3.066666 0.3597199
v -0.3515756 3.026302 0.04889051
v -0.3423227 3.026302 0.09555108
v -0.3273723 3.026302 0.1395965
v -0.3071095 3.026302 0.1806413
v -0.2819198 3.026303 0.2183003
v -0.2521883 3.026302 0.2521883
v -0.2183003 3.026302 0.2819198
v -0.1806413 3.026302 0.3071095
v -0.1395965 3.026302 0.3273723
v -0.0955511 3.026302 0.3423227
v -0.0488905 3.026302 0.3515755
v -0.3220954 2.98125 0.04478487
v -0.3136169 2.98125 0.08752894
v -0.299918 2.98125 0.1278789
v -0.2813518 2.98125 0.1654815
v -0.2582719 2.98125 0.1999833
v -0.2310313 2.98125 0.2310313
v -0.1999833 2.98125 0.2582719
v -0.1654815 2.98125 0.2813519
v -0.1278789 2.98125 0.299918
v -0.08752895 2.98125 0.3136169
v -0.04478486 2.98125 0.3220954
v -0.2802267 2.933073 0.03895405
v -0.2728481 2.933073 0.07613584
v -0.2609266 2.933073 0.1112375
v -0.2447701 2.933073 0.1439513
v -0.2246866 2.933073 0.1739693
v -0.2009837 2.933073 0.2009837
v -0.1739693 2.933073 0.2246866
v -0.1439513 2.933073 0.2447702
v -0.1112375 2.933073 0.2609266
v -0.07613585 2.933073 0.2728481
v -0.03895404 2.933073 0.2802267
v -0.2349166 2.883333 0.03264207
v -0.2287277 2.883333 0.06380315
v -0.2187292 2.883333 0.09322453
v -0.2051797 2.883333 0.1206475
v -0.188338 2.883333 0.1458132
v -0.168463 2.883333 0.168463
v -0.1458132 2.883333 0.188338
v -0.1206474 2.883333 0.2051797
v -0.09322453 2.883333 0.2187292
v -0.06380317 2.883333 0.2287277
v -0.03264206 2.883333 0.2349166
v -0.1951122 2.833594 0.02709294
v -0.1899675 2.833594 0.05296224
v -0.1816567 2.833594 0.07739209
v -0.1703958 2.833594 0.1001667
v -0.1564006 2.833594 0.1210701
v -0.1398867 2.833594 0.1398867
v -0.1210701 2.833594 0.1564006
v -0.1001666 2.833594 0.1703958
v -0.07739209 2.833594 0.1816567
v -0.05296225 2.833594 0.1899675
v -0.02709293 2.833594 0.1951121
v -0.1697605 2.785417 0.0235507
v -0.1652789 2.785416 0.04604445
v -0.1580404 2.785417 0.06729239
v -0.1482339 2.785417 0.08710562
v -0.1360483 2.785417 0.1052953
v -0.1216725 2.785417 0.1216725
v -0.1052953 2.785417 0.1360483
v -0.08710561 2.785417 0.1482339
v -0.06729239 2.785417 0.1580404
v -0.04604446 2.785417 0.1652789
v -0.02355069 2.785417 0.1697605
v -0.1678086 2.740365 0.02325936
v -0.1633735 2.740364 0.04548115
v -0.1562111 2.740365 0.06647764
v -0.1465091 2.740365 0.08606105
v -0.1344555 2.740365 0.1040436
v -0.1202377 2.740365 0.1202377
v -0.1040436 2.740365 0.1344555
v -0.08606103 2.740365 0.1465092
v -0.06647764 2.740365 0.1562111
v -0.04548116 2.740365 0.1633735
v -0.02325936 2.740365 0.1678086
v -0.1982037 2.7 0.02746296
v -0.192963 2.7 0.0537037
v -0.1845 2.7 0.0785
v -0.173037 2.7 0.1016296
v -0.1587963 2.7 0.1228704
v -0.142 2.7 0.142
v -0.1228704 2.7 0.1587963
v -0.1016296 2.7 0.173037
v -0.0785 2.7 0.1845
v -0.05370371 2.7 0.192963
v -0.02746296 2.7 0.1982037
v -0.2636574 2.665452 0
v -0.2612894 2.665452 -0.03620407
v -0.2543806 2.665451 -0.0707969
v -0.243224 2.665452 -0.1034856
v -0.2281124 2.665452 -0.133977
v -0.2093391 2.665452 -0.1619784
v -0.1871968 2.665452 -0.1871968
v -0.1619784 2.665452 -0.2093391
v -0.133977 2.665452 -0.2281125
v -0.1034856 2.665452 -0.243224
v -0.07079691 2.665452 -0.2543806
v -0.03620405 2.665452 -0.2612894
v 0 2.665452 -0.2636574
v -0.3509259 2.636111 0
v -0.3477741 2.636111 -0.04818733
v -0.3385785 2.636111 -0.0942301
v -0.3237292 2.636111 -0.1377384
v -0.3036158 2.636111 -0.1783224
v -0.2786287 2.636111 -0.215592
v -0.2491574 2.636111 -0.2491574
v -0.215592 2.636111 -0.2786287
v -0.1783223 2.636111 -0.3036159
v -0.1377384 2.636111 -0.3237292
v -0.09423011 2.636111 -0.3385785
v -0.04818731 2.636111 -0.347774
v 0 2.636111 -0.3509259
v -0.45625 2.610938 0
v -0.4521522 2.610938 -0.06264989
v -0.4401967 2.610938 -0.1225116
v -0.4208906 2.610938 -0.1790781
v -0.3947407 2.610938 -0.2318426
v -0.3622541 2.610938 -0.280298
v -0.3239375 2.610938 -0.3239375
v -0.280298 2.610938 -0.3622541
v -0.2318425 2.610938 -0.3947408
v -0.1790781 2.610938 -0.4208906
v -0.1225116 2.610938 -0.4401967
v -0.06264986 2.610938 -0.4521522
v 0 2.610938 -0.45625
v -0.574074 2.588889 0
v -0.568918 2.588889 -0.07882887
v -0.5538752 2.588889 -0.1541495
v -0.5295833 2.588889 -0.225324
v -0.4966803 2.588889 -0.2917147
v -0.4558042 2.588889 -0.3526835
v -0.4075925 2.588889 -0.4075925
v -0.3526835 2.588889 -0.4558041
v -0.2917146 2.588889 -0.4966803
v -0.225324 2.588889 -0.5295833
v -0.1541495 2.588889 -0.5538752
v -0.07882884 2.588889 -0.568918
v 0 2.588889 -0.574074
v -0.6988426 2.568924 0
v -0.6925659 2.568924 -0.09596144
v -0.6742537 2.568924 -0.1876522
v -0.6446823 2.568924 -0.2742957
v -0.6046281 2.568924 -0.3551156
v -0.5548682 2.568924 -0.4293352
v -0.4961782 2.568924 -0.4961782
v -0.4293352 2.568924 -0.554868
v -0.3551155 2.568924 -0.6046283
v -0.2742957 2.568924 -0.6446823
v -0.1876522 2.568924 -0.6742537
v -0.09596141 2.568924 -0.6925659
v 0 2.568924 -0.6988426
v -0.825 2.55 0
v -0.8175902 2.55 -0.1132847
v -0.7959722 2.55 -0.2215278
v -0.7610625 2.55 -0.3238125
v -0.7137777 2.55 -0.4192222
v -0.6550348 2.55 -0.5068403
v -0.58575 2.55 -0.58575
v -0.5068403 2.55 -0.6550347
v -0.4192222 2.55 -0.7137778
v -0.3238125 2.55 -0.7610625
v -0.2215278 2.55 -0.7959722
v -0.1132847 2.55 -0.8175902
v 0 2.55 -0.825
v -0.9469907 2.531076 0
v -0.9384854 2.531076 -0.1300359
v -0.9136705 2.531076 -0.2542846
v -0.8735989 2.531076 -0.3716938
v -0.8193221 2.531076 -0.4812115
v -0.7518932 2.531076 -0.5817856
v -0.6723634 2.531076 -0.6723634
v -0.5817856 2.531076 -0.751893
v -0.4812115 2.531076 -0.8193223
v -0.3716938 2.531076 -0.8735989
v -0.2542846 2.531076 -0.9136705
v -0.1300358 2.531076 -0.9384854
v 0 2.531076 -0.9469907
v -1.059259 2.511111 0
v -1.049745 2.511111 -0.145452
v -1.021989 2.511111 -0.2844307
v -0.9771667 2.511111 -0.4157593
v -0.9164553 2.511111 -0.5382606
v -0.8410324 2.511111 -0.6507579
v -0.752074 2.511111 -0.752074
v -0.6507579 2.511111 -0.8410321
v -0.5382606 2.511111 -0.9164554
v -0.4157593 2.511111 -0.9771667
v -0.2844307 2.511111 -1.021989
v -0.1454519 2.511111 -1.049745
v 0 2.511111 -1.059259
v -1.15625 2.489062 0
v -1.145865 2.489062 -0.1587703
v -1.115567 2.489062 -0.3104745
v -1.066641 2.489062 -0.4538281
v -1.00037 2.489062 -0.5875462
v -0.9180411 2.489062 -0.7103444
v -0.8209375 2.489062 -0.8209375
v -0.7103444 2.489062 -0.918041
v -0.5875462 2.489062 -1.00037
v -0.4538281 2.489062 -1.066641
v -0.3104746 2.489062 -1.115567
v -0.1587702 2.489062 -1.145865
v 0 2.489062 -1.15625
v -1.232407 2.463889 0
v -1.221339 2.463889 -0.1692278
v -1.189045 2.463889 -0.3309242
v -1.136896 2.463889 -0.4837199
v -1.06626 2.463889 -0.6262455
v -0.9785087 2.463889 -0.7571318
v -0.8750093 2.463889 -0.8750093
v -0.7571318 2.463889 -0.9785085
v -0.6262454 2.463889 -1.066261
v -0.4837199 2.463889 -1.136896
v -0.3309242 2.463889 -1.189045
v -0.1692277 2.463889 -1.221339
v 0 2.463889 -1.232407
v -1.282176 2.434548 0
v -1.27066 2.434549 -0.1760617
v -1.237062 2.434549 -0.344288
v -1.182807 2.434548 -0.5032541
v -1.109319 2.434548 -0.6515353
v -1.018024 2.434549 -0.7877072
v -0.910345 2.434549 -0.910345
v -0.7877072 2.434549 -1.018024
v -0.6515352 2.434548 -1.10932
v -0.5032541 2.434548 -1.182807
v -0.344288 2.434549 -1.237062
v -0.1760617 2.434548 -1.27066
v 0 2.434548 -1.282176
v -1.3 2.4 0
v -1.288324 2.4 -0.1785093
v -1.254259 2.4 -0.3490741
v -1.19925 2.4 -0.51025
v -1.12474 2.4 -0.6605926
v -1.032176 2.4 -0.7986574
v -0.923 2.4 -0.923
v -0.7986574 2.4 -1.032176
v -0.6605925 2.4 -1.124741
v -0.51025 2.4 -1.19925
v -0.3490741 2.4 -1.254259
v -0.1785092 2.4 -1.288324
v 0 2.4 -1.3
v 0.03620407 2.665452 -0.2612894
v 0.0707969 2.665451 -0.2543806
v 0.1034856 2.665452 -0.243224
v 0.133977 2.665452 -0.2281124
v 0.1619784 2.665452 -0.2093391
v 0.1871968 2.665452 -0.1871968
v 0.2093391 2.665452 -0.1619784
v 0.2281125 2.665452 -0.133977
v 0.243224 2.665452 -0.1034856
v 0.2543806 2.665452 -0.07079691
v 0.2612894 2.665452 -0.03620405
v 0.2636574 2.665452 0
v 0.04818733 2.636111 -0.3477741
v 0.0942301 2.636111 -0.3385785
v 0.1377384 2.636111 -0.3237292
v 0.1783224 2.636111 -0.3036158
v 0.215592 2.636111 -0.2786287
v 0.2491574 2.636111 -0.2491574
v 0.2786287 2.636111 -0.215592
v 0.3036159 2.636111 -0.1783223
v 0.3237292 2.636111 -0.1377384
v 0.3385785 2.636111 -0.09423011
v 0.347774 2.636111 -0.04818731
v 0.3509259 2.636111 0
v 0.06264989 2.610938 -0.4521522
v 0.1225116 2.610938 -0.4401967
v 0.1790781 2.610938 -0.4208906
v 0.2318426 2.610938 -0.3947407
v 0.280298 2.610938 -0.3622541
v 0.3239375 2.610938 -0.3239375
v 0.3622541 2.610938 -0.280298
v 0.3947408 2.610938 -0.2318425
v 0.4208906 2.610938 -0.1790781
v 0.4401967 2.610938 -0.1225116
v 0.4521522 2.610938 -0.06264986
v 0.45625 2.610938 0
v 0.07882887 2.588889 -0.568918
v 0.1541495 2.588889 -0.5538752
v 0.225324 2.588889 -0.5295833
v 0.2917147 2.588889 -0.4966803
v 0.3526835 2.588889 -0.4558042
v 0.4075925 2.588889 -0.4075925
v 0.4558041 2.588889 -0.3526835
v 0.4966803 2.588889 -0.2917146
v 0.5295833 2.588889 -0.225324
v 0.5538752 2.588889 -0.1541495
v 0.568918 2.588889 -0.07882884
v 0.574074 2.588889 0
v 0.09596144 2.568924 -0.6925659
v 0.1876522 2.568924 -0.6742537
v 0.2742957 2.568924 -0.6446823
v 0.3551156 2.568924 -0.6046281
v 0.4293352 2.568924 -0.5548682
v 0.4961782 2.568924 -0.4961782
v 0.554868 2.568924 -0.4293352
v 0.6046283 2.568924 -0.3551155
v 0.6446823 2.568924 -0.2742957
v 0.6742537 2.568924 -0.1876522
v 0.6925659 2.568924 -0.09596141
v 0.6988426 2.568924 0
v 0.1132847 2.55 -0.8175902
v 0.2215278 2.55 -0.7959722
v 0.3238125 2.55 -0.7610625
v 0.4192222 2.55 -0.7137777
v 0.5068403 2.55 -0.6550348
v 0.58575 2.55 -0.58575
v 0.6550347 2.55 -0.5068403
v 0.7137778 2.55 -0.4192222
v 0.7610625 2.55 -0.3238125
v 0.7959722 2.55 -0.2215278
v 0.8175902 2.55 -0.1132847
v 0.825 2.55 0
v 0.1300359 2.531076 -0.9384854
v 0.2542846 2.531076 -0.9136705
v 0.3716938 2.531076 -0.8735989
v 0.4812115 2.531076 -0.8193221
v 0.5817856 2.531076 -0.7518932
v 0.6723634 2.531076 -0.6723634
v 0.751893 2.531076 -0.5817856
v 0.8193223 2.531076 -0.4812115
v 0.8735989 2.531076 -0.3716938
v 0.9136705 2.531076 -0.2542846
v 0.9384854 2.531076 -0.1300358
v 0.9469907 2.531076 0
v 0.145452 2.511111 -1.049745
v 0.2844307 2.511111 -1.021989
v 0.4157593 2.511111 -0.9771667
v 0.5382606 2.511111 -0.9164553
v 0.6507579 2.511111 -0.8410324
v 0.752074 2.511111 -0.752074
v 0.8410321 2.511111 -0.6507579
v 0.9164554 2.511111 -0.5382606
v 0.9771667 2.511111 -0.4157593
v 1.021989 2.511111 -0.2844307
v 1.049745 2.511111 -0.1454519
v 1.059259 2.511111 0
v 0.1587703 2.489062 -1.145865
v 0.3104745 2.489062 -1.115567
v 0.4538281 2.489062 -1.066641
v 0.5875462 2.489062 -1.00037
v 0.7103444 2.489062 -0.9180411
v 0.8209375 2.489062 -0.8209375
v 0.918041 2.489062 -0.7103444
v 1.00037 2.489062 -0.5875462
v 1.066641 2.489062 -0.4538281
v 1.115567 2.489062 -0.3104746
v 1.145865 2.489062 -0.1587702
v 1.15625 2.489062 0
v 0.1692278 2.463889 -1.221339
v 0.3309242 2.463889 -1.189045
v 0.4837199 2.463889 -1.136896
v 0.6262455 2.463889 -1.06626
v 0.7571318 2.463889 -0.9785087
v 0.8750093 2.463889 -0.8750093
v 0.9785085 2.463889 -0.7571318
v 1.066261 2.463889 -0.6262454
v 1.136896 2.463889 -0.4837199
v 1.189045 2.463889 -0.3309242
v 1.221339 2.463889 -0.1692277
v 1.232407 2.463889 0
v 0.1760617 2.434549 -1.27066
v 0.344288 2.434549 -1.237062
v 0.5032541 2.434548 -1.182807
v 0.6515353 2.434548 -1.109319
v 0.7877072 2.434549 -1.018024
v 0.910345 2.434549 -0.910345
v 1.018024 2.434549 -0.7877072
v 1.10932 2.434548 -0.6515352
v 1.182807 2.434548 -0.5032541
v 1.237062 2.434549 -0.344288
v 1.27066 2.434548 -0.1760617
v 1.282176 2.434548 0
v 0.1785093 2.4 -1.288324
v 0.3490741 2.4 -1.254259
v 0.51025 2.4 -1.19925
v 0.6605926 2.4 -1.12474
v 0.7986574 2.4 -1.032176
v 0.923 2.4 -0.923
v 1.032176 2.4 -0.7986574
v 1.124741 2.4 -0.6605925
v 1.19925 2.4 -0.51025
v 1.254259 2.4 -0.3490741
v 1.288324 2.4 -0.1785092
v 1.3 2.4 0
v 0 2.665452 0.2636574
v 0.03620407 2.665452 0.2612894
v 0.0707969 2.665451 0.2543806
v 0.1034856 2.665452 0.243224
v 0.133977 2.665452 0.2281124
v 0.1619784 2.665452 0.2093391
v 0.1871968 2.665452 0.1871968
v 0.2093391 2.665452 0.1619784
v 0.2281125 2.665452 0.133977
v 0.243224 2.665452 0.1034856
v 0.2543806 2.665452 0.07079691
v 0.2612894 2.665452 0.03620405
v 0 2.636111 0.3509259
v 0.04818733 2.636111 0.3477741
v 0.0942301 2.636111 0.3385785
v 0.1377384 2.636111 0.3237292
v 0.1783224 2.636111 0.3036158
v 0.215592 2.636111 0.2786287
v 0.2491574 2.636111 0.2491574
v 0.2786287 2.636111 0.215592
v 0.3036159 2.636111 0.1783223
v 0.3237292 2.636111 0.1377384
v 0.3385785 2.636111 0.09423011
v 0.347774 2.636111 0.04818731
v 0 2.610938 0.45625
v 0.06264989 2.610938 0.4521522
v 0.1225116 2.610938 0.4401967
v 0.1790781 2.610938 0.4208906
v 0.2318426 2.610938 0.3947407
v 0.280298 2.610938 0.3622541
v 0.3239375 2.610938 0.3239375
v 0.3622541 2.610938 0.280298
v 0.3947408 2.610938 0.2318425
v 0.4208906 2.610938 0.1790781
v 0.4401967 2.610938 0.1225116
v 0.4521522 2.610938 0.06264986
v 0 2.588889 0.574074
v 0.07882887 2.588889 0.568918
v 0.1541495 2.588889 0.5538752
v 0.225324 2.588889 0.5295833
v 0.2917147 2.588889 0.4966803
v 0.3526835 2.588889 0.4558042
v 0.4075925 2.588889 0.4075925
v 0.4558041 2.588889 0.3526835
v 0.4966803 2.588889 0.2917146
v 0.5295833 2.588889 0.225324
v 0.5538752 2.588889 0.1541495
v 0.568918 2.588889 0.07882884
v 0 2.568924 0.6988426
v 0.09596144 2.568924 0.6925659
v 0.1876522 2.568924 0.6742537
v 0.2742957 2.568924 0.6446823
v 0.3551156 2.568924 0.6046281
v 0.4293352 2.568924 0.5548682
v 0.4961782 2.568924 0.4961782
v 0.554868 2.568924 0.4293352
v 0.6046283 2.568924 0.3551155
v 0.6446823 2.568924 0.2742957
v 0.6742537 2.568924 0.1876522
v 0.6925659 2.568924 0.09596141
v 0 2.55 0.825
v 0.1132847 2.55 0.8175902
v 0.2215278 2.55 0.7959722
v 0.3238125 2.55 0.7610625
v 0.4192222 2.55 0.7137777
v 0.5068403 2.55 0.6550348
v 0.58575 2.55 0.58575
v 0.6550347 2.55 0.5068403
v 0.7137778 2.55 0.4192222
v 0.7610625 2.55 0.3238125
v 0.7959722 2.55 0.2215278
v 0.8175902 2.55 0.1132847
v 0 2.531076 0.9469907
v 0.1300359 2.531076 0.9384854
v 0.2542846 2.531076 0.9136705
v 0.3716938 2.531076 0.8735989
v 0.4812115 2.531076 0.8193221
v 0.5817856 2.531076 0.7518932
v 0.6723634 2.531076 0.6723634
v 0.751893 2.531076 0.5817856
v 0.8193223 2.531076 0.4812115
v 0.8735989 2.531076 0.3716938
v 0.9136705 2.531076 0.2542846
v 0.9384854 2.531076 0.1300358
v 0 2.511111 1.059259
v 0.145452 2.511111 1.049745
v 0.2844307 2.511111 1.021989
v 0.4157593 2.511111 0.9771667
v 0.5382606 2.511111 0.9164553
v 0.6507579 2.511111 0.8410324
v 0.752074 2.511111 0.752074
v 0.8410321 2.511111 0.6507579
v 0.9164554 2.511111 0.5382606
v 0.9771667 2.511111 0.4157593
v 1.021989 2.511111 0.2844307
v 1.049745 2.511111 0.1454519
v 0 2.489062 1.15625
v 0.1587703 2.489062 1.145865
v 0.3104745 2.489062 1.115567
v 0.4538281 2.489062 1.066641
v 0.5875462 2.489062 1.00037
v 0.7103444 2.489062 0.9180411
v 0.8209375 2.489062 0.8209375
v 0.918041 2.489062 0.7103444
v 1.00037 2.489062 0.5875462
v 1.066641 2.489062 0.4538281
v 1.115567 2.489062 0.3104746
v 1.145865 2.489062 0.1587702
v 0 2.463889 1.232407
v 0.1692278 2.463889 1.221339
v 0.3309242 2.463889 1.189045
v 0.4837199 2.463889 1.136896
v 0.6262455 2.463889 1.06626
v 0.7571318 2.463889 0.9785087
v 0.8750093 2.463889 0.8750093
v 0.9785085 2.463889 0.7571318
v 1.066261 2.463889 0.6262454
v 1.136896 2.463889 0.4837199
v 1.189045 2.463889 0.3309242
v 1.221339 2.463889 0.1692277
v 0 2.434548 1.282176
v 0.1760617 2.434549 1.27066
v 0.344288 2.434549 1.237062
v 0.5032541 2.434548 1.182807
v 0.6515353 2.434548 1.109319
v 0.7877072 2.434549 1.018024
v 0.910345 2.434549 0.910345
v 1.018024 2.434549 0.7877072
v 1.10932 2.434548 0.6515352
v 1.182807 2.434548 0.5032541
v 1.237062 2.434549 0.344288
v 1.27066 2.434548 0.1760617
v 0 2.4 1.3
v 0.1785093 2.4 1.288324
v 0.3490741 2.4 1.254259
v 0.51025 2.4 1.19925
v 0.6605926 2.4 1.12474
v 0.7986574 2.4 1.032176
v 0.923 2.4 0.923
v 1.032176 2.4 0.7986574
v 1.124741 2.4 0.6605925
v 1.19925 2.4 0.51025
v 1.254259 2.4 0.3490741
v 1.288324 2.4 0.1785092
v -0.2612894 2.665452 0.03620407
v -0.2543806 2.665451 0.0707969
v -0.243224 2.665452 0.1034856
v -0.2281124 2.665452 0.133977
v -0.2093391 2.665452 0.1619784
v -0.1871968 2.665452 0.1871968
v -0.1619784 2.665452 0.2093391
v -0.133977 2.665452 0.2281125
v -0.1034856 2.665452 0.243224
v -0.07079691 2.665452 0.2543806
v -0.03620405 2.665452 0.2612894
v -0.3477741 2.636111 0.04818733
v -0.3385785 2.636111 0.0942301
v -0.3237292 2.636111 0.1377384
v -0.3036158 2.636111 0.1783224
v -0.2786287 2.636111 0.215592
v -0.2491574 2.636111 0.2491574
v -0.215592 2.636111 0.2786287
v -0.1783223 2.636111 0.3036159
v -0.1377384 2.636111 0.3237292
v -0.09423011 2.636111 0.3385785
v -0.04818731 2.636111 0.347774
v -0.4521522 2.610938 0.06264989
v -0.4401967 2.610938 0.1225116
v -0.4208906 2.610938 0.1790781
v -0.3947407 2.610938 0.2318426
v -0.3622541 2.610938 0.280298
v -0.3239375 2.610938 0.3239375
v -0.280298 2.610938 0.3622541
v -0.2318425 2.610938 0.3947408
v -0.1790781 2.610938 0.4208906
v -0.1225116 2.610938 0.4401967
v -0.06264986 2.610938 0.4521522
v -0.568918 2.588889 0.07882887
v -0.5538752 2.588889 0.1541495
v -0.5295833 2.588889 0.225324
v -0.4966803 2.588889 0.2917147
v -0.4558042 2.588889 0.3526835
v -0.4075925 2.588889 0.4075925
v -0.3526835 2.588889 0.4558041
v -0.2917146 2.588889 0.4966803
v -0.225324 2.588889 0.5295833
v -0.1541495 2.588889 0.5538752
v -0.07882884 2.588889 0.568918
v -0.6925659 2.568924 0.09596144
v -0.6742537 2.568924 0.1876522
v -0.6446823 2.568924 0.2742957
v -0.6046281 2.568924 0.3551156
v -0.5548682 2.568924 0.4293352
v -0.4961782 2.568924 0.4961782
v -0.4293352 2.568924 0.554868
v -0.3551155 2.568924 0.6046283
v -0.2742957 2.568924 0.6446823
v -0.1876522 2.568924 0.6742537
v -0.09596141 2.568924 0.6925659
v -0.8175902 2.55 0.1132847
v -0.7959722 2.55 0.2215278
v -0.7610625 2.55 0.3238125
v -0.7137777 2.55 0.4192222
v -0.6550348 2.55 0.5068403
v -0.58575 2.55 0.58575
v -0.5068403 2.55 0.6550347
v -0.4192222 2.55 0.7137778
v -0.3238125 2.55 0.7610625
v -0.2215278 2.55 0.7959722
v -0.1132847 2.55 0.8175902
v -0.9384854 2.531076 0.1300359
v -0.9136705 2.531076 0.2542846
v -0.8735989 2.531076 0.3716938
v -0.8193221 2.531076 0.4812115
v -0.7518932 2.531076 0.5817856
v -0.6723634 2.531076 0.6723634
v -0.5817856 2.531076 0.751893
v -0.4812115 2.531076 0.8193223
v -0.3716938 2.531076 0.8735989
v -0.2542846 2.531076 0.9136705
v -0.1300358 2.531076 0.9384854
v -1.049745 2.511111 0.145452
v -1.021989 2.511111 0.2844307
v -0.9771667 2.511111 0.4157593
v -0.9164553 2.511111 0.5382606
v -0.8410324 2.511111 0.6507579
v -0.752074 2.511111 0.752074
v -0.6507579 2.511111 0.8410321
v -0.5382606 2.511111 0.9164554
v -0.4157593 2.511111 0.9771667
v -0.2844307 2.511111 1.021989
v -0.1454519 2.511111 1.049745
v -1.145865 2.489062 0.1587703
v -1.115567 2.489062 0.3104745
v -1.066641 2.489062 0.4538281
v -1.00037 2.489062 0.5875462
v -0.9180411 2.489062 0.7103444
v -0.8209375 2.489062 0.8209375
v -0.7103444 2.489062 0.918041
v -0.5875462 2.489062 1.00037
v -0.4538281 2.489062 1.066641
v -0.3104746 2.489062 1.115567
v -0.1587702 2.489062 1.145865
v -1.221339 2.463889 0.1692278
v -1.189045 2.463889 0.3309242
v -1.136896 2.463889 0.4837199
v -1.06626 2.463889 0.6262455
v -0.9785087 2.463889 0.7571318
v -0.8750093 2.463889 0.8750093
v -0.7571318 2.463889 0.9785085
v -0.6262454 2.463889 1.066261
v -0.4837199 2.463889 1.136896
v -0.3309242 2.463889 1.189045
v -0.1692277 2.463889 1.221339
v -1.27066 2.434549 0.1760617
v -1.237062 2.434549 0.344288
v -1.182807 2.434548 0.5032541
v -1.109319 2.434548 0.6515353
v -1.018024 2.434549 0.7877072
v -0.910345 2.434549 0.910345
v -0.7877072 2.434549 1.018024
v -0.6515352 2.434548 1.10932
v -0.5032541 2.434548 1.182807
v -0.344288 2.434549 1.237062
v -0.1760617 2.434548 1.27066
v -1.288324 2.4 0.1785093
v -1.254259 2.4 0.3490741
v -1.19925 2.4 0.51025
v -1.12474 2.4 0.6605926
v -1.032176 2.4 0.7986574
v -0.923 2.4 0.923
v -0.7986574 2.4 1.032176
v -0.6605925 2.4 1.124741
v -0.51025 2.4 1.19925
v -0.3490741 2.4 1.254259
v -0.1785092 2.4 1.288324
v -1.4 2.4 0
v -1.387426 2.4 -0.1922408
v -1.350741 2.4 -0.3759259
v -1.2915 2.4 -0.5495
v -1.211259 2.4 -0.7114074
v -1.111574 2.4 -0.8600926
v -0.994 2.4 -0.994
v -0.8600926 2.4 -1.111574
v -0.7114074 2.4 -1.211259
v -0.5495 2.4 -1.2915
v -0.375926 2.4 -1.350741
v -0.1922407 2.4 -1.387426
v 0 2.4 -1.4
v -1.387645 2.430078 0
v -1.375182 2.430078 -0.1905442
v -1.33882 2.430078 -0.3726083
v -1.280102 2.430078 -0.5446506
v -1.20057 2.430078 -0.7051291
v -1.101764 2.430078 -0.8525022
v -0.9852278 2.430078 -0.9852278
v -0.8525022 2.430078 -1.101764
v -0.7051291 2.430078 -1.20057
v -0.5446506 2.430078 -1.280102
v -0.3726084 2.430078 -1.33882
v -0.1905441 2.430078 -1.375182
v 0 2.430078 -1.387645
v -1.381366 2.454688 0
v -1.368959 2.454688 -0.189682
v -1.332762 2.454688 -0.3709222
v -1.27431 2.454688 -0.542186
v -1.195137 2.454687 -0.7019385
v -1.096779 2.454688 -0.8486446
v -0.9807696 2.454688 -0.9807696
v -0.8486446 2.454688 -1.096779
v -0.7019385 2.454687 -1.195137
v -0.542186 2.454688 -1.27431
v -0.3709223 2.454688 -1.332762
v -0.1896819 2.454688 -1.368959
v 0 2.454688 -1.381366
v -1.380469 2.473828 0
v -1.36807 2.473828 -0.1895588
v -1.331897 2.473828 -0.3706814
v -1.273482 2.473828 -0.5418339
v -1.194361 2.473828 -0.7014827
v -1.096067 2.473828 -0.8480936
v -0.9801328 2.473828 -0.9801328
v -0.8480936 2.473828 -1.096067
v -0.7014825 2.473828 -1.194361
v -0.5418339 2.473828 -1.273482
v -0.3706815 2.473828 -1.331897
v -0.1895588 2.473828 -1.36807
v 0 2.473828 -1.380469
v -1.384259 2.4875 0
v -1.371826 2.4875 -0.1900793
v -1.335554 2.4875 -0.3716992
v -1.276979 2.4875 -0.5433217
v -1.19764 2.487499 -0.7034087
v -1.099076 2.4875 -0.8504221
v -0.982824 2.4875 -0.982824
v -0.8504223 2.4875 -1.099076
v -0.7034087 2.4875 -1.19764
v -0.5433217 2.4875 -1.276979
v -0.3716992 2.4875 -1.335554
v -0.1900792 2.4875 -1.371826
v 0 2.4875 -1.384259
v -1.392043 2.495704 0
v -1.37954 2.495704 -0.1911481
v -1.343064 2.495704 -0.3737893
v -1.28416 2.495704 -0.5463769
v -1.204375 2.495703 -0.707364
v -1.105257 2.495704 -0.8552042
v -0.9883505 2.495704 -0.9883505
v -0.8552042 2.495704 -1.105256
v -0.707364 2.495703 -1.204375
v -0.5463769 2.495704 -1.28416
v -0.3737894 2.495704 -1.343064
v -0.1911481 2.495704 -1.37954
v 0 2.495704 -1.392043
v -1.403125 2.498438 0
v -1.390523 2.498438 -0.1926699
v -1.353756 2.498438 -0.376765
v -1.294383 2.498438 -0.5507266
v -1.213963 2.498437 -0.7129954
v -1.114055 2.498438 -0.8620125
v -0.9962187 2.498438 -0.9962187
v -0.8620125 2.498438 -1.114055
v -0.7129953 2.498437 -1.213963
v -0.5507266 2.498438 -1.294383
v -0.3767651 2.498438 -1.353756
v -0.1926698 2.498438 -1.390523
v 0 2.498438 -1.403125
v -1.416811 2.495703 0
v -1.404086 2.495703 -0.1945492
v -1.36696 2.495703 -0.3804401
v -1.307009 2.495703 -0.5560985
v -1.225804 2.495703 -0.71995
v -1.124922 2.495704 -0.8704208
v -1.005936 2.495703 -1.005936
v -0.8704208 2.495703 -1.124922
v -0.71995 2.495703 -1.225804
v -0.5560985 2.495703 -1.307009
v -0.3804401 2.495703 -1.366961
v -0.1945491 2.495703 -1.404086
v 0 2.495703 -1.416811
v -1.432407 2.4875 0
v -1.419542 2.4875 -0.1966908
v -1.382008 2.4875 -0.3846279
v -1.321396 2.4875 -0.5622199
v -1.239297 2.4875 -0.7278751
v -1.137305 2.487501 -0.8800021
v -1.017009 2.4875 -1.017009
v -0.8800021 2.4875 -1.137305
v -0.7278751 2.4875 -1.239298
v -0.5622199 2.4875 -1.321396
v -0.384628 2.4875 -1.382008
v -0.1966907 2.4875 -1.419542
v 0 2.4875 -1.432407
v -1.449219 2.473828 0
v -1.436203 2.473828 -0.1989992
v -1.398228 2.473828 -0.3891421
v -1.336904 2.473828 -0.5688183
v -1.253842 2.473828 -0.7364178
v -1.150653 2.473828 -0.8903302
v -1.028945 2.473828 -1.028945
v -0.8903302 2.473828 -1.150653
v -0.7364178 2.473828 -1.253842
v -0.5688183 2.473828 -1.336904
v -0.3891422 2.473828 -1.398228
v -0.1989992 2.473828 -1.436203
v 0 2.473828 -1.449219
v -1.466551 2.454688 0
v -1.453379 2.454688 -0.2013792
v -1.41495 2.454688 -0.3937961
v -1.352893 2.454688 -0.5756212
v -1.268838 2.454687 -0.7452251
v -1.164414 2.454688 -0.9009783
v -1.041251 2.454688 -1.041251
v -0.9009783 2.454688 -1.164414
v -0.7452251 2.454687 -1.268838
v -0.5756212 2.454688 -1.352893
v -0.3937961 2.454688 -1.41495
v -0.2013791 2.454688 -1.453379
v 0 2.454688 -1.466551
v -1.48371 2.430078 0
v -1.470384 2.430078 -0.2037353
v -1.431505 2.430078 -0.3984035
v -1.368722 2.430078 -0.582356
v -1.283683 2.430078 -0.7539442
v -1.178038 2.430078 -0.9115196
v -1.053434 2.430078 -1.053434
v -0.9115196 2.430078 -1.178038
v -0.7539442 2.430078 -1.283683
v -0.582356 2.430078 -1.368722
v -0.3984035 2.430078 -1.431505
v -0.2037352 2.430078 -1.470384
v 0 2.430078 -1.48371
v -1.5 2.4 0
v -1.486528 2.4 -0.2059722
v -1.447222 2.4 -0.4027778
v -1.38375 2.4 -0.58875
v -1.297778 2.4 -0.7622222
v -1.190972 2.4 -0.9215278
v -1.065 2.4 -1.065
v -0.9215278 2.4 -1.190972
v -0.7622222 2.4 -1.297778
v -0.58875 2.4 -1.38375
v -0.4027778 2.4 -1.447222
v -0.2059722 2.4 -1.486528
v 0 2.4 -1.5
v 0.1922408 2.4 -1.387426
v 0.3759259 2.4 -1.350741
v 0.5495 2.4 -1.2915
v 0.7114074 2.4 -1.211259
v 0.8600926 2.4 -1.111574
v 0.994 2.4 -0.994
v 1.111574 2.4 -0.8600926
v 1.211259 2.4 -0.7114074
v 1.2915 2.4 -0.5495
v 1.350741 2.4 -0.375926
v 1.387426 2.4 -0.1922407
v 1.4 2.4 0
v 0.1905442 2.430078 -1.375182
v 0.3726083 2.430078 -1.33882
v 0.5446506 2.430078 -1.280102
v 0.7051291 2.430078 -1.20057
v 0.8525022 2.430078 -1.101764
v 0.9852278 2.430078 -0.9852278
v 1.101764 2.430078 -0.8525022
v 1.20057 2.430078 -0.7051291
v 1.280102 2.430078 -0.5446506
v 1.33882 2.430078 -0.3726084
v 1.375182 2.430078 -0.1905441
v 1.387645 2.430078 0
v 0.189682 2.454688 -1.368959
v 0.3709222 2.454688 -1.332762
v 0.542186 2.454688 -1.27431
v 0.7019385 2.454687 -1.195137
v 0.8486446 2.454688 -1.096779
v 0.9807696 2.454688 -0.9807696
v 1.096779 2.454688 -0.8486446
v 1.195137 2.454687 -0.7019385
v 1.27431 2.454688 -0.542186
v 1.332762 2.454688 -0.3709223
v 1.368959 2.454688 -0.1896819
v 1.381366 2.454688 0
v 0.1895588 2.473828 -1.36807
v 0.3706814 2.473828 -1.331897
v 0.5418339 2.473828 -1.273482
v 0.7014827 2.473828 -1.194361
v 0.8480936 2.473828 -1.096067
v 0.9801328 2.473828 -0.9801328
v 1.096067 2.473828 -0.8480936
v 1.194361 2.473828 -0.7014825
v 1.273482 2.473828 -0.5418339
v 1.331897 2.473828 -0.3706815
v 1.36807 2.473828 -0.1895588
v 1.380469 2.473828 0
v 0.1900793 2.4875 -1.371826
v 0.3716992 2.4875 -1.335554
v 0.5433217 2.4875 -1.276979
v 0.7034087 2.487499 -1.19764
v 0.8504221 2.4875 -1.099076
v 0.982824 2.4875 -0.982824
v 1.099076 2.4875 -0.8504223
v 1.19764 2.4875 -0.7034087
v 1.276979 2.4875 -0.5433217
v 1.335554 2.4875 -0.3716992
v 1.371826 2.4875 -0.1900792
v 1.384259 2.4875 0
v 0.1911481 2.495704 -1.37954
v 0.3737893 2.495704 -1.343064
v 0.5463769 2.495704 -1.28416
v 0.707364 2.495703 -1.204375
v 0.8552042 2.495704 -1.105257
v 0.9883505 2.495704 -0.9883505
v 1.105256 2.495704 -0.8552042
v 1.204375 2.495703 -0.707364
v 1.28416 2.495704 -0.5463769
v 1.343064 2.495704 -0.3737894
v 1.37954 2.495704 -0.1911481
v 1.392043 2.495704 0
v 0.1926699 2.498438 -1.390523
v 0.376765 2.498438 -1.353756
v 0.5507266 2.498438 -1.294383
v 0.7129954 2.498437 -1.213963
v 0.8620125 2.498438 -1.114055
v 0.9962187 2.498438 -0.9962187
v 1.114055 2.498438 -0.8620125
v 1.213963 2.498437 -0.7129953
v 1.294383 2.498438 -0.5507266
v 1.353756 2.498438 -0.3767651
v 1.390523 2.498438 -0.1926698
v 1.403125 2.498438 0
v 0.1945492 2.495703 -1.404086
v 0.3804401 2.495703 -1.36696
v 0.5560985 2.495703 -1.307009
v 0.71995 2.495703 -1.225804
v 0.8704208 2.495704 -1.124922
v 1.005936 2.495703 -1.005936
v 1.124922 2.495703 -0.8704208
v 1.225804 2.495703 -0.71995
v 1.307009 2.495703 -0.5560985
v 1.366961 2.495703 -0.3804401
v 1.404086 2.495703 -0.1945491
v 1.416811 2.495703 0
v 0.1966908 2.4875 -1.419542
v 0.3846279 2.4875 -1.382008
v 0.5622199 2.4875 -1.321396
v 0.7278751 2.4875 -1.239297
v 0.8800021 2.487501 -1.137305
v 1.017009 2.4875 -1.017009
v 1.137305 2.4875 -0.8800021
v 1.239298 2.4875 -0.7278751
v 1.321396 2.4875 -0.5622199
v 1.382008 2.4875 -0.384628
v 1.419542 2.4875 -0.1966907
v 1.432407 2.4875 0
v 0.1989992 2.473828 -1.436203
v 0.3891421 2.473828 -1.398228
v 0.5688183 2.473828 -1.336904
v 0.7364178 2.473828 -1.253842
v 0.8903302 2.473828 -1.150653
v 1.028945 2.473828 -1.028945
v 1.150653 2.473828 -0.8903302
v 1.253842 2.473828 -0.7364178
v 1.336904 2.473828 -0.5688183
v 1.398228 2.473828 -0.3891422
v 1.436203 2.473828 -0.1989992
v 1.449219 2.473828 0
v 0.2013792 2.454688 -1.453379
v 0.3937961 2.454688 -1.41495
v 0.5756212 2.454688 -1.352893
v 0.7452251 2.454687 -1.268838
v 0.9009783 2.454688 -1.164414
v 1.041251 2.454688 -1.041251
v 1.164414 2.454688 -0.9009783
v 1.268838 2.454687 -0.7452251
v 1.352893 2.454688 -0.5756212
v 1.41495 2.454688 -0.3937961
v 1.453379 2.454688 -0.2013791
v 1.466551 2.454688 0
v 0.2037353 2.430078 -1.470384
v 0.3984035 2.430078 -1.431505
v 0.582356 2.430078 -1.368722
v 0.7539442 2.430078 -1.283683
v 0.9115196 2.430078 -1.178038
v 1.053434 2.430078 -1.053434
v 1.178038 2.430078 -0.9115196
v 1.283683 2.430078 -0.7539442
v 1.368722 2.430078 -0.582356
v 1.431505 2.430078 -0.3984035
v 1.470384 2.430078 -0.2037352
v 1.48371 2.430078 0
v 0.2059722 2.4 -1.486528
v 0.4027778 2.4 -1.447222
v 0.58875 2.4 -1.38375
v 0.7622222 2.4 -1.297778
v 0.9215278 2.4 -1.190972
v 1.065 2.4 -1.065
v 1.190972 2.4 -0.9215278
v 1.297778 2.4 -0.7622222
v 1.38375 2.4 -0.58875
v 1.447222 2.4 -0.4027778
v 1.486528 2.4 -0.2059722
v 1.5 2.4 0
v 0 2.4 1.4
v 0.1922408 2.4 1.387426
v 0.3759259 2.4 1.350741
v 0.5495 2.4 1.2915
v 0.7114074 2.4 1.211259
v 0.8600926 2.4 1.111574
v 0.994 2.4 0.994
v 1.111574 2.4 0.8600926
v 1.211259 2.4 0.7114074
v 1.2915 2.4 0.5495
v 1.350741 2.4 0.375926
v 1.387426 2.4 0.1922407
v 0 2.430078 1.387645
v 0.1905442 2.430078 1.375182
v 0.3726083 2.430078 1.33882
v 0.5446506 2.430078 1.280102
v 0.7051291 2.430078 1.20057
v 0.8525022 2.430078 1.101764
v 0.9852278 2.430078 0.9852278
v 1.101764 2.430078 0.8525022
v 1.20057 2.430078 0.7051291
v 1.280102 2.430078 0.5446506
v 1.33882 2.430078 0.3726084
v 1.375182 2.430078 0.1905441
v 0 2.454688 1.381366
v 0.189682 2.454688 1.368959
v 0.3709222 2.454688 1.332762
v 0.542186 2.454688 1.27431
v 0.7019385 2.454687 1.195137
v 0.8486446 2.454688 1.096779
v 0.9807696 2.454688 0.9807696
v 1.096779 2.454688 0.8486446
v 1.195137 2.454687 0.7019385
v 1.27431 2.454688 0.542186
v 1.332762 2.454688 0.3709223
v 1.368959 2.454688 0.1896819
v 0 2.473828 1.380469
v 0.1895588 2.473828 1.36807
v 0.3706814 2.473828 1.331897
v 0.5418339 2.473828 1.273482
v 0.7014827 2.473828 1.194361
v 0.8480936 2.473828 1.096067
v 0.9801328 2.473828 0.9801328
v 1.096067 2.473828 0.8480936
v 1.194361 2.473828 0.7014825
v 1.273482 2.473828 0.5418339
v 1.331897 2.473828 0.3706815
v 1.36807 2.473828 0.1895588
v 0 2.4875 1.384259
v 0.1900793 2.4875 1.371826
v 0.3716992 2.4875 1.335554
v 0.5433217 2.4875 1.276979
v 0.7034087 2.487499 1.19764
v 0.8504221 2.4875 1.099076
v 0.982824 2.4875 0.982824
v 1.099076 2.4875 0.8504223
v 1.19764 2.4875 0.7034087
v 1.276979 2.4875 0.5433217
v 1.335554 2.4875 0.3716992
v 1.371826 2.4875 0.1900792
v 0 2.495704 1.392043
v 0.1911481 2.495704 1.37954
v 0.3737893 2.495704 1.343064
v 0.5463769 2.495704 1.28416
v 0.707364 2.495703 1.204375
v 0.8552042 2.495704 1.105257
v 0.9883505 2.495704 0.9883505
v 1.105256 2.495704 0.8552042
v 1.204375 2.495703 0.707364
v 1.28416 2.495704 0.5463769
v 1.343064 2.495704 0.3737894
v 1.37954 2.495704 0.1911481
v 0 2.498438 1.403125
v 0.1926699 2.498438 1.390523
v 0.376765 2.498438 1.353756
v 0.5507266 2.498438 1.294383
v 0.7129954 2.498437 1.213963
v 0.8620125 2.498438 1.114055
v 0.9962187 2.498438 0.9962187
v 1.114055 2.498438 0.8620125
v 1.213963 2.498437 0.7129953
v 1.294383 2.498438 0.5507266
v 1.353756 2.498438 0.3767651
v 1.390523 2.498438 0.1926698
v 0 2.495703 1.416811
v 0.1945492 2.495703 1.404086
v 0.3804401 2.495703 1.36696
v 0.5560985 2.495703 1.307009
v 0.71995 2.495703 1.225804
v 0.8704208 2.495704 1.124922
v 1.005936 2.495703 1.005936
v 1.124922 2.495703 0.8704208
v 1.225804 2.495703 0.71995
v 1.307009 2.495703 0.5560985
v 1.366961 2.495703 0.3804401
v 1.404086 2.495703 0.1945491
v 0 2.4875 1.432407
v 0.1966908 2.4875 1.419542
v 0.3846279 2.4875 1.382008
v 0.5622199 2.4875 1.321396
v 0.7278751 2.4875 1.239297
v 0.8800021 2.487501 1.137305
v 1.017009 2.4875 1.017009
v 1.137305 2.4875 0.8800021
v 1.239298 2.4875 0.7278751
v 1.321396 2.4875 0.5622199
v 1.382008 2.4875 0.384628
v 1.419542 2.4875 0.1966907
v 0 2.473828 1.449219
v 0.1989992 2.473828 1.436203
v 0.3891421 2.473828 1.398228
v 0.5688183 2.473828 1.336904
v 0.7364178 2.473828 1.253842
v 0.8903302 2.473828 1.150653
v 1.028945 2.473828 1.028945
v 1.150653 2.473828 0.8903302
v 1.253842 2.473828 0.7364178
v 1.336904 2.473828 0.5688183
v 1.398228 2.473828 0.3891422
v 1.436203 2.473828 0.1989992
v 0 2.454688 1.466551
v 0.2013792 2.454688 1.453379
v 0.3937961 2.454688 1.41495
v 0.5756212 2.454688 1.352893
v 0.7452251 2.454687 1.268838
v 0.9009783 2.454688 1.164414
v 1.041251 2.454688 1.041251
v 1.164414 2.454688 0.9009783
v 1.268838 2.454687 0.7452251
v 1.352893 2.454688 0.5756212
v 1.41495 2.454688 0.3937961
v 1.453379 2.454688 0.2013791
v 0 2.430078 1.48371
v 0.2037353 2.430078 1.470384
v 0.3984035 2.430078 1.431505
v 0.582356 2.430078 1.368722
v 0.7539442 2.430078 1.283683
v 0.9115196 2.430078 1.178038
v 1.053434 2.430078 1.053434
v 1.178038 2.430078 0.9115196
v 1.283683 2.430078 0.7539442
v 1.368722 2.430078 0.582356
v 1.431505 2.430078 0.3984035
v 1.470384 2.430078 0.2037352
v 0 2.4 1.5
v 0.2059722 2.4 1.486528
v 0.4027778 2.4 1.447222
v 0.58875 2.4 1.38375
v 0.7622222 2.4 1.297778
v 0.9215278 2.4 1.190972
v 1.065 2.4 1.065
v 1.190972 2.4 0.9215278
v 1.297778 2.4 0.7622222
v 1.38375 2.4 0.58875
v 1.447222 2.4 0.4027778
v 1.486528 2.4 0.2059722
v -1.387426 2.4 0.1922408
v -1.350741 2.4 0.3759259
v -1.2915 2.4 0.5495
v -1.211259 2.4 0.7114074
v -1.111574 2.4 0.8600926
v -0.994 2.4 0.994
v -0.8600926 2.4 1.111574
v -0.7114074 2.4 1.211259
v -0.5495 2.4 1.2915
v -0.375926 2.4 1.350741
v -0.1922407 2.4 1.387426
v -1.375182 2.430078 0.1905442
v -1.33882 2.430078 0.3726083
v -1.280102 2.430078 0.5446506
v -1.20057 2.430078 0.7051291
v -1.101764 2.430078 0.8525022
v -0.9852278 2.430078 0.9852278
v -0.8525022 2.430078 1.101764
v -0.7051291 2.430078 1.20057
v -0.5446506 2.430078 1.280102
v -0.3726084 2.430078 1.33882
v -0.1905441 2.430078 1.375182
v -1.368959 2.454688 0.189682
v -1.332762 2.454688 0.3709222
v -1.27431 2.454688 0.542186
v -1.195137 2.454687 0.7019385
v -1.096779 2.454688 0.8486446
v -0.9807696 2.454688 0.9807696
v -0.8486446 2.454688 1.096779
v -0.7019385 2.454687 1.195137
v -0.542186 2.454688 1.27431
v -0.3709223 2.454688 1.332762
v -0.1896819 2.454688 1.368959
v -1.36807 2.473828 0.1895588
v -1.331897 2.473828 0.3706814
v -1.273482 2.473828 0.5418339
v -1.194361 2.473828 0.7014827
v -1.096067 2.473828 0.8480936
v -0.9801328 2.473828 0.9801328
v -0.8480936 2.473828 1.096067
v -0.7014825 2.473828 1.194361
v -0.5418339 2.473828 1.273482
v -0.3706815 2.473828 1.331897
v -0.1895588 2.473828 1.36807
v -1.371826 2.4875 0.1900793
v -1.335554 2.4875 0.3716992
v -1.276979 2.4875 0.5433217
v -1.19764 2.487499 0.7034087
v -1.099076 2.4875 0.8504221
v -0.982824 2.4875 0.982824
v -0.8504223 2.4875 1.099076
v -0.7034087 2.4875 1.19764
v -0.5433217 2.4875 1.276979
v -0.3716992 2.4875 1.335554
v -0.1900792 2.4875 1.371826
v -1.37954 2.495704 0.1911481
v -1.343064 2.495704 0.3737893
v -1.28416 2.495704 0.5463769
v -1.204375 2.495703 0.707364
v -1.105257 2.495704 0.8552042
v -0.9883505 2.495704 0.9883505
v -0.8552042 2.495704 1.105256
v -0.707364 2.495703 1.204375
v -0.5463769 2.495704 1.28416
v -0.3737894 2.495704 1.343064
v -0.1911481 2.495704 1.37954
v -1.390523 2.498438 0.1926699
v -1.353756 2.498438 0.376765
v -1.294383 2.498438 0.5507266
v -1.213963 2.498437 0.7129954
v -1.114055 2.498438 0.8620125
v -0.9962187 2.498438 0.9962187
v -0.8620125 2.498438 1.114055
v -0.7129953 2.498437 1.213963
v -0.5507266 2.498438 1.294383
v -0.3767651 2.498438 1.353756
v -0.1926698 2.498438 1.390523
v -1.404086 2.495703 0.1945492
v -1.36696 2.495703 0.3804401
v -1.307009 2.495703 0.5560985
v -1.225804 2.495703 0.71995
v -1.124922 2.495704 0.8704208
v -1.005936 2.495703 1.005936
v -0.8704208 2.495703 1.124922
v -0.71995 2.495703 1.225804
v -0.5560985 2.495703 1.307009
v -0.3804401 2.495703 1.366961
v -0.1945491 2.495703 1.404086
v -1.419542 2.4875 0.1966908
v -1.382008 2.4875 0.3846279
v -1.321396 2.4875 0.5622199
v -1.239297 2.4875 0.7278751
v -1.137305 2.487501 0.8800021
v -1.017009 2.4875 1.017009
v -0.8800021 2.4875 1.137305
v -0.7278751 2.4875 1.239298
v -0.5622199 2.4875 1.321396
v -0.384628 2.4875 1.382008
v -0.1966907 2.4875 1.419542
v -1.436203 2.473828 0.1989992
v -1.398228 2.473828 0.3891421
v -1.336904 2.473828 0.5688183
v -1.253842 2.473828 0.7364178
v -1.150653 2.473828 0.8903302
v -1.028945 2.473828 1.028945
v -0.8903302 2.473828 1.150653
v -0.7364178 2.473828 1.253842
v -0.5688183 2.473828 1.336904
v -0.3891422 2.473828 1.398228
v -0.1989992 2.473828 1.436203
v -1.453379 2.454688 0.2013792
v -1.41495 2.454688 0.3937961
v -1.352893 2.454688 0.5756212
v -1.268838 2.454687 0.7452251
v -1.164414 2.454688 0.9009783
v -1.041251 2.454688 1.041251
v -0.9009783 2.454688 1.164414
v -0.7452251 2.454687 1.268838
v -0.5756212 2.454688 1.352893
v -0.3937961 2.454688 1.41495
v -0.2013791 2.454688 1.453379
v -1.470384 2.430078 0.2037353
v -1.431505 2.430078 0.3984035
v -1.368722 2.430078 0.582356
v -1.283683 2.430078 0.7539442
v -1.178038 2.430078 0.9115196
v -1.053434 2.430078 1.053434
v -0.9115196 2.430078 1.178038
v -0.7539442 2.430078 1.283683
v -0.582356 2.430078 1.368722
v -0.3984035 2.430078 1.431505
v -0.2037352 2.430078 1.470384
v -1.486528 2.4 0.2059722
v -1.447222 2.4 0.4027778
v -1.38375 2.4 0.58875
v -1.297778 2.4 0.7622222
v -1.190972 2.4 0.9215278
v -1.065 2.4 1.065
v -0.9215278 2.4 1.190972
v -0.7622222 2.4 1.297778
v -0.58875 2.4 1.38375
v -0.4027778 2.4 1.447222
v -0.2059722 2.4 1.486528
v -1.562355 2.268794 0
v -1.548323 2.268794 -0.2145346
v -1.507384 2.268794 -0.4195214
v -1.441273 2.268794 -0.6132246
v -1.351727 2.268793 -0.7939079
v -1.240481 2.268794 -0.9598361
v -1.109272 2.268794 -1.109272
v -0.959836 2.268794 -1.240481
v -0.7939081 2.268793 -1.351727
v -0.6132246 2.268794 -1.441273
v -0.4195214 2.268794 -1.507384
v -0.2145345 2.268794 -1.548323
v 0 2.268794 -1.562355
v -1.623842 2.137847 0
v -1.609258 2.137847 -0.2229777
v -1.566707 2.137847 -0.4360318
v -1.497995 2.137847 -0.6373582
v -1.404925 2.137847 -0.8251526
v -1.289301 2.137847 -0.9976106
v -1.152928 2.137847 -1.152928
v -0.9976106 2.137847 -1.289301
v -0.8251526 2.137847 -1.404925
v -0.6373582 2.137847 -1.497995
v -0.4360318 2.137847 -1.566707
v -0.2229775 2.137847 -1.609258
v 0 2.137847 -1.623842
v -1.683594 2.007422 0
v -1.668473 2.007422 -0.2311824
v -1.624356 2.007422 -0.4520762
v -1.553115 2.007422 -0.6608105
v -1.45662 2.007421 -0.855515
v -1.336742 2.007422 -1.034319
v -1.195352 2.007422 -1.195352
v -1.034319 2.007422 -1.336742
v -0.855515 2.007422 -1.45662
v -0.6608105 2.007422 -1.553115
v -0.4520762 2.007422 -1.624356
v -0.2311823 2.007422 -1.668473
v 0 2.007422 -1.683594
v -1.740741 1.877778 0
v -1.725106 1.877778 -0.2390295
v -1.679492 1.877778 -0.4674211
v -1.605833 1.877778 -0.6832407
v -1.506063 1.877777 -0.8845539
v -1.382116 1.877778 -1.069427
v -1.235926 1.877778 -1.235926
v -1.069427 1.877778 -1.382116
v -0.884554 1.877778 -1.506063
v -0.6832407 1.877778 -1.605833
v -0.4674211 1.877778 -1.679492
v -0.2390294 1.877778 -1.725106
v 0 1.877778 -1.740741
v -1.794416 1.749176 0
v -1.778299 1.749176 -0.2463999
v -1.731279 1.749176 -0.4818339
v -1.655348 1.749176 -0.7043081
v -1.552502 1.749175 -0.9118289
v -1.424733 1.749176 -1.102403
v -1.274035 1.749176 -1.274035
v -1.102403 1.749176 -1.424733
v -0.9118291 1.749176 -1.552502
v -0.7043081 1.749176 -1.655348
v -0.4818339 1.749176 -1.731279
v -0.2463998 1.749176 -1.778299
v 0 1.749176 -1.794416
v -1.84375 1.621875 0
v -1.827191 1.621875 -0.2531742
v -1.778877 1.621875 -0.495081
v -1.700859 1.621875 -0.7236719
v -1.595185 1.621875 -0.9368981
v -1.463903 1.621875 -1.132711
v -1.309063 1.621875 -1.309063
v -1.132711 1.621875 -1.463903
v -0.9368981 1.621875 -1.595185
v -0.7236719 1.621875 -1.700859
v -0.495081 1.621875 -1.778877
v -0.2531741 1.621875 -1.82719
v 0 1.621875 -1.84375
v -1.887876 1.496137 0
v -1.87092 1.496137 -0.2592334
v -1.821451 1.496137 -0.5069298
v -1.741566 1.496137 -0.7409914
v -1.633362 1.496137 -0.9593207
v -1.498939 1.496137 -1.15982
v -1.340392 1.496137 -1.340392
v -1.15982 1.496137 -1.498939
v -0.9593207 1.496137 -1.633363
v -0.7409914 1.496137 -1.741566
v -0.5069298 1.496137 -1.821451
v -0.2592333 1.496137 -1.87092
v 0 1.496137 -1.887876
v -1.925926 1.372222 0
v -1.908628 1.372222 -0.2644582
v -1.858162 1.372222 -0.5171468
v -1.776667 1.372222 -0.7559258
v -1.666283 1.372222 -0.9786556
v -1.52915 1.372222 -1.183196
v -1.367408 1.372222 -1.367408
v -1.183196 1.372222 -1.529149
v -0.9786556 1.372222 -1.666283
v -0.7559258 1.372222 -1.776667
v -0.5171468 1.372222 -1.858162
v -0.2644581 1.372222 -1.908628
v 0 1.372222 -1.925926
v -1.957031 1.250391 0
v -1.939454 1.250391 -0.2687294
v -1.888173 1.250391 -0.5254991
v -1.805361 1.250391 -0.7681348
v -1.693194 1.250391 -0.9944617
v -1.553847 1.250391 -1.202306
v -1.389492 1.250391 -1.389492
v -1.202306 1.250391 -1.553846
v -0.9944617 1.250391 -1.693195
v -0.7681348 1.250391 -1.805361
v -0.5254991 1.250391 -1.888173
v -0.2687293 1.250391 -1.939454
v 0 1.250391 -1.957031
v -1.980324 1.130903 0
v -1.962538 1.130903 -0.2719278
v -1.910646 1.130903 -0.5317538
v -1.826849 1.130903 -0.7772771
v -1.713347 1.130903 -1.006298
v -1.572341 1.130903 -1.216616
v -1.40603 1.130903 -1.40603
v -1.216616 1.130903 -1.572341
v -1.006298 1.130903 -1.713347
v -0.7772771 1.130903 -1.826849
v -0.5317538 1.130903 -1.910646
v -0.2719278 1.130903 -1.962538
v 0 1.130903 -1.980324
v -1.994936 1.014019 0
v -1.977019 1.014019 -0.2739343
v -1.924744 1.014019 -0.5356774
v -1.840329 1.014019 -0.7830125
v -1.725989 1.014019 -1.013723
v -1.583943 1.014019 -1.225593
v -1.416405 1.014019 -1.416405
v -1.225593 1.014019 -1.583942
v -1.013723 1.014019 -1.72599
v -0.7830125 1.014019 -1.840329
v -0.5356774 1.014019 -1.924744
v -0.2739342 1.014019 -1.977019
v 0 1.014019 -1.994936
v -2 0.9 0
v -1.982037 0.9 -0.2746297
v -1.929629 0.9 -0.5370371
v -1.845 0.9 -0.785
v -1.73037 0.9 -1.016296
v -1.587963 0.9000001 -1.228704
v -1.42 0.9 -1.42
v -1.228704 0.9000001 -1.587963
v -1.016296 0.9000001 -1.730371
v -0.785 0.9 -1.845
v -0.5370371 0.9 -1.92963
v -0.2746296 0.9 -1.982037
v 0 0.9 -2
v 0.2145346 2.268794 -1.548323
v 0.4195214 2.268794 -1.507384
v 0.6132246 2.268794 -1.441273
v 0.7939079 2.268793 -1.351727
v 0.9598361 2.268794 -1.240481
v 1.109272 2.268794 -1.109272
v 1.240481 2.268794 -0.959836
v 1.351727 2.268793 -0.7939081
v 1.441273 2.268794 -0.6132246
v 1.507384 2.268794 -0.4195214
v 1.548323 2.268794 -0.2145345
v 1.562355 2.268794 0
v 0.2229777 2.137847 -1.609258
v 0.4360318 2.137847 -1.566707
v 0.6373582 2.137847 -1.497995
v 0.8251526 2.137847 -1.404925
v 0.9976106 2.137847 -1.289301
v 1.152928 2.137847 -1.152928
v 1.289301 2.137847 -0.9976106
v 1.404925 2.137847 -0.8251526
v 1.497995 2.137847 -0.6373582
v 1.566707 2.137847 -0.4360318
v 1.609258 2.137847 -0.2229775
v 1.623842 2.137847 0
v 0.2311824 2.007422 -1.668473
v 0.4520762 2.007422 -1.624356
v 0.6608105 2.007422 -1.553115
v 0.855515 2.007421 -1.45662
v 1.034319 2.007422 -1.336742
v 1.195352 2.007422 -1.195352
v 1.336742 2.007422 -1.034319
v 1.45662 2.007422 -0.855515
v 1.553115 2.007422 -0.6608105
v 1.624356 2.007422 -0.4520762
v 1.668473 2.007422 -0.2311823
v 1.683594 2.007422 0
v 0.2390295 1.877778 -1.725106
v 0.4674211 1.877778 -1.679492
v 0.6832407 1.877778 -1.605833
v 0.8845539 1.877777 -1.506063
v 1.069427 1.877778 -1.382116
v 1.235926 1.877778 -1.235926
v 1.382116 1.877778 -1.069427
v 1.506063 1.877778 -0.884554
v 1.605833 1.877778 -0.6832407
v 1.679492 1.877778 -0.4674211
v 1.725106 1.877778 -0.2390294
v 1.740741 1.877778 0
v 0.2463999 1.749176 -1.778299
v 0.4818339 1.749176 -1.731279
v 0.7043081 1.749176 -1.655348
v 0.9118289 1.749175 -1.552502
v 1.102403 1.749176 -1.424733
v 1.274035 1.749176 -1.274035
v 1.424733 1.749176 -1.102403
v 1.552502 1.749176 -0.9118291
v 1.655348 1.749176 -0.7043081
v 1.731279 1.749176 -0.4818339
v 1.778299 1.749176 -0.2463998
v 1.794416 1.749176 0
v 0.2531742 1.621875 -1.827191
v 0.495081 1.621875 -1.778877
v 0.7236719 1.621875 -1.700859
v 0.9368981 1.621875 -1.595185
v 1.132711 1.621875 -1.463903
v 1.309063 1.621875 -1.309063
v 1.463903 1.621875 -1.132711
v 1.595185 1.621875 -0.9368981
v 1.700859 1.621875 -0.7236719
v 1.778877 1.621875 -0.495081
v 1.82719 1.621875 -0.2531741
v 1.84375 1.621875 0
v 0.2592334 1.496137 -1.87092
v 0.5069298 1.496137 -1.821451
v 0.7409914 1.496137 -1.741566
v 0.9593207 1.496137 -1.633362
v 1.15982 1.496137 -1.498939
v 1.340392 1.496137 -1.340392
v 1.498939 1.496137 -1.15982
v 1.633363 1.496137 -0.9593207
v 1.741566 1.496137 -0.7409914
v 1.821451 1.496137 -0.5069298
v 1.87092 1.496137 -0.2592333
v 1.887876 1.496137 0
v 0.2644582 1.372222 -1.908628
v 0.5171468 1.372222 -1.858162
v 0.7559258 1.372222 -1.776667
v 0.9786556 1.372222 -1.666283
v 1.183196 1.372222 -1.52915
v 1.367408 1.372222 -1.367408
v 1.529149 1.372222 -1.183196
v 1.666283 1.372222 -0.9786556
v 1.776667 1.372222 -0.7559258
v 1.858162 1.372222 -0.5171468
v 1.908628 1.372222 -0.2644581
v 1.925926 1.372222 0
v 0.2687294 1.250391 -1.939454
v 0.5254991 1.250391 -1.888173
v 0.7681348 1.250391 -1.805361
v 0.9944617 1.250391 -1.693194
v 1.202306 1.250391 -1.553847
v 1.389492 1.250391 -1.389492
v 1.553846 1.250391 -1.202306
v 1.693195 1.250391 -0.9944617
v 1.805361 1.250391 -0.7681348
v 1.888173 1.250391 -0.5254991
v 1.939454 1.250391 -0.2687293
v 1.957031 1.250391 0
v 0.2719278 1.130903 -1.962538
v 0.5317538 1.130903 -1.910646
v 0.7772771 1.130903 -1.826849
v 1.006298 1.130903 -1.713347
v 1.216616 1.130903 -1.572341
v 1.40603 1.130903 -1.40603
v 1.572341 1.130903 -1.216616
v 1.713347 1.130903 -1.006298
v 1.826849 1.130903 -0.7772771
v 1.910646 1.130903 -0.5317538
v 1.962538 1.130903 -0.2719278
v 1.980324 1.130903 0
v 0.2739343 1.014019 -1.977019
v 0.5356774 1.014019 -1.924744
v 0.7830125 1.014019 -1.840329
v 1.013723 1.014019 -1.725989
v 1.225593 1.014019 -1.583943
v 1.416405 1.014019 -1.416405
v 1.583942 1.014019 -1.225593
v 1.72599 1.014019 -1.013723
v 1.840329 1.014019 -0.7830125
v 1.924744 1.014019 -0.5356774
v 1.977019 1.014019 -0.2739342
v 1.994936 1.014019 0
v 0.2746297 0.9 -1.982037
v 0.5370371 0.9 -1.929629
v 0.785 0.9 -1.845
v 1.016296 0.9 -1.73037
v 1.228704 0.9000001 -1.587963
v 1.42 0.9 -1.42
v 1.587963 0.9000001 -1.228704
v 1.730371 0.9000001 -1.016296
v 1.845 0.9 -0.785
v 1.92963 0.9 -0.5370371
v 1.982037 0.9 -0.2746296
v 2 0.9 0
v 0 2.268794 1.562355
v 0.2145346 2.268794 1.548323
v 0.4195214 2.268794 1.507384
v 0.6132246 2.268794 1.441273
v 0.7939079 2.268793 1.351727
v 0.9598361 2.268794 1.240481
v 1.109272 2.268794 1.109272
v 1.240481 2.268794 0.959836
v 1.351727 2.268793 0.7939081
v 1.441273 2.268794 0.6132246
v 1.507384 2.268794 0.4195214
v 1.548323 2.268794 0.2145345
v 0 2.137847 1.623842
v 0.2229777 2.137847 1.609258
v 0.4360318 2.137847 1.566707
v 0.6373582 2.137847 1.497995
v 0.8251526 2.137847 1.404925
v 0.9976106 2.137847 1.289301
v 1.152928 2.137847 1.152928
v 1.289301 2.137847 0.9976106
v 1.404925 2.137847 0.8251526
v 1.497995 2.137847 0.6373582
v 1.566707 2.137847 0.4360318
v 1.609258 2.137847 0.2229775
v 0 2.007422 1.683594
v 0.2311824 2.007422 1.668473
v 0.4520762 2.007422 1.624356
v 0.6608105 2.007422 1.553115
v 0.855515 2.007421 1.45662
v 1.034319 2.007422 1.336742
v 1.195352 2.007422 1.195352
v 1.336742 2.007422 1.034319
v 1.45662 2.007422 0.855515
v 1.553115 2.007422 0.6608105
v 1.624356 2.007422 0.4520762
v 1.668473 2.007422 0.2311823
v 0 1.877778 1.740741
v 0.2390295 1.877778 1.725106
v 0.4674211 1.877778 1.679492
v 0.6832407 1.877778 1.605833
v 0.8845539 1.877777 1.506063
v 1.069427 1.877778 1.382116
v 1.235926 1.877778 1.235926
v 1.382116 1.877778 1.069427
v 1.506063 1.877778 0.884554
v 1.605833 1.877778 0.6832407
v 1.679492 1.877778 0.4674211
v 1.725106 1.877778 0.2390294
v 0 1.749176 1.794416
v 0.2463999 1.749176 1.778299
v 0.4818339 1.749176 1.731279
v 0.7043081 1.749176 1.655348
v 0.9118289 1.749175 1.552502
v 1.102403 1.749176 1.424733
v 1.274035 1.749176 1.274035
v 1.424733 1.749176 1.102403
v 1.552502 1.749176 0.9118291
v 1.655348 1.749176 0.7043081
v 1.731279 1.749176 0.4818339
v 1.778299 1.749176 0.2463998
v 0 1.621875 1.84375
v 0.2531742 1.621875 1.827191
v 0.495081 1.621875 1.778877
v 0.7236719 1.621875 1.700859
v 0.9368981 1.621875 1.595185
v 1.132711 1.621875 1.463903
v 1.309063 1.621875 1.309063
v 1.463903 1.621875 1.132711
v 1.595185 1.621875 0.9368981
v 1.700859 1.621875 0.7236719
v 1.778877 1.621875 0.495081
v 1.82719 1.621875 0.2531741
v 0 1.496137 1.887876
v 0.2592334 1.496137 1.87092
v 0.5069298 1.496137 1.821451
v 0.7409914 1.496137 1.741566
v 0.9593207 1.496137 1.633362
v 1.15982 1.496137 1.498939
v 1.340392 1.496137 1.340392
v 1.498939 1.496137 1.15982
v 1.633363 1.496137 0.9593207
v 1.741566 1.496137 0.7409914
v 1.821451 1.496137 0.5069298
v 1.87092 1.496137 0.2592333
v 0 1.372222 1.925926
v 0.2644582 1.372222 1.908628
v 0.5171468 1.372222 1.858162
v 0.7559258 1.372222 1.776667
v 0.9786556 1.372222 1.666283
v 1.183196 1.372222 1.52915
v 1.367408 1.372222 1.367408
v 1.529149 1.372222 1.183196
v 1.666283 1.372222 0.9786556
v 1.776667 1.372222 0.7559258
v 1.858162 1.372222 0.5171468
v 1.908628 1.372222 0.2644581
v 0 1.250391 1.957031
v 0.2687294 1.250391 1.939454
v 0.5254991 1.250391 1.888173
v 0.7681348 1.250391 1.805361
v 0.9944617 1.250391 1.693194
v 1.202306 1.250391 1.553847
v 1.389492 1.250391 1.389492
v 1.553846 1.250391 1.202306
v 1.693195 1.250391 0.9944617
v 1.805361 1.250391 0.7681348
v 1.888173 1.250391 0.5254991
v 1.939454 1.250391 0.2687293
v 0 1.130903 1.980324
v 0.2719278 1.130903 1.962538
v 0.5317538 1.130903 1.910646
v 0.7772771 1.130903 1.826849
v 1.006298 1.130903 1.713347
v 1.216616 1.130903 1.572341
v 1.40603 1.130903 1.40603
v 1.572341 1.130903 1.216616
v 1.713347 1.130903 1.006298
v 1.826849 1.130903 0.7772771
v 1.910646 1.130903 0.5317538
v 1.962538 1.130903 0.2719278
v 0 1.014019 1.994936
v 0.2739343 1.014019 1.977019
v 0.5356774 1.014019 1.924744
v 0.7830125 1.014019 1.840329
v 1.013723 1.014019 1.725989
v 1.225593 1.014019 1.583943
v 1.416405 1.014019 1.416405
v 1.583942 1.014019 1.225593
v 1.72599 1.014019 1.013723
v 1.840329 1.014019 0.7830125
v 1.924744 1.014019 0.5356774
v 1.977019 1.014019 0.2739342
v 0 0.9 2
v 0.2746297 0.9 1.982037
v 0.5370371 0.9 1.929629
v 0.785 0.9 1.845
v 1.016296 0.9 1.73037
v 1.228704 0.9000001 1.587963
v 1.42 0.9 1.42
v 1.587963 0.9000001 1.228704
v 1.730371 0.9000001 1.016296
v 1.845 0.9 0.785
v 1.92963 0.9 0.5370371
v 1.982037 0.9 0.2746296
v -1.548323 2.268794 0.2145346
v -1.507384 2.268794 0.4195214
v -1.441273 2.268794 0.6132246
v -1.351727 2.268793 0.7939079
v -1.240481 2.268794 0.9598361
v -1.109272 2.268794 1.109272
v -0.959836 2.268794 1.240481
v -0.7939081 2.268793 1.351727
v -0.6132246 2.268794 1.441273
v -0.4195214 2.268794 1.507384
v -0.2145345 2.268794 1.548323
v -1.609258 2.137847 0.2229777
v -1.566707 2.137847 0.4360318
v -1.497995 2.137847 0.6373582
v -1.404925 2.137847 0.8251526
v -1.289301 2.137847 0.9976106
v -1.152928 2.137847 1.152928
v -0.9976106 2.137847 1.289301
v -0.8251526 2.137847 1.404925
v -0.6373582 2.137847 1.497995
v -0.4360318 2.137847 1.566707
v -0.2229775 2.137847 1.609258
v -1.668473 2.007422 0.2311824
v -1.624356 2.007422 0.4520762
v -1.553115 2.007422 0.6608105
v -1.45662 2.007421 0.855515
v -1.336742 2.007422 1.034319
v -1.195352 2.007422 1.195352
v -1.034319 2.007422 1.336742
v -0.855515 2.007422 1.45662
v -0.6608105 2.007422 1.553115
v -0.4520762 2.007422 1.624356
v -0.2311823 2.007422 1.668473
v -1.725106 1.877778 0.2390295
v -1.679492 1.877778 0.4674211
v -1.605833 1.877778 0.6832407
v -1.506063 1.877777 0.8845539
v -1.382116 1.877778 1.069427
v -1.235926 1.877778 1.235926
v -1.069427 1.877778 1.382116
v -0.884554 1.877778 1.506063
v -0.6832407 1.877778 1.605833
v -0.4674211 1.877778 1.679492
v -0.2390294 1.877778 1.725106
v -1.778299 1.749176 0.2463999
v -1.731279 1.749176 0.4818339
v -1.655348 1.749176 0.7043081
v -1.552502 1.749175 0.9118289
v -1.424733 1.749176 1.102403
v -1.274035 1.749176 1.274035
v -1.102403 1.749176 1.424733
v -0.9118291 1.749176 1.552502
v -0.7043081 1.749176 1.655348
v -0.4818339 1.749176 1.731279
v -0.2463998 1.749176 1.778299
v -1.827191 1.621875 0.2531742
v -1.778877 1.621875 0.495081
v -1.700859 1.621875 0.7236719
v -1.595185 1.621875 0.9368981
v -1.463903 1.621875 1.132711
v -1.309063 1.621875 1.309063
v -1.132711 1.621875 1.463903
v -0.9368981 1.621875 1.595185
v -0.7236719 1.621875 1.700859
v -0.495081 1.621875 1.778877
v -0.2531741 1.621875 1.82719
v -1.87092 1.496137 0.2592334
v -1.821451 1.496137 0.5069298
v -1.741566 1.496137 0.7409914
v -1.633362 1.496137 0.9593207
v -1.498939 1.496137 1.15982
v -1.340392 1.496137 1.340392
v -1.15982 1.496137 1.498939
v -0.9593207 1.496137 1.633363
v -0.7409914 1.496137 1.741566
v -0.5069298 1.496137 1.821451
v -0.2592333 1.496137 1.87092
v -1.908628 1.372222 0.2644582
v -1.858162 1.372222 0.5171468
v -1.776667 1.372222 0.7559258
v -1.666283 1.372222 0.9786556
v -1.52915 1.372222 1.183196
v -1.367408 1.372222 1.367408
v -1.183196 1.372222 1.529149
v -0.9786556 1.372222 1.666283
v -0.7559258 1.372222 1.776667
v -0.5171468 1.372222 1.858162
v -0.2644581 1.372222 1.908628
v -1.939454 1.250391 0.2687294
v -1.888173 1.250391 0.5254991
v -1.805361 1.250391 0.7681348
v -1.693194 1.250391 0.9944617
v -1.553847 1.250391 1.202306
v -1.389492 1.250391 1.389492
v -1.202306 1.250391 1.553846
v -0.9944617 1.250391 1.693195
v -0.7681348 1.250391 1.805361
v -0.5254991 1.250391 1.888173
v -0.2687293 1.250391 1.939454
v -1.962538 1.130903 0.2719278
v -1.910646 1.130903 0.5317538
v -1.826849 1.130903 0.7772771
v -1.713347 1.130903 1.006298
v -1.572341 1.130903 1.216616
v -1.40603 1.130903 1.40603
v -1.216616 1.130903 1.572341
v -1.006298 1.130903 1.713347
v -0.7772771 1.130903 1.826849
v -0.5317538 1.130903 1.910646
v -0.2719278 1.130903 1.962538
v -1.977019 1.014019 0.2739343
v -1.924744 1.014019 0.5356774
v -1.840329 1.014019 0.7830125
v -1.725989 1.014019 1.013723
v -1.583943 1.014019 1.225593
v -1.416405 1.014019 1.416405
v -1.225593 1.014019 1.583942
v -1.013723 1.014019 1.72599
v -0.7830125 1.014019 1.840329
v -0.5356774 1.014019 1.924744
v -0.2739342 1.014019 1.977019
v -1.982037 0.9 0.2746297
v -1.929629 0.9 0.5370371
v -1.845 0.9 0.785
v -1.73037 0.9 1.016296
v -1.587963 0.9000001 1.228704
v -1.42 0.9 1.42
v -1.228704 0.9000001 1.587963
v -1.016296 0.9000001 1.730371
v -0.785 0.9 1.845
v -0.5370371 0.9 1.92963
v -0.2746296 0.9 1.982037
v -1.990162 0.7921441 0
v -1.972288 0.7921441 -0.2732788
v -1.920138 0.7921441 -0.5343955
v -1.835925 0.7921441 -0.7811386
v -1.721859 0.7921441 -1.011297
v -1.580152 0.7921442 -1.22266
v -1.413015 0.7921441 -1.413015
v -1.22266 0.7921442 -1.580152
v -1.011297 0.7921442 -1.721859
v -0.7811386 0.7921441 -1.835925
v -0.5343955 0.7921441 -1.920138
v -0.2732787 0.7921441 -1.972288
v 0 0.7921441 -1.990162
v -1.962963 0.6934028 0
v -1.945333 0.6934028 -0.2695439
v -1.893896 0.6934028 -0.527092
v -1.810833 0.6934028 -0.7704629
v -1.698326 0.6934026 -0.9974758
v -1.558556 0.6934028 -1.20595
v -1.393704 0.6934028 -1.393704
v -1.20595 0.6934028 -1.558556
v -0.9974758 0.6934028 -1.698326
v -0.7704629 0.6934028 -1.810833
v -0.527092 0.6934028 -1.893896
v -0.2695439 0.6934026 -1.945333
v 0 0.6934028 -1.962963
v -1.921875 0.6035157 0
v -1.904614 0.6035157 -0.2639019
v -1.854253 0.6035157 -0.516059
v -1.77293 0.6035157 -0.7543359
v -1.662778 0.6035156 -0.9765971
v -1.525933 0.6035157 -1.180707
v -1.364531 0.6035157 -1.364531
v -1.180707 0.6035157 -1.525933
v -0.9765971 0.6035157 -1.662778
v -0.7543359 0.6035157 -1.77293
v -0.516059 0.6035157 -1.854253
v -0.2639018 0.6035156 -1.904614
v 0 0.6035157 -1.921875
v -1.87037 0.5222222 0
v -1.853572 0.5222222 -0.2568295
v -1.804561 0.5222222 -0.502229
v -1.725417 0.5222222 -0.7341202
v -1.618216 0.5222221 -0.950425
v -1.485039 0.5222223 -1.149065
v -1.327963 0.5222222 -1.327963
v -1.149065 0.5222223 -1.485039
v -0.950425 0.5222223 -1.618217
v -0.7341202 0.5222222 -1.725417
v -0.502229 0.5222222 -1.804561
v -0.2568295 0.5222221 -1.853571
v 0 0.5222222 -1.87037
v -1.811921 0.4492622 0
v -1.795648 0.4492622 -0.2488037
v -1.748169 0.4492622 -0.4865345
v -1.671498 0.4492622 -0.7111791
v -1.567648 0.4492622 -0.9207245
v -1.438632 0.4492623 -1.113157
v -1.286464 0.4492622 -1.286464
v -1.113157 0.4492623 -1.438632
v -0.9207245 0.4492623 -1.567648
v -0.7111791 0.4492622 -1.671498
v -0.4865345 0.4492622 -1.748169
v -0.2488036 0.4492622 -1.795648
v 0 0.4492622 -1.811921
v -1.75 0.384375 0
v -1.734282 0.384375 -0.2403009
v -1.688426 0.384375 -0.4699075
v -1.614375 0.384375 -0.686875
v -1.514074 0.384375 -0.8892592
v -1.389468 0.384375 -1.075116
v -1.2425 0.384375 -1.2425
v -1.075116 0.384375 -1.389467
v -0.8892592 0.384375 -1.514074
v -0.686875 0.384375 -1.614375
v -0.4699075 0.384375 -1.688426
v -0.2403009 0.384375 -1.734282
v 0 0.384375 -1.75
v -1.688079 0.3273004 0
v -1.672917 0.3273004 -0.2317982
v -1.628683 0.3273004 -0.4532804
v -1.557253 0.3273004 -0.6625709
v -1.460501 0.3273003 -0.857794
v -1.340303 0.3273004 -1.037074
v -1.198536 0.3273004 -1.198536
v -1.037074 0.3273004 -1.340303
v -0.857794 0.3273004 -1.460501
v -0.6625709 0.3273004 -1.557253
v -0.4532804 0.3273004 -1.628683
v -0.2317981 0.3273003 -1.672917
v 0 0.3273004 -1.688079
v -1.62963 0.2777778 0
v -1.614993 0.2777778 -0.2237723
v -1.572291 0.2777778 -0.4375858
v -1.503333 0.2777778 -0.6396296
v -1.409931 0.2777777 -0.8280932
v -1.293896 0.2777778 -1.001166
v -1.157037 0.2777778 -1.157037
v -1.001166 0.2777778 -1.293896
v -0.8280932 0.2777778 -1.409931
v -0.6396296 0.2777778 -1.503333
v -0.4375858 0.2777778 -1.572291
v -0.2237722 0.2777777 -1.614993
v 0 0.2777778 -1.62963
v -1.578125 0.2355469 0
v -1.563951 0.2355469 -0.2167
v -1.522598 0.2355469 -0.4237559
v -1.45582 0.2355469 -0.6194141
v -1.36537 0.2355469 -0.8019212
v -1.253002 0.2355469 -0.969524
v -1.120469 0.2355469 -1.120469
v -0.969524 0.2355469 -1.253002
v -0.8019212 0.2355469 -1.36537
v -0.6194141 0.2355469 -1.45582
v -0.4237559 0.2355469 -1.522598
v -0.2166999 0.2355469 -1.563951
v 0 0.2355469 -1.578125
v -1.537037 0.2003472 0
v -1.523232 0.2003472 -0.211058
v -1.482956 0.2003472 -0.4127229
v -1.417917 0.2003472 -0.603287
v -1.329822 0.2003472 -0.7810425
v -1.220379 0.2003472 -0.9442815
v -1.091296 0.2003472 -1.091296
v -0.9442815 0.2003472 -1.220379
v -0.7810425 0.2003472 -1.329822
v -0.603287 0.2003472 -1.417917
v -0.4127229 0.2003472 -1.482956
v -0.2110579 0.2003472 -1.523232
v 0 0.2003472 -1.537037
v -1.509838 0.1719184 0
v -1.496277 0.1719184 -0.2073231
v -1.456714 0.1719184 -0.4054195
v -1.392825 0.1719184 -0.5926114
v -1.306289 0.1719184 -0.7672213
v -1.198783 0.1719184 -0.9275718
v -1.071985 0.1719184 -1.071985
v -0.9275718 0.1719184 -1.198783
v -0.7672213 0.1719184 -1.306289
v -0.5926114 0.1719184 -1.392825
v -0.4054195 0.1719184 -1.456714
v -0.207323 0.1719184 -1.496277
v 0 0.1719184 -1.509838
v -1.5 0.15 0
v -1.486528 0.15 -0.2059722
v -1.447222 0.15 -0.4027778
v -1.38375 0.15 -0.58875
v -1.297778 0.15 -0.7622222
v -1.190972 0.15 -0.9215278
v -1.065 0.15 -1.065
v -0.9215278 0.15 -1.190972
v -0.7622222 0.15 -1.297778
v -0.58875 0.15 -1.38375
v -0.4027778 0.15 -1.447222
v -0.2059722 0.15 -1.486528
v 0 0.15 -1.5
v 0.2732788 0.7921441 -1.972288
v 0.5343955 0.7921441 -1.920138
v 0.7811386 0.7921441 -1.835925
v 1.011297 0.7921441 -1.721859
v 1.22266 0.7921442 -1.580152
v 1.413015 0.7921441 -1.413015
v 1.580152 0.7921442 -1.22266
v 1.721859 0.7921442 -1.011297
v 1.835925 0.7921441 -0.7811386
v 1.920138 0.7921441 -0.5343955
v 1.972288 0.7921441 -0.2732787
v 1.990162 0.7921441 0
v 0.2695439 0.6934028 -1.945333
v 0.527092 0.6934028 -1.893896
v 0.7704629 0.6934028 -1.810833
v 0.9974758 0.6934026 -1.698326
v 1.20595 0.6934028 -1.558556
v 1.393704 0.6934028 -1.393704
v 1.558556 0.6934028 -1.20595
v 1.698326 0.6934028 -0.9974758
v 1.810833 0.6934028 -0.7704629
v 1.893896 0.6934028 -0.527092
v 1.945333 0.6934026 -0.2695439
v 1.962963 0.6934028 0
v 0.2639019 0.6035157 -1.904614
v 0.516059 0.6035157 -1.854253
v 0.7543359 0.6035157 -1.77293
v 0.9765971 0.6035156 -1.662778
v 1.180707 0.6035157 -1.525933
v 1.364531 0.6035157 -1.364531
v 1.525933 0.6035157 -1.180707
v 1.662778 0.6035157 -0.9765971
v 1.77293 0.6035157 -0.7543359
v 1.854253 0.6035157 -0.516059
v 1.904614 0.6035156 -0.2639018
v 1.921875 0.6035157 0
v 0.2568295 0.5222222 -1.853572
v 0.502229 0.5222222 -1.804561
v 0.7341202 0.5222222 -1.725417
v 0.950425 0.5222221 -1.618216
v 1.149065 0.5222223 -1.485039
v 1.327963 0.5222222 -1.327963
v 1.485039 0.5222223 -1.149065
v 1.618217 0.5222223 -0.950425
v 1.725417 0.5222222 -0.7341202
v 1.804561 0.5222222 -0.502229
v 1.853571 0.5222221 -0.2568295
v 1.87037 0.5222222 0
v 0.2488037 0.4492622 -1.795648
v 0.4865345 0.4492622 -1.748169
v 0.7111791 0.4492622 -1.671498
v 0.9207245 0.4492622 -1.567648
v 1.113157 0.4492623 -1.438632
v 1.286464 0.4492622 -1.286464
v 1.438632 0.4492623 -1.113157
v 1.567648 0.4492623 -0.9207245
v 1.671498 0.4492622 -0.7111791
v 1.748169 0.4492622 -0.4865345
v 1.795648 0.4492622 -0.2488036
v 1.811921 0.4492622 0
v 0.2403009 0.384375 -1.734282
v 0.4699075 0.384375 -1.688426
v 0.686875 0.384375 -1.614375
v 0.8892592 0.384375 -1.514074
v 1.075116 0.384375 -1.389468
v 1.2425 0.384375 -1.2425
v 1.389467 0.384375 -1.075116
v 1.514074 0.384375 -0.8892592
v 1.614375 0.384375 -0.686875
v 1.688426 0.384375 -0.4699075
v 1.734282 0.384375 -0.2403009
v 1.75 0.384375 0
v 0.2317982 0.3273004 -1.672917
v 0.4532804 0.3273004 -1.628683
v 0.6625709 0.3273004 -1.557253
v 0.857794 0.3273003 -1.460501
v 1.037074 0.3273004 -1.340303
v 1.198536 0.3273004 -1.198536
v 1.340303 0.3273004 -1.037074
v 1.460501 0.3273004 -0.857794
v 1.557253 0.3273004 -0.6625709
v 1.628683 0.3273004 -0.4532804
v 1.672917 0.3273003 -0.2317981
v 1.688079 0.3273004 0
v 0.2237723 0.2777778 -1.614993
v 0.4375858 0.2777778 -1.572291
v 0.6396296 0.2777778 -1.503333
v 0.8280932 0.2777777 -1.409931
v 1.001166 0.2777778 -1.293896
v 1.157037 0.2777778 -1.157037
v 1.293896 0.2777778 -1.001166
v 1.409931 0.2777778 -0.8280932
v 1.503333 0.2777778 -0.6396296
v 1.572291 0.2777778 -0.4375858
v 1.614993 0.2777777 -0.2237722
v 1.62963 0.2777778 0
v 0.2167 0.2355469 -1.563951
v 0.4237559 0.2355469 -1.522598
v 0.6194141 0.2355469 -1.45582
v 0.8019212 0.2355469 -1.36537
v 0.969524 0.2355469 -1.253002
v 1.120469 0.2355469 -1.120469
v 1.253002 0.2355469 -0.969524
v 1.36537 0.2355469 -0.8019212
v 1.45582 0.2355469 -0.6194141
v 1.522598 0.2355469 -0.4237559
v 1.563951 0.2355469 -0.2166999
v 1.578125 0.2355469 0
v 0.211058 0.2003472 -1.523232
v 0.4127229 0.2003472 -1.482956
v 0.603287 0.2003472 -1.417917
v 0.7810425 0.2003472 -1.329822
v 0.9442815 0.2003472 -1.220379
v 1.091296 0.2003472 -1.091296
v 1.220379 0.2003472 -0.9442815
v 1.329822 0.2003472 -0.7810425
v 1.417917 0.2003472 -0.603287
v 1.482956 0.2003472 -0.4127229
v 1.523232 0.2003472 -0.2110579
v 1.537037 0.2003472 0
v 0.2073231 0.1719184 -1.496277
v 0.4054195 0.1719184 -1.456714
v 0.5926114 0.1719184 -1.392825
v 0.7672213 0.1719184 -1.306289
v 0.9275718 0.1719184 -1.198783
v 1.071985 0.1719184 -1.071985
v 1.198783 0.1719184 -0.9275718
v 1.306289 0.1719184 -0.7672213
v 1.392825 0.1719184 -0.5926114
v 1.456714 0.1719184 -0.4054195
v 1.496277 0.1719184 -0.207323
v 1.509838 0.1719184 0
v 0.2059722 0.15 -1.486528
v 0.4027778 0.15 -1.447222
v 0.58875 0.15 -1.38375
v 0.7622222 0.15 -1.297778
v 0.9215278 0.15 -1.190972
v 1.065 0.15 -1.065
v 1.190972 0.15 -0.9215278
v 1.297778 0.15 -0.7622222
v 1.38375 0.15 -0.58875
v 1.447222 0.15 -0.4027778
v 1.486528 0.15 -0.2059722
v 1.5 0.15 0
v 0 0.7921441 1.990162
v 0.2732788 0.7921441 1.972288
v 0.5343955 0.7921441 1.920138
v 0.7811386 0.7921441 1.835925
v 1.011297 0.7921441 1.721859
v 1.22266 0.7921442 1.580152
v 1.413015 0.7921441 1.413015
v 1.580152 0.7921442 1.22266
v 1.721859 0.7921442 1.011297
v 1.835925 0.7921441 0.7811386
v 1.920138 0.7921441 0.5343955
v 1.972288 0.7921441 0.2732787
v 0 0.6934028 1.962963
v 0.2695439 0.6934028 1.945333
v 0.527092 0.6934028 1.893896
v 0.7704629 0.6934028 1.810833
v 0.9974758 0.6934026 1.698326
v 1.20595 0.6934028 1.558556
v 1.393704 0.6934028 1.393704
v 1.558556 0.6934028 1.20595
v 1.698326 0.6934028 0.9974758
v 1.810833 0.6934028 0.7704629
v 1.893896 0.6934028 0.527092
v 1.945333 0.6934026 0.2695439
v 0 0.6035157 1.921875
v 0.2639019 0.6035157 1.904614
v 0.516059 0.6035157 1.854253
v 0.7543359 0.6035157 1.77293
v 0.9765971 0.6035156 1.662778
v 1.180707 0.6035157 1.525933
v 1.364531 0.6035157 1.364531
v 1.525933 0.6035157 1.180707
v 1.662778 0.6035157 0.9765971
v 1.77293 0.6035157 0.7543359
v 1.854253 0.6035157 0.516059
v 1.904614 0.6035156 0.2639018
v 0 0.5222222 1.87037
v 0.2568295 0.5222222 1.853572
v 0.502229 0.5222222 1.804561
v 0.7341202 0.5222222 1.725417
v 0.950425 0.5222221 1.618216
v 1.149065 0.5222223 1.485039
v 1.327963 0.5222222 1.327963
v 1.485039 0.5222223 1.149065
v 1.618217 0.5222223 0.950425
v 1.725417 0.5222222 0.7341202
v 1.804561 0.5222222 0.502229
v 1.853571 0.5222221 0.2568295
v 0 0.4492622 1.811921
v 0.2488037 0.4492622 1.795648
v 0.4865345 0.4492622 1.748169
v 0.7111791 0.4492622 1.671498
v 0.9207245 0.4492622 1.567648
v 1.113157 0.4492623 1.438632
v 1.286464 0.4492622 1.286464
v 1.438632 0.4492623 1.113157
v 1.567648 0.4492623 0.9207245
v 1.671498 0.4492622 0.7111791
v 1.748169 0.4492622 0.4865345
v 1.795648 0.4492622 0.2488036
v 0 0.384375 1.75
v 0.2403009 0.384375 1.734282
v 0.4699075 0.384375 1.688426
v 0.686875 0.384375 1.614375
v 0.8892592 0.384375 1.514074
v 1.075116 0.384375 1.389468
v 1.2425 0.384375 1.2425
v 1.389467 0.384375 1.075116
v 1.514074 0.384375 0.8892592
v 1.614375 0.384375 0.686875
v 1.688426 0.384375 0.4699075
v 1.734282 0.384375 0.2403009
v 0 0.3273004 1.688079
v 0.2317982 0.3273004 1.672917
v 0.4532804 0.3273004 1.628683
v 0.6625709 0.3273004 1.557253
v 0.857794 0.3273003 1.460501
v 1.037074 0.3273004 1.340303
v 1.198536 0.3273004 1.198536
v 1.340303 0.3273004 1.037074
v 1.460501 0.3273004 0.857794
v 1.557253 0.3273004 0.6625709
v 1.628683 0.3273004 0.4532804
v 1.672917 0.3273003 0.2317981
v 0 0.2777778 1.62963
v 0.2237723 0.2777778 1.614993
v 0.4375858 0.2777778 1.572291
v 0.6396296 0.2777778 1.503333
v 0.8280932 0.2777777 1.409931
v 1.001166 0.2777778 1.293896
v 1.157037 0.2777778 1.157037
v 1.293896 0.2777778 1.001166
v 1.409931 0.2777778 0.8280932
v 1.503333 0.2777778 0.6396296
v 1.572291 0.2777778 0.4375858
v 1.614993 0.2777777 0.2237722
v 0 0.2355469 1.578125
v 0.2167 0.2355469 1.563951
v 0.4237559 0.2355469 1.522598
v 0.6194141 0.2355469 1.45582
v 0.8019212 0.2355469 1.36537
v 0.969524 0.2355469 1.253002
v 1.120469 0.2355469 1.120469
v 1.253002 0.2355469 0.969524
v 1.36537 0.2355469 0.8019212
v 1.45582 0.2355469 0.6194141
v 1.522598 0.2355469 0.4237559
v 1.563951 0.2355469 0.2166999
v 0 0.2003472 1.537037
v 0.211058 0.2003472 1.523232
v 0.4127229 0.2003472 1.482956
v 0.603287 0.2003472 1.417917
v 0.7810425 0.2003472 1.329822
v 0.9442815 0.2003472 1.220379
v 1.091296 0.2003472 1.091296
v 1.220379 0.2003472 0.9442815
v 1.329822 0.2003472 0.7810425
v 1.417917 0.2003472 0.603287
v 1.482956 0.2003472 0.4127229
v 1.523232 0.2003472 0.2110579
v 0 0.1719184 1.509838
v 0.2073231 0.1719184 1.496277
v 0.4054195 0.1719184 1.456714
v 0.5926114 0.1719184 1.392825
v 0.7672213 0.1719184 1.306289
v 0.9275718 0.1719184 1.198783
v 1.071985 0.1719184 1.071985
v 1.198783 0.1719184 0.9275718
v 1.306289 0.1719184 0.7672213
v 1.392825 0.1719184 0.5926114
v 1.456714 0.1719184 0.4054195
v 1.496277 0.1719184 0.207323
v 0 0.15 1.5
v 0.2059722 0.15 1.486528
v 0.4027778 0.15 1.447222
v 0.58875 0.15 1.38375
v 0.7622222 0.15 1.297778
v 0.9215278 0.15 1.190972
v 1.065 0.15 1.065
v 1.190972 0.15 0.9215278
v 1.297778 0.15 0.7622222
v 1.38375 0.15 0.58875
v 1.447222 0.15 0.4027778
v 1.486528 0.15 0.2059722
v -1.972288 0.7921441 0.2732788
v -1.920138 0.7921441 0.5343955
v -1.835925 0.7921441 0.7811386
v -1.721859 0.7921441 1.011297
v -1.580152 0.7921442 1.22266
v -1.413015 0.7921441 1.413015
v -1.22266 0.7921442 1.580152
v -1.011297 0.7921442 1.721859
v -0.7811386 0.7921441 1.835925
v -0.5343955 0.7921441 1.920138
v -0.2732787 0.7921441 1.972288
v -1.945333 0.6934028 0.2695439
v -1.893896 0.6934028 0.527092
v -1.810833 0.6934028 0.7704629
v -1.698326 0.6934026 0.9974758
v -1.558556 0.6934028 1.20595
v -1.393704 0.6934028 1.393704
v -1.20595 0.6934028 1.558556
v -0.9974758 0.6934028 1.698326
v -0.7704629 0.6934028 1.810833
v -0.527092 0.6934028 1.893896
v -0.2695439 0.6934026 1.945333
v -1.904614 0.6035157 0.2639019
v -1.854253 0.6035157 0.516059
v -1.77293 0.6035157 0.7543359
v -1.662778 0.6035156 0.9765971
v -1.525933 0.6035157 1.180707
v -1.364531 0.6035157 1.364531
v -1.180707 0.6035157 1.525933
v -0.9765971 0.6035157 1.662778
v -0.7543359 0.6035157 1.77293
v -0.516059 0.6035157 1.854253
v -0.2639018 0.6035156 1.904614
v -1.853572 0.5222222 0.2568295
v -1.804561 0.5222222 0.502229
v -1.725417 0.5222222 0.7341202
v -1.618216 0.5222221 0.950425
v -1.485039 0.5222223 1.149065
v -1.327963 0.5222222 1.327963
v -1.149065 0.5222223 1.485039
v -0.950425 0.5222223 1.618217
v -0.7341202 0.5222222 1.725417
v -0.502229 0.5222222 1.804561
v -0.2568295 0.5222221 1.853571
v -1.795648 0.4492622 0.2488037
v -1.748169 0.4492622 0.4865345
v -1.671498 0.4492622 0.7111791
v -1.567648 0.4492622 0.9207245
v -1.438632 0.4492623 1.113157
v -1.286464 0.4492622 1.286464
v -1.113157 0.4492623 1.438632
v -0.9207245 0.4492623 1.567648
v -0.7111791 0.4492622 1.671498
v -0.4865345 0.4492622 1.748169
v -0.2488036 0.4492622 1.795648
v -1.734282 0.384375 0.2403009
v -1.688426 0.384375 0.4699075
v -1.614375 0.384375 0.686875
v -1.514074 0.384375 0.8892592
v -1.389468 0.384375 1.075116
v -1.2425 0.384375 1.2425
v -1.075116 0.384375 1.389467
v -0.8892592 0.384375 1.514074
v -0.686875 0.384375 1.614375
v -0.4699075 0.384375 1.688426
v -0.2403009 0.384375 1.734282
v -1.672917 0.3273004 0.2317982
v -1.628683 0.3273004 0.4532804
v -1.557253 0.3273004 0.6625709
v -1.460501 0.3273003 0.857794
v -1.340303 0.3273004 1.037074
v -1.198536 0.3273004 1.198536
v -1.037074 0.3273004 1.340303
v -0.857794 0.3273004 1.460501
v -0.6625709 0.3273004 1.557253
v -0.4532804 0.3273004 1.628683
v -0.2317981 0.3273003 1.672917
v -1.614993 0.2777778 0.2237723
v -1.572291 0.2777778 0.4375858
v -1.503333 0.2777778 0.6396296
v -1.409931 0.2777777 0.8280932
v -1.293896 0.2777778 1.001166
v -1.157037 0.2777778 1.157037
v -1.001166 0.2777778 1.293896
v -0.8280932 0.2777778 1.409931
v -0.6396296 0.2777778 1.503333
v -0.4375858 0.2777778 1.572291
v -0.2237722 0.2777777 1.614993
v -1.563951 0.2355469 0.2167
v -1.522598 0.2355469 0.4237559
v -1.45582 0.2355469 0.6194141
v -1.36537 0.2355469 0.8019212
v -1.253002 0.2355469 0.969524
v -1.120469 0.2355469 1.120469
v -0.969524 0.2355469 1.253002
v -0.8019212 0.2355469 1.36537
v -0.6194141 0.2355469 1.45582
v -0.4237559 0.2355469 1.522598
v -0.2166999 0.2355469 1.563951
v -1.523232 0.2003472 0.211058
v -1.482956 0.2003472 0.4127229
v -1.417917 0.2003472 0.603287
v -1.329822 0.2003472 0.7810425
v -1.220379 0.2003472 0.9442815
v -1.091296 0.2003472 1.091296
v -0.9442815 0.2003472 1.220379
v -0.7810425 0.2003472 1.329822
v -0.603287 0.2003472 1.417917
v -0.4127229 0.2003472 1.482956
v -0.2110579 0.2003472 1.523232
v -1.496277 0.1719184 0.2073231
v -1.456714 0.1719184 0.4054195
v -1.392825 0.1719184 0.5926114
v -1.306289 0.1719184 0.7672213
v -1.198783 0.1719184 0.9275718
v -1.071985 0.1719184 1.071985
v -0.9275718 0.1719184 1.198783
v -0.7672213 0.1719184 1.306289
v -0.5926114 0.1719184 1.392825
v -0.4054195 0.1719184 1.456714
v -0.207323 0.1719184 1.496277
v -1.486528 0.15 0.2059722
v -1.447222 0.15 0.4027778
v -1.38375 0.15 0.58875
v -1.297778 0.15 0.7622222
v -1.190972 0.15 0.9215278
v -1.065 0.15 1.065
v -0.9215278 0.15 1.190972
v -0.7622222 0.15 1.297778
v -0.58875 0.15 1.38375
v -0.4027778 0.15 1.447222
v -0.2059722 0.15 1.486528
v -1.4977 0.1312934 0
v -1.484248 0.1312934 -0.2056564
v -1.445003 0.1312934 -0.4021602
v -1.381628 0.1312934 -0.5878472
v -1.295788 0.1312934 -0.7610533
v -1.189146 0.1312934 -0.9201146
v -1.063367 0.1312934 -1.063367
v -0.9201146 0.1312934 -1.189146
v -0.7610533 0.1312934 -1.295788
v -0.5878472 0.1312934 -1.381628
v -0.4021602 0.1312934 -1.445003
v -0.2056563 0.1312934 -1.484248
v 0 0.1312934 -1.4977
v -1.487847 0.1128472 0
v -1.474484 0.1128472 -0.2043035
v -1.435497 0.1128472 -0.3995145
v -1.372539 0.1128472 -0.58398
v -1.287263 0.1128472 -0.7560467
v -1.181323 0.1128472 -0.9140616
v -1.056372 0.1128472 -1.056372
v -0.9140616 0.1128472 -1.181323
v -0.7560467 0.1128472 -1.287263
v -0.58398 0.1128472 -1.372539
v -0.3995145 0.1128472 -1.435497
v -0.2043034 0.1128472 -1.474484
v 0 0.1128472 -1.487847
v -1.466016 0.09492188 0
v -1.452849 0.09492188 -0.2013057
v -1.414433 0.09492188 -0.3936524
v -1.352399 0.09492188 -0.5754111
v -1.268375 0.09492186 -0.744953
v -1.163989 0.09492188 -0.9006494
v -1.040871 0.09492188 -1.040871
v -0.9006494 0.09492188 -1.163989
v -0.744953 0.09492187 -1.268375
v -0.5754111 0.09492188 -1.352399
v -0.3936524 0.09492188 -1.414433
v -0.2013056 0.09492188 -1.452849
v 0 0.09492188 -1.466016
v -1.427778 0.07777777 0
v -1.414954 0.07777778 -0.196055
v -1.377541 0.07777778 -0.3833848
v -1.317125 0.07777777 -0.5604027
v -1.235292 0.07777776 -0.7255225
v -1.133629 0.07777778 -0.8771579
v -1.013722 0.07777778 -1.013722
v -0.8771578 0.07777778 -1.133629
v -0.7255225 0.07777776 -1.235292
v -0.5604027 0.07777777 -1.317125
v -0.3833848 0.07777778 -1.377541
v -0.196055 0.07777777 -1.414954
v 0 0.07777777 -1.427778
v -1.368707 0.06167535 0
v -1.356414 0.06167536 -0.1879437
v -1.320549 0.06167536 -0.3675231
v -1.262632 0.06167535 -0.5372174
v -1.184185 0.06167535 -0.6955057
v -1.086728 0.06167536 -0.8408676
v -0.9717818 0.06167536 -0.9717818
v -0.8408676 0.06167536 -1.086728
v -0.6955057 0.06167535 -1.184185
v -0.5372174 0.06167535 -1.262632
v -0.3675231 0.06167536 -1.320549
v -0.1879437 0.06167535 -1.356414
v 0 0.06167535 -1.368707
v -1.284375 0.046875 0
v -1.272839 0.046875 -0.1763637
v -1.239184 0.046875 -0.3448785
v -1.184836 0.046875 -0.5041172
v -1.111222 0.04687499 -0.6526527
v -1.01977 0.046875 -0.7890582
v -0.9119062 0.046875 -0.9119062
v -0.7890582 0.046875 -1.01977
v -0.6526527 0.046875 -1.111222
v -0.5041172 0.046875 -1.184836
v -0.3448785 0.046875 -1.239184
v -0.1763637 0.046875 -1.272839
v 0 0.046875 -1.284375
v -1.170356 0.03363715 0
v -1.159844 0.03363716 -0.1607072
v -1.129177 0.03363716 -0.3142623
v -1.079653 0.03363715 -0.4593647
v -1.012574 0.03363715 -0.5947142
v -0.9292411 0.03363716 -0.7190104
v -0.8309528 0.03363716 -0.8309528
v -0.7190104 0.03363716 -0.9292408
v -0.5947142 0.03363715 -1.012574
v -0.4593647 0.03363715 -1.079653
v -0.3142623 0.03363716 -1.129177
v -0.1607072 0.03363715 -1.159844
v 0 0.03363715 -1.170356
v -1.022222 0.02222222 0
v -1.013041 0.02222222 -0.1403663
v -0.986255 0.02222222 -0.2744856
v -0.9429999 0.02222222 -0.4012222
v -0.8844114 0.02222222 -0.5194403
v -0.8116255 0.02222222 -0.6280041
v -0.7257777 0.02222222 -0.7257777
v -0.6280041 0.02222222 -0.8116255
v -0.5194403 0.02222222 -0.8844114
v -0.4012222 0.02222222 -0.9429999
v -0.2744856 0.02222222 -0.986255
v -0.1403662 0.02222222 -1.013041
v 0 0.02222222 -1.022222
v -0.8355469 0.01289063 0
v -0.8280424 0.01289063 -0.114733
v -0.806148 0.01289063 -0.2243598
v -0.770792 0.01289063 -0.3279521
v -0.7229027 0.01289062 -0.4245816
v -0.6634088 0.01289063 -0.5133198
v -0.5932383 0.01289063 -0.5932383
v -0.5133198 0.01289063 -0.6634088
v -0.4245816 0.01289062 -0.7229027
v -0.3279521 0.01289063 -0.770792
v -0.2243598 0.01289063 -0.806148
v -0.1147329 0.01289063 -0.8280423
v 0 0.01289063 -0.8355469
v -0.6059028 0.005902779 0
v -0.6004609 0.005902779 -0.08319943
v -0.584584 0.005902779 -0.1626961
v -0.5589454 0.005902779 -0.2378169
v -0.5242181 0.005902778 -0.3078884
v -0.4810757 0.005902779 -0.3722376
v -0.430191 0.005902779 -0.430191
v -0.3722375 0.005902779 -0.4810756
v -0.3078884 0.005902779 -0.5242181
v -0.2378169 0.005902779 -0.5589454
v -0.1626962 0.005902779 -0.584584
v -0.08319942 0.005902779 -0.6004609
v 0 0.005902779 -0.6059028
v -0.3288628 0.001519097 0
v -0.3259091 0.001519097 -0.04515773
v -0.3172916 0.001519097 -0.08830574
v -0.3033759 0.001519097 -0.1290786
v -0.2845272 0.001519096 -0.167111
v -0.261111 0.001519097 -0.2020375
v -0.2334926 0.001519097 -0.2334926
v -0.2020375 0.001519097 -0.2611109
v -0.167111 0.001519096 -0.2845272
v -0.1290786 0.001519097 -0.3033759
v -0.08830576 0.001519097 -0.3172916
v -0.04515773 0.001519097 -0.3259091
v 0 0.001519097 -0.3288628
v 0 0 0
v 0.2056564 0.1312934 -1.484248
v 0.4021602 0.1312934 -1.445003
v 0.5878472 0.1312934 -1.381628
v 0.7610533 0.1312934 -1.295788
v 0.9201146 0.1312934 -1.189146
v 1.063367 0.1312934 -1.063367
v 1.189146 0.1312934 -0.9201146
v 1.295788 0.1312934 -0.7610533
v 1.381628 0.1312934 -0.5878472
v 1.445003 0.1312934 -0.4021602
v 1.484248 0.1312934 -0.2056563
v 1.4977 0.1312934 0
v 0.2043035 0.1128472 -1.474484
v 0.3995145 0.1128472 -1.435497
v 0.58398 0.1128472 -1.372539
v 0.7560467 0.1128472 -1.287263
v 0.9140616 0.1128472 -1.181323
v 1.056372 0.1128472 -1.056372
v 1.181323 0.1128472 -0.9140616
v 1.287263 0.1128472 -0.7560467
v 1.372539 0.1128472 -0.58398
v 1.435497 0.1128472 -0.3995145
v 1.474484 0.1128472 -0.2043034
v 1.487847 0.1128472 0
v 0.2013057 0.09492188 -1.452849
v 0.3936524 0.09492188 -1.414433
v 0.5754111 0.09492188 -1.352399
v 0.744953 0.09492186 -1.268375
v 0.9006494 0.09492188 -1.163989
v 1.040871 0.09492188 -1.040871
v 1.163989 0.09492188 -0.9006494
v 1.268375 0.09492187 -0.744953
v 1.352399 0.09492188 -0.5754111
v 1.414433 0.09492188 -0.3936524
v 1.452849 0.09492188 -0.2013056
v 1.466016 0.09492188 0
v 0.196055 0.07777778 -1.414954
v 0.3833848 0.07777778 -1.377541
v 0.5604027 0.07777777 -1.317125
v 0.7255225 0.07777776 -1.235292
v 0.8771579 0.07777778 -1.133629
v 1.013722 0.07777778 -1.013722
v 1.133629 0.07777778 -0.8771578
v 1.235292 0.07777776 -0.7255225
v 1.317125 0.07777777 -0.5604027
v 1.377541 0.07777778 -0.3833848
v 1.414954 0.07777777 -0.196055
v 1.427778 0.07777777 0
v 0.1879437 0.06167536 -1.356414
v 0.3675231 0.06167536 -1.320549
v 0.5372174 0.06167535 -1.262632
v 0.6955057 0.06167535 -1.184185
v 0.8408676 0.06167536 -1.086728
v 0.9717818 0.06167536 -0.9717818
v 1.086728 0.06167536 -0.8408676
v 1.184185 0.06167535 -0.6955057
v 1.262632 0.06167535 -0.5372174
v 1.320549 0.06167536 -0.3675231
v 1.356414 0.06167535 -0.1879437
v 1.368707 0.06167535 0
v 0.1763637 0.046875 -1.272839
v 0.3448785 0.046875 -1.239184
v 0.5041172 0.046875 -1.184836
v 0.6526527 0.04687499 -1.111222
v 0.7890582 0.046875 -1.01977
v 0.9119062 0.046875 -0.9119062
v 1.01977 0.046875 -0.7890582
v 1.111222 0.046875 -0.6526527
v 1.184836 0.046875 -0.5041172
v 1.239184 0.046875 -0.3448785
v 1.272839 0.046875 -0.1763637
v 1.284375 0.046875 0
v 0.1607072 0.03363716 -1.159844
v 0.3142623 0.03363716 -1.129177
v 0.4593647 0.03363715 -1.079653
v 0.5947142 0.03363715 -1.012574
v 0.7190104 0.03363716 -0.9292411
v 0.8309528 0.03363716 -0.8309528
v 0.9292408 0.03363716 -0.7190104
v 1.012574 0.03363715 -0.5947142
v 1.079653 0.03363715 -0.4593647
v 1.129177 0.03363716 -0.3142623
v 1.159844 0.03363715 -0.1607072
v 1.170356 0.03363715 0
v 0.1403663 0.02222222 -1.013041
v 0.2744856 0.02222222 -0.986255
v 0.4012222 0.02222222 -0.9429999
v 0.5194403 0.02222222 -0.8844114
v 0.6280041 0.02222222 -0.8116255
v 0.7257777 0.02222222 -0.7257777
v 0.8116255 0.02222222 -0.6280041
v 0.8844114 0.02222222 -0.5194403
v 0.9429999 0.02222222 -0.4012222
v 0.986255 0.02222222 -0.2744856
v 1.013041 0.02222222 -0.1403662
v 1.022222 0.02222222 0
v 0.114733 0.01289063 -0.8280424
v 0.2243598 0.01289063 -0.806148
v 0.3279521 0.01289063 -0.770792
v 0.4245816 0.01289062 -0.7229027
v 0.5133198 0.01289063 -0.6634088
v 0.5932383 0.01289063 -0.5932383
v 0.6634088 0.01289063 -0.5133198
v 0.7229027 0.01289062 -0.4245816
v 0.770792 0.01289063 -0.3279521
v 0.806148 0.01289063 -0.2243598
v 0.8280423 0.01289063 -0.1147329
v 0.8355469 0.01289063 0
v 0.08319943 0.005902779 -0.6004609
v 0.1626961 0.005902779 -0.584584
v 0.2378169 0.005902779 -0.5589454
v 0.3078884 0.005902778 -0.5242181
v 0.3722376 0.005902779 -0.4810757
v 0.430191 0.005902779 -0.430191
v 0.4810756 0.005902779 -0.3722375
v 0.5242181 0.005902779 -0.3078884
v 0.5589454 0.005902779 -0.2378169
v 0.584584 0.005902779 -0.1626962
v 0.6004609 0.005902779 -0.08319942
v 0.6059028 0.005902779 0
v 0.04515773 0.001519097 -0.3259091
v 0.08830574 0.001519097 -0.3172916
v 0.1290786 0.001519097 -0.3033759
v 0.167111 0.001519096 -0.2845272
v 0.2020375 0.001519097 -0.261111
v 0.2334926 0.001519097 -0.2334926
v 0.2611109 0.001519097 -0.2020375
v 0.2845272 0.001519096 -0.167111
v 0.3033759 0.001519097 -0.1290786
v 0.3172916 0.001519097 -0.08830576
v 0.3259091 0.001519097 -0.04515773
v 0.3288628 0.001519097 0
v 0 0.1312934 1.4977
v 0.2056564 0.1312934 1.484248
v 0.4021602 0.1312934 1.445003
v 0.5878472 0.1312934 1.381628
v 0.7610533 0.1312934 1.295788
v 0.9201146 0.1312934 1.189146
v 1.063367 0.1312934 1.063367
v 1.189146 0.1312934 0.9201146
v 1.295788 0.1312934 0.7610533
v 1.381628 0.1312934 0.5878472
v 1.445003 0.1312934 0.4021602
v 1.484248 0.1312934 0.2056563
v 0 0.1128472 1.487847
v 0.2043035 0.1128472 1.474484
v 0.3995145 0.1128472 1.435497
v 0.58398 0.1128472 1.372539
v 0.7560467 0.1128472 1.287263
v 0.9140616 0.1128472 1.181323
v 1.056372 0.1128472 1.056372
v 1.181323 0.1128472 0.9140616
v 1.287263 0.1128472 0.7560467
v 1.372539 0.1128472 0.58398
v 1.435497 0.1128472 0.3995145
v 1.474484 0.1128472 0.2043034
v 0 0.09492188 1.466016
v 0.2013057 0.09492188 1.452849
v 0.3936524 0.09492188 1.414433
v 0.5754111 0.09492188 1.352399
v 0.744953 0.09492186 1.268375
v 0.9006494 0.09492188 1.163989
v 1.040871 0.09492188 1.040871
v 1.163989 0.09492188 0.9006494
v 1.268375 0.09492187 0.744953
v 1.352399 0.09492188 0.5754111
v 1.414433 0.09492188 0.3936524
v 1.452849 0.09492188 0.2013056
v 0 0.07777777 1.427778
v 0.196055 0.07777778 1.414954
v 0.3833848 0.07777778 1.377541
v 0.5604027 0.07777777 1.317125
v 0.7255225 0.07777776 1.235292
v 0.8771579 0.07777778 1.133629
v 1.013722 0.07777778 1.013722
v 1.133629 0.07777778 0.8771578
v 1.235292 0.07777776 0.7255225
v 1.317125 0.07777777 0.5604027
v 1.377541 0.07777778 0.3833848
v 1.414954 0.07777777 0.196055
v 0 0.06167535 1.368707
v 0.1879437 0.06167536 1.356414
v 0.3675231 0.06167536 1.320549
v 0.5372174 0.06167535 1.262632
v 0.6955057 0.06167535 1.184185
v 0.8408676 0.06167536 1.086728
v 0.9717818 0.06167536 0.9717818
v 1.086728 0.06167536 0.8408676
v 1.184185 0.06167535 0.6955057
v 1.262632 0.06167535 0.5372174
v 1.320549 0.06167536 0.3675231
v 1.356414 0.06167535 0.1879437
v 0 0.046875 1.284375
v 0.1763637 0.046875 1.272839
v 0.3448785 0.046875 1.239184
v 0.5041172 0.046875 1.184836
v 0.6526527 0.04687499 1.111222
v 0.7890582 0.046875 1.01977
v 0.9119062 0.046875 0.9119062
v 1.01977 0.046875 0.7890582
v 1.111222 0.046875 0.6526527
v 1.184836 0.046875 0.5041172
v 1.239184 0.046875 0.3448785
v 1.272839 0.046875 0.1763637
v 0 0.03363715 1.170356
v 0.1607072 0.03363716 1.159844
v 0.3142623 0.03363716 1.129177
v 0.4593647 0.03363715 1.079653
v 0.5947142 0.03363715 1.012574
v 0.7190104 0.03363716 0.9292411
v 0.8309528 0.03363716 0.8309528
v 0.9292408 0.03363716 0.7190104
v 1.012574 0.03363715 0.5947142
v 1.079653 0.03363715 0.4593647
v 1.129177 0.03363716 0.3142623
v 1.159844 0.03363715 0.1607072
v 0 0.02222222 1.022222
v 0.1403663 0.02222222 1.013041
v 0.2744856 0.02222222 0.986255
v 0.4012222 0.02222222 0.9429999
v 0.5194403 0.02222222 0.8844114
v 0.6280041 0.02222222 0.8116255
v 0.7257777 0.02222222 0.7257777
v 0.8116255 0.02222222 0.6280041
v 0.8844114 0.02222222 0.5194403
v 0.9429999 0.02222222 0.4012222
v 0.986255 0.02222222 0.2744856
v 1.013041 0.02222222 0.1403662
v 0 0.01289063 0.8355469
v 0.114733 0.01289063 0.8280424
v 0.2243598 0.01289063 0.806148
v 0.3279521 0.01289063 0.770792
v 0.4245816 0.01289062 0.7229027
v 0.5133198 0.01289063 0.6634088
v 0.5932383 0.01289063 0.5932383
v 0.6634088 0.01289063 0.5133198
v 0.7229027 0.01289062 0.4245816
v 0.770792 0.01289063 0.3279521
v 0.806148 0.01289063 0.2243598
v 0.8280423 0.01289063 0.1147329
v 0 0.005902779 0.6059028
v 0.08319943 0.005902779 0.6004609
v 0.1626961 0.005902779 0.584584
v 0.2378169 0.005902779 0.5589454
v 0.3078884 0.005902778 0.5242181
v 0.3722376 0.005902779 0.4810757
v 0.430191 0.005902779 0.430191
v 0.4810756 0.005902779 0.3722375
v 0.5242181 0.005902779 0.3078884
v 0.5589454 0.005902779 0.2378169
v 0.584584 0.005902779 0.1626962
v 0.6004609 0.005902779 0.08319942
v 0 0.001519097 0.3288628
v 0.04515773 0.001519097 0.3259091
v 0.08830574 0.001519097 0.3172916
v 0.1290786 0.001519097 0.3033759
v 0.167111 0.001519096 0.2845272
v 0.2020375 0.001519097 0.261111
v 0.2334926 0.001519097 0.2334926
v 0.2611109 0.001519097 0.2020375
v 0.2845272 0.001519096 0.167111
v 0.3033759 0.001519097 0.1290786
v 0.3172916 0.001519097 0.08830576
v 0.3259091 0.001519097 0.04515773
v -1.484248 0.1312934 0.2056564
v -1.445003 0.1312934 0.4021602
v -1.381628 0.1312934 0.5878472
v -1.295788 0.1312934 0.7610533
v -1.189146 0.1312934 0.9201146
v -1.063367 0.1312934 1.063367
v -0.9201146 0.1312934 1.189146
v -0.7610533 0.1312934 1.295788
v -0.5878472 0.1312934 1.381628
v -0.4021602 0.1312934 1.445003
v -0.2056563 0.1312934 1.484248
v -1.474484 0.1128472 0.2043035
v -1.435497 0.1128472 0.3995145
v -1.372539 0.1128472 0.58398
v -1.287263 0.1128472 0.7560467
v -1.181323 0.1128472 0.9140616
v -1.056372 0.1128472 1.056372
v -0.9140616 0.1128472 1.181323
v -0.7560467 0.1128472 1.287263
v -0.58398 0.1128472 1.372539
v -0.3995145 0.1128472 1.435497
v -0.2043034 0.1128472 1.474484
v -1.452849 0.09492188 0.2013057
v -1.414433 0.09492188 0.3936524
v -1.352399 0.09492188 0.5754111
v -1.268375 0.09492186 0.744953
v -1.163989 0.09492188 0.9006494
v -1.040871 0.09492188 1.040871
v -0.9006494 0.09492188 1.163989
v -0.744953 0.09492187 1.268375
v -0.5754111 0.09492188 1.352399
v -0.3936524 0.09492188 1.414433
v -0.2013056 0.09492188 1.452849
v -1.414954 0.07777778 0.196055
v -1.377541 0.07777778 0.3833848
v -1.317125 0.07777777 0.5604027
v -1.235292 0.07777776 0.7255225
v -1.133629 0.07777778 0.8771579
v -1.013722 0.07777778 1.013722
v -0.8771578 0.07777778 1.133629
v -0.7255225 0.07777776 1.235292
v -0.5604027 0.07777777 1.317125
v -0.3833848 0.07777778 1.377541
v -0.196055 0.07777777 1.414954
v -1.356414 0.06167536 0.1879437
v -1.320549 0.06167536 0.3675231
v -1.262632 0.06167535 0.5372174
v -1.184185 0.06167535 0.6955057
v -1.086728 0.06167536 0.8408676
v -0.9717818 0.06167536 0.9717818
v -0.8408676 0.06167536 1.086728
v -0.6955057 0.06167535 1.184185
v -0.5372174 0.06167535 1.262632
v -0.3675231 0.06167536 1.320549
v -0.1879437 0.06167535 1.356414
v -1.272839 0.046875 0.1763637
v -1.239184 0.046875 0.3448785
v -1.184836 0.046875 0.5041172
v -1.111222 0.04687499 0.6526527
v -1.01977 0.046875 0.7890582
v -0.9119062 0.046875 0.9119062
v -0.7890582 0.046875 1.01977
v -0.6526527 0.046875 1.111222
v -0.5041172 0.046875 1.184836
v -0.3448785 0.046875 1.239184
v -0.1763637 0.046875 1.272839
v -1.159844 0.03363716 0.1607072
v -1.129177 0.03363716 0.3142623
v -1.079653 0.03363715 0.4593647
v -1.012574 0.03363715 0.5947142
v -0.9292411 0.03363716 0.7190104
v -0.8309528 0.03363716 0.8309528
v -0.7190104 0.03363716 0.9292408
v -0.5947142 0.03363715 1.012574
v -0.4593647 0.03363715 1.079653
v -0.3142623 0.03363716 1.129177
v -0.1607072 0.03363715 1.159844
v -1.013041 0.02222222 0.1403663
v -0.986255 0.02222222 0.2744856
v -0.9429999 0.02222222 0.4012222
v -0.8844114 0.02222222 0.5194403
v -0.8116255 0.02222222 0.6280041
v -0.7257777 0.02222222 0.7257777
v -0.6280041 0.02222222 0.8116255
v -0.5194403 0.02222222 0.8844114
v -0.4012222 0.02222222 0.9429999
v -0.2744856 0.02222222 0.986255
v -0.1403662 0.02222222 1.013041
v -0.8280424 0.01289063 0.114733
v -0.806148 0.01289063 0.2243598
v -0.770792 0.01289063 0.3279521
v -0.7229027 0.01289062 0.4245816
v -0.6634088 0.01289063 0.5133198
v -0.5932383 0.01289063 0.5932383
v -0.5133198 0.01289063 0.6634088
v -0.4245816 0.01289062 0.7229027
v -0.3279521 0.01289063 0.770792
v -0.2243598 0.01289063 0.806148
v -0.1147329 0.01289063 0.8280423
v -0.6004609 0.005902779 0.08319943
v -0.584584 0.005902779 0.1626961
v -0.5589454 0.005902779 0.2378169
v -0.5242181 0.005902778 0.3078884
v -0.4810757 0.005902779 0.3722376
v -0.430191 0.005902779 0.430191
v -0.3722375 0.005902779 0.4810756
v -0.3078884 0.005902779 0.5242181
v -0.2378169 0.005902779 0.5589454
v -0.1626962 0.005902779 0.584584
v -0.08319942 0.005902779 0.6004609
v -0.3259091 0.001519097 0.04515773
v -0.3172916 0.001519097 0.08830574
v -0.3033759 0.001519097 0.1290786
v -0.2845272 0.001519096 0.167111
v -0.261111 0.001519097 0.2020375
v -0.2334926 0.001519097 0.2334926
v -0.2020375 0.001519097 0.2611109
v -0.167111 0.001519096 0.2845272
v -0.1290786 0.001519097 0.3033759
v -0.08830576 0.001519097 0.3172916
v -0.04515773 0.001519097 0.3259091

vn 0 1 0
vn 0 0.9836066 -0.1803278
vn 0 0.9230769 -0.3846154
vn 0 0.8000001 -0.5999999
vn 0 0.6 -0.8
vn 0 0.3243244 -0.9459459
vn 0 0 -1
vn 0 -0.3243243 -0.945946
vn 0 -0.6000002 -0.7999999
vn 0 -0.8000001 -0.6
vn 0 -0.9230769 -0.3846153
vn 0 -0.9836066 -0.1803278
vn 0 -1 0
vn -0.004545407 0.9999897 0
vn -0.00445261 0.9836293 -0.1801485
vn -0.004130207 0.9232073 -0.3842801
vn -0.003513589 0.8002845 -0.5996103
vn -0.00256954 0.6003799 -0.7997108
vn -0.001345617 0.324609 -0.9458473
vn 0 0 -1
vn 0.00124104 -0.3245998 -0.9458506
vn 0.002191709 -0.6003571 -0.799729
vn 0.002789417 -0.800261 -0.5996454
vn 0.003087375 -0.9231958 -0.3843174
vn 0.003192271 -0.9836301 -0.180171
vn 0.003208539 -0.9999948 0
vn -0.019996 0.9998001 0
vn -0.01958556 0.9834941 -0.179877
vn -0.01816237 0.923254 -0.3837606
vn -0.01544505 0.800612 -0.5989839
vn -0.01128991 0.6009279 -0.7992235
vn -0.005908316 0.3250697 -0.9456716
vn 0 0 -1
vn 0.005434759 -0.3251183 -0.9456577
vn 0.009579421 -0.6010624 -0.7991447
vn 0.01216793 -0.8007812 -0.5988333
vn 0.01344534 -0.9234013 -0.3836003
vn 0.01388681 -0.9836088 -0.1797802
vn 0.01395213 -0.9999027 0
vn -0.04993761 0.9987524 0
vn -0.04890418 0.9824567 -0.1799644
vn -0.0453289 0.922269 -0.3838814
vn -0.0385204 0.7997881 -0.5990452
vn -0.02813535 0.6004207 -0.7991893
vn -0.01471254 0.3249238 -0.9456258
vn 0 0 -1
vn 0.01350727 -0.3252539 -0.9455303
vn 0.02377332 -0.6013258 -0.7986501
vn 0.03014645 -0.8009179 -0.5980148
vn 0.03325951 -0.9232382 -0.382786
vn 0.0343143 -0.9831952 -0.1793036
vn 0.03446227 -0.999406 0
vn -0.09950372 0.9950371 0
vn -0.09741426 0.9786591 -0.1809336
vn -0.09020549 0.9182457 -0.3856006
vn -0.07654011 0.7956712 -0.6008734
vn -0.05581048 0.5968953 -0.8003756
vn -0.02914684 0.3229767 -0.945958
vn 0 0 -1
vn 0.02674383 -0.3240152 -0.9456738
vn 0.04706077 -0.5997946 -0.7987689
vn 0.05963474 -0.7994279 -0.5977949
vn 0.06572696 -0.9216882 -0.3823229
vn 0.06775399 -0.9815215 -0.1789549
vn 0.06802389 -0.9976837 0
vn -0.1757906 0.9844276 0
vn -0.1720107 0.967886 -0.1833277
vn -0.1590117 0.9070192 -0.3899123
vn -0.1345466 0.7843232 -0.6055858
vn -0.09780003 0.5871057 -0.8035808
vn -0.05096659 0.3173685 -0.9469317
vn 0 0 -1
vn 0.04684137 -0.319786 -0.9463312
vn 0.08259938 -0.5940684 -0.8001626
vn 0.1047996 -0.7938715 -0.5989867
vn 0.1155326 -0.9165591 -0.3828467
vn 0.1190666 -0.9766086 -0.1790498
vn 0.1195222 -0.9928315 0
vn -0.2873479 0.9578263 0
vn -0.2809722 0.9412265 -0.1874758
vn -0.2591067 0.8802984 -0.3974146
vn -0.2183381 0.7586325 -0.6138446
vn -0.1579717 0.5657855 -0.8092785
vn -0.08208135 0.3052943 -0.9487139
vn 0 0 -1
vn 0.07581048 -0.3099795 -0.947716
vn 0.134432 -0.5799034 -0.8035173
vn 0.17133 -0.7794745 -0.6025491
vn 0.1893473 -0.9032083 -0.3851784
vn 0.1953279 -0.9640748 -0.1800191
vn 0.1961161 -0.9805806 0
vn -0.4400151 0.8979903 0
vn -0.429975 0.8820044 -0.1928464
vn -0.3955406 0.8232668 -0.4071603
vn -0.3318547 0.7069085 -0.6246221
vn -0.2389319 0.5251386 -0.8167871
vn -0.1238139 0.2829235 -0.9511175
vn 0 0 -1
vn 0.1154327 -0.2907531 -0.9498094
vn 0.2067385 -0.5501451 -0.8090733
vn 0.2658747 -0.7471772 -0.6091281
vn 0.2956285 -0.8720456 -0.3900517
vn 0.3059183 -0.9344405 -0.1823047
vn 0.3074304 -0.9515706 0
vn -0.6246951 0.7808688 0
vn -0.6104698 0.7671306 -0.1970716
vn -0.5613232 0.7160468 -0.4149619
vn -0.4702979 0.6144429 -0.6334665
vn -0.3380912 0.4561834 -0.8231593
vn -0.175259 0.2461393 -0.9532574
vn 0 0 -1
vn 0.165782 -0.2573295 -0.9519967
vn 0.3009899 -0.494273 -0.8155361
vn 0.3924586 -0.6814992 -0.6176853
vn 0.44108 -0.8048442 -0.3970822
vn 0.459345 -0.8685922 -0.1858756
vn 0.4625659 -0.8865848 0
vn -0.8035572 0.5952276 0
vn -0.7863687 0.5856783 -0.196482
vn -0.7258942 0.5490738 -0.4142409
vn -0.6116433 0.4741868 -0.6332767
vn -0.4425946 0.3547035 -0.823587
vn -0.2310482 0.1929519 -0.9536175
vn 0 0 -1
vn 0.2226529 -0.2060493 -0.9528743
vn 0.4097442 -0.4017103 -0.8189862
vn 0.5424517 -0.5630856 -0.6234426
vn 0.6181793 -0.6750234 -0.4027379
vn 0.6499767 -0.7360494 -0.1891076
vn 0.6567807 -0.7540817 0
vn -0.9284766 0.3713908 0
vn -0.9107864 0.3663657 -0.1903788
vn -0.847028 0.3461955 -0.4033512
vn -0.7224142 0.3028427 -0.621614
vn -0.5305012 0.2301096 -0.8158541
vn -0.2808531 0.1270879 -0.9512993
vn 0 0 -1
vn 0.2757865 -0.1386527 -0.9511662
vn 0.5113281 -0.2727086 -0.8149684
vn 0.6833116 -0.3863482 -0.6195323
vn 0.7872427 -0.4687263 -0.4006802
vn 0.8354372 -0.5162321 -0.1885451
vn 0.8473629 -0.5310143 0
vn -0.9866135 0.1630766 0
vn -0.9697459 0.1612175 -0.1833083
vn -0.9078355 0.153422 -0.3902516
vn -0.7832619 0.1358649 -0.6066642
vn -0.583858 0.1048898 -0.8050515
vn -0.313649 0.05884819 -0.9477137
vn 0 0 -1
vn 0.3121899 -0.0652471 -0.9477765
vn 0.5786578 -0.1284657 -0.8053891
vn 0.7733256 -0.1822333 -0.6072549
vn 0.8933241 -0.2219096 -0.3908045
vn 0.9518354 -0.2455608 -0.1836006
vn 0.9674189 -0.2531812 0
vn -1 0 0
vn -0.9836065 0 -0.1803279
vn -0.9230769 0 -0.3846153
vn -0.8000001 0 -0.5999999
vn -0.6 0 -0.8
vn -0.3243244 0 -0.9459459
vn 0 0 -1
vn 0.3243243 0 -0.945946
vn 0.6000001 0 -0.7999998
vn 0.8000001 0 -0.5999999
vn 0.9230769 0 -0.3846153
vn 0.9836065 0 -0.1803278
vn 1 0 0
vn 0 0.9836066 0.1803278
vn 0 0.9230769 0.3846154
vn 0 0.8000001 0.5999999
vn 0 0.6 0.8
vn 0 0.3243244 0.9459459
vn 0 0 1
vn 0 -0.3243243 0.945946
vn 0 -0.6000002 0.7999999
vn 0 -0.8000001 0.6
vn 0 -0.9230769 0.3846153
vn 0 -0.9836066 0.1803278
vn -0.00445261 0.9836293 0.1801485
vn -0.004130207 0.9232073 0.3842801
vn -0.003513589 0.8002845 0.5996103
vn -0.00256954 0.6003799 0.7997108
vn -0.001345617 0.324609 0.9458473
vn 0 0 1
vn 0.00124104 -0.3245998 0.9458506
vn 0.002191709 -0.6003571 0.799729
vn 0.002789417 -0.800261 0.5996454
vn 0.003087375 -0.9231958 0.3843174
vn 0.003192271 -0.9836301 0.180171
vn -0.01958556 0.9834941 0.179877
vn -0.01816237 0.923254 0.3837606
vn -0.01544505 0.800612 0.5989839
vn -0.01128991 0.6009279 0.7992235
vn -0.005908316 0.3250697 0.9456716
vn 0 0 1
vn 0.005434759 -0.3251183 0.9456577
vn 0.009579421 -0.6010624 0.7991447
vn 0.01216793 -0.8007812 0.5988333
vn 0.01344534 -0.9234013 0.3836003
vn 0.01388681 -0.9836088 0.1797802
vn -0.04890418 0.9824567 0.1799644
vn -0.0453289 0.922269 0.3838814
vn -0.0385204 0.7997881 0.5990452
vn -0.02813535 0.6004207 0.7991893
vn -0.01471254 0.3249238 0.9456258
vn 0 0 1
vn 0.01350727 -0.3252539 0.9455303
vn 0.02377332 -0.6013258 0.7986501
vn 0.03014645 -0.8009179 0.5980148
vn 0.03325951 -0.9232382 0.382786
vn 0.0343143 -0.9831952 0.1793036
vn -0.09741426 0.9786591 0.1809336
vn -0.09020549 0.9182457 0.3856006
vn -0.07654011 0.7956712 0.6008734
vn -0.05581048 0.5968953 0.8003756
vn -0.02914684 0.3229767 0.945958
vn 0 0 1
vn 0.02674383 -0.3240152 0.9456738
vn 0.04706077 -0.5997946 0.7987689
vn 0.05963474 -0.7994279 0.5977949
vn 0.06572696 -0.9216882 0.3823229
vn 0.06775399 -0.9815215 0.1789549
vn -0.1720107 0.967886 0.1833277
vn -0.1590117 0.9070192 0.3899123
vn -0.1345466 0.7843232 0.6055858
vn -0.09780003 0.5871057 0.8035808
vn -0.05096659 0.3173685 0.9469317
vn 0 0 1
vn 0.04684137 -0.319786 0.9463312
vn 0.08259938 -0.5940684 0.8001626
vn 0.1047996 -0.7938715 0.5989867
vn 0.1155326 -0.9165591 0.3828467
vn 0.1190666 -0.9766086 0.1790498
vn -0.2809722 0.9412265 0.1874758
vn -0.2591067 0.8802984 0.3974146
vn -0.2183381 0.7586325 0.6138446
vn -0.1579717 0.5657855 0.8092785
vn -0.08208135 0.3052943 0.9487139
vn 0 0 1
vn 0.07581048 -0.3099795 0.947716
vn 0.134432 -0.5799034 0.8035173
vn 0.17133 -0.7794745 0.6025491
vn 0.1893473 -0.9032083 0.3851784
vn 0.1953279 -0.9640748 0.1800191
vn -0.429975 0.8820044 0.1928464
vn -0.3955406 0.8232668 0.4071603
vn -0.3318547 0.7069085 0.6246221
vn -0.2389319 0.5251386 0.8167871
vn -0.1238139 0.2829235 0.9511175
vn 0 0 1
vn 0.1154327 -0.2907531 0.9498094
vn 0.2067385 -0.5501451 0.8090733
vn 0.2658747 -0.7471772 0.6091281
vn 0.2956285 -0.8720456 0.3900517
vn 0.3059183 -0.9344405 0.1823047
vn -0.6104698 0.7671306 0.1970716
vn -0.5613232 0.7160468 0.4149619
vn -0.4702979 0.6144429 0.6334665
vn -0.3380912 0.4561834 0.8231593
vn -0.175259 0.2461393 0.9532574
vn 0 0 1
vn 0.165782 -0.2573295 0.9519967
vn 0.3009899 -0.494273 0.8155361
vn 0.3924586 -0.6814992 0.6176853
vn 0.44108 -0.8048442 0.3970822
vn 0.459345 -0.8685922 0.1858756
vn -0.7863687 0.5856783 0.196482
vn -0.7258942 0.5490738 0.4142409
vn -0.6116433 0.4741868 0.6332767
vn -0.4425946 0.3547035 0.823587
vn -0.2310482 0.1929519 0.9536175
vn 0 0 1
vn 0.2226529 -0.2060493 0.9528743
vn 0.4097442 -0.4017103 0.8189862
vn 0.5424517 -0.5630856 0.6234426
vn 0.6181793 -0.6750234 0.4027379
vn 0.6499767 -0.7360494 0.1891076
vn -0.9107864 0.3663657 0.1903788
vn -0.847028 0.3461955 0.4033512
vn -0.7224142 0.3028427 0.621614
vn -0.5305012 0.2301096 0.8158541
vn -0.2808531 0.1270879 0.9512993
vn 0 0 1
vn 0.2757865 -0.1386527 0.9511662
vn 0.5113281 -0.2727086 0.8149684
vn 0.6833116 -0.3863482 0.6195323
vn 0.7872427 -0.4687263 0.4006802
vn 0.8354372 -0.5162321 0.1885451
vn -0.9697459 0.1612175 0.1833083
vn -0.9078355 0.153422 0.3902516
vn -0.7832619 0.1358649 0.6066642
vn -0.583858 0.1048898 0.8050515
vn -0.313649 0.05884819 0.9477137
vn 0 0 1
vn 0.3121899 -0.0652471 0.9477765
vn 0.5786578 -0.1284657 0.8053891
vn 0.7733256 -0.1822333 0.6072549
vn 0.8933241 -0.2219096 0.3908045
vn 0.9518354 -0.2455608 0.1836006
vn -0.9836065 0 0.1803279
vn -0.9230769 0 0.3846153
vn -0.8000001 0 0.5999999
vn -0.6 0 0.8
vn -0.3243244 0 0.9459459
vn 0 0 1
vn 0.3243243 0 0.945946
vn 0.6000001 0 0.7999998
vn 0.8000001 0 0.5999999
vn 0.9230769 0 0.3846153
vn 0.9836065 0 0.1803278
vn -0.9951122 -0.09875156 0
vn -0.9785688 -0.09710035 -0.1815894
vn -0.917584 -0.09102342 -0.386981
vn -0.7940264 -0.07873107 -0.6027633
vn -0.5943272 -0.05889387 -0.802064
vn -0.3206773 -0.03175243 -0.9466561
vn 0 0 -1
vn 0.3206904 0.03169107 -0.9466538
vn 0.5943682 0.05866957 -0.8020501
vn 0.79409 0.07829434 -0.6027363
vn 0.9176595 0.09038486 -0.3869517
vn 0.9786492 0.09632029 -0.1815715
vn 0.9951942 0.0979207 0
vn -0.9800372 -0.1988142 0
vn -0.9633383 -0.1951539 -0.1841038
vn -0.9019458 -0.1819924 -0.3916282
vn -0.7783965 -0.1560717 -0.608063
vn -0.5806932 -0.1154403 -0.8058964
vn -0.3125035 -0.06146752 -0.9479257
vn 0 0 -1
vn 0.3131084 0.05997028 -0.9478222
vn 0.582589 0.1099289 -0.8052984
vn 0.7813948 0.1452787 -0.6068906
vn 0.905543 0.1661761 -0.3903555
vn 0.9671983 0.175838 -0.1833261
vn 0.9839839 0.1782579 0
vn -0.9547581 -0.2973836 0
vn -0.9382551 -0.2915218 -0.1862591
vn -0.8776338 -0.2707807 -0.3955208
vn -0.7561826 -0.2307295 -0.6123331
vn -0.5631595 -0.1692918 -0.8088211
vn -0.3028705 -0.08938864 -0.9488304
vn 0 0 -1
vn 0.3048382 0.08600003 -0.9485134
vn 0.5694063 0.156692 -0.8069845
vn 0.7662326 0.2057999 -0.608715
vn 0.8898908 0.2340029 -0.3915825
vn 0.9515483 0.2464845 -0.183851
vn 0.9683917 0.2494342 0
vn -0.9200848 -0.3917193 0
vn -0.9043217 -0.3837329 -0.1869529
vn -0.8462398 -0.3557302 -0.3966537
vn -0.7296982 -0.3022266 -0.6133512
vn -0.5442483 -0.221008 -0.8092893
vn -0.293444 -0.1163162 -0.9488736
vn 0 0 -1
vn 0.2973614 0.1111684 -0.9482709
vn 0.5567952 0.2016448 -0.8058029
vn 0.7501655 0.263463 -0.6064974
vn 0.8715839 0.2980882 -0.3892106
vn 0.9321101 0.3128856 -0.1824103
vn 0.9486833 0.3162278 0
vn -0.8775352 -0.4795122 0
vn -0.8630528 -0.4697509 -0.1856713
vn -0.8092666 -0.4356173 -0.3941133
vn -0.7003483 -0.3704676 -0.610136
vn -0.5250582 -0.2713902 -0.8066357
vn -0.2847934 -0.1431177 -0.9478449
vn 0 0 -1
vn 0.2909883 0.1366959 -0.9469109
vn 0.5449646 0.2469025 -0.801282
vn 0.7330829 0.3208088 -0.599726
vn 0.8502584 0.3611657 -0.3829101
vn 0.9084049 0.3778968 -0.1788702
vn 0.9243497 0.3815462 0
vn -0.8290722 -0.5591416 0
vn -0.8162404 -0.5481351 -0.1824816
vn -0.7679938 -0.509541 -0.3880121
vn -0.6686938 -0.4353242 -0.6027781
vn -0.5055458 -0.3209669 -0.8008769
vn -0.276683 -0.1704111 -0.9457307
vn 0 0 -1
vn 0.2852157 0.1634357 -0.9444261
vn 0.5328857 0.2938439 -0.7935292
vn 0.7137226 0.3794095 -0.5887686
vn 0.8247392 0.4249163 -0.3731639
vn 0.8794139 0.4432984 -0.1735443
vn 0.8944272 0.4472137 0
vn -0.7767898 -0.62976 0
vn -0.7657152 -0.618072 -0.1779532
vn -0.7234528 -0.5768006 -0.3793642
vn -0.6346611 -0.4963225 -0.5923423
vn -0.484818 -0.3695982 -0.7926845
vn -0.2682482 -0.1982957 -0.9427204
vn 0 0 -1
vn 0.2788579 0.1916532 -0.9410139
vn 0.5185316 0.3428798 -0.7832996
vn 0.6899613 0.439815 -0.5749053
vn 0.7932761 0.4901227 -0.3612376
vn 0.8437269 0.5100821 -0.1671561
vn 0.8576108 0.5142993 0
vn -0.7226418 -0.6912227 0
vn -0.7131609 -0.6793073 -0.1730408
vn -0.6764745 -0.6368118 -0.3699365
vn -0.5978239 -0.5524775 -0.5808402
vn -0.4614267 -0.4161735 -0.7835081
vn -0.2581066 -0.2260543 -0.9392978
vn 0 0 -1
vn 0.2700839 0.2206862 -0.9372045
vn 0.4990485 0.3930799 -0.7722945
vn 0.6590805 0.5013739 -0.5605686
vn 0.7537497 0.5566587 -0.3492744
vn 0.7996495 0.5785195 -0.1608596
vn 0.8123237 0.5832069 0
vn -0.6682677 -0.7439209 0
vn -0.6600014 -0.732019 -0.1689569
vn -0.6277604 -0.6890706 -0.3620755
vn -0.5576904 -0.6022788 -0.5711757
vn -0.4337153 -0.4584445 -0.7757059
vn -0.2445363 -0.251861 -0.9363589
vn 0 0 -1
vn 0.256566 0.2485196 -0.9340299
vn 0.4711061 0.4417326 -0.7634995
vn 0.618154 0.561997 -0.5495863
vn 0.7039328 0.6233833 -0.3403997
vn 0.7453478 0.6481007 -0.1562754
vn 0.7568229 0.6536199 0
vn -0.6149216 -0.7885883 0
vn -0.6073519 -0.7766695 -0.1670572
vn -0.5779245 -0.7331321 -0.3584977
vn -0.5139341 -0.6437924 -0.5669243
vn -0.4002523 -0.4930971 -0.7724334
vn -0.2258776 -0.2727064 -0.9352061
vn 0 0 -1
vn 0.2360072 0.2715573 -0.9330365
vn 0.4316352 0.4840895 -0.7611493
vn 0.5646175 0.6179635 -0.5471091
vn 0.6418404 0.6879879 -0.3386938
vn 0.6790836 0.7174027 -0.1554952
vn 0.6894056 0.7243755 0
vn -0.56348 -0.8261297 0
vn -0.5560176 -0.8138605 -0.1687469
vn -0.5274942 -0.7685577 -0.3620343
vn -0.4665248 -0.6748044 -0.5718334
vn -0.3603177 -0.5161728 -0.777005
vn -0.201224 -0.2848895 -0.9372016
vn 0 0 -1
vn 0.2071888 0.2851472 -0.9358226
vn 0.3790003 0.513714 -0.7697121
vn 0.4969996 0.663874 -0.5588047
vn 0.5661747 0.7468269 -0.3488492
vn 0.5995799 0.783954 -0.1609969
vn 0.6087651 0.7933505 0
vn -0.5144956 -0.857493 0
vn -0.5065192 -0.8441985 -0.1754057
vn -0.4768826 -0.7948047 -0.3753245
vn -0.4157752 -0.692959 -0.5890152
vn -0.3143361 -0.5238937 -0.7916617
vn -0.1711723 -0.2852873 -0.943033
vn 0 0 -1
vn 0.1711722 0.2852871 -0.943033
vn 0.3143362 0.5238937 -0.7916616
vn 0.4157753 0.692959 -0.5890151
vn 0.4768827 0.7948046 -0.3753244
vn 0.5065192 0.8441986 -0.1754057
vn 0.5144957 0.8574929 0
vn -0.9785688 -0.09710035 0.1815894
vn -0.917584 -0.09102342 0.386981
vn -0.7940264 -0.07873107 0.6027633
vn -0.5943272 -0.05889387 0.802064
vn -0.3206773 -0.03175243 0.9466561
vn 0 0 1
vn 0.3206904 0.03169107 0.9466538
vn 0.5943682 0.05866957 0.8020501
vn 0.79409 0.07829434 0.6027363
vn 0.9176595 0.09038486 0.3869517
vn 0.9786492 0.09632029 0.1815715
vn -0.9633383 -0.1951539 0.1841038
vn -0.9019458 -0.1819924 0.3916282
vn -0.7783965 -0.1560717 0.608063
vn -0.5806932 -0.1154403 0.8058964
vn -0.3125035 -0.06146752 0.9479257
vn 0 0 1
vn 0.3131084 0.05997028 0.9478222
vn 0.582589 0.1099289 0.8052984
vn 0.7813948 0.1452787 0.6068906
vn 0.905543 0.1661761 0.3903555
vn 0.9671983 0.175838 0.1833261
vn -0.9382551 -0.2915218 0.1862591
vn -0.8776338 -0.2707807 0.3955208
vn -0.7561826 -0.2307295 0.6123331
vn -0.5631595 -0.1692918 0.8088211
vn -0.3028705 -0.08938864 0.9488304
vn 0 0 1
vn 0.3048382 0.08600003 0.9485134
vn 0.5694063 0.156692 0.8069845
vn 0.7662326 0.2057999 0.608715
vn 0.8898908 0.2340029 0.3915825
vn 0.9515483 0.2464845 0.183851
vn -0.9043217 -0.3837329 0.1869529
vn -0.8462398 -0.3557302 0.3966537
vn -0.7296982 -0.3022266 0.6133512
vn -0.5442483 -0.221008 0.8092893
vn -0.293444 -0.1163162 0.9488736
vn 0 0 1
vn 0.2973614 0.1111684 0.9482709
vn 0.5567952 0.2016448 0.8058029
vn 0.7501655 0.263463 0.6064974
vn 0.8715839 0.2980882 0.3892106
vn 0.9321101 0.3128856 0.1824103
vn -0.8630528 -0.4697509 0.1856713
vn -0.8092666 -0.4356173 0.3941133
vn -0.7003483 -0.3704676 0.610136
vn -0.5250582 -0.2713902 0.8066357
vn -0.2847934 -0.1431177 0.9478449
vn 0 0 1
vn 0.2909883 0.1366959 0.9469109
vn 0.5449646 0.2469025 0.801282
vn 0.7330829 0.3208088 0.599726
vn 0.8502584 0.3611657 0.3829101
vn 0.9084049 0.3778968 0.1788702
vn -0.8162404 -0.5481351 0.1824816
vn -0.7679938 -0.509541 0.3880121
vn -0.6686938 -0.4353242 0.6027781
vn -0.5055458 -0.3209669 0.8008769
vn -0.276683 -0.1704111 0.9457307
vn 0 0 1
vn 0.2852157 0.1634357 0.9444261
vn 0.5328857 0.2938439 0.7935292
vn 0.7137226 0.3794095 0.5887686
vn 0.8247392 0.4249163 0.3731639
vn 0.8794139 0.4432984 0.1735443
vn -0.7657152 -0.618072 0.1779532
vn -0.7234528 -0.5768006 0.3793642
vn -0.6346611 -0.4963225 0.5923423
vn -0.484818 -0.3695982 0.7926845
vn -0.2682482 -0.1982957 0.9427204
vn 0 0 1
vn 0.2788579 0.1916532 0.9410139
vn 0.5185316 0.3428798 0.7832996
vn 0.6899613 0.439815 0.5749053
vn 0.7932761 0.4901227 0.3612376
vn 0.8437269 0.5100821 0.1671561
vn -0.7131609 -0.6793073 0.1730408
vn -0.6764745 -0.6368118 0.3699365
vn -0.5978239 -0.5524775 0.5808402
vn -0.4614267 -0.4161735 0.7835081
vn -0.2581066 -0.2260543 0.9392978
vn 0 0 1
vn 0.2700839 0.2206862 0.9372045
vn 0.4990485 0.3930799 0.7722945
vn 0.6590805 0.5013739 0.5605686
vn 0.7537497 0.5566587 0.3492744
vn 0.7996495 0.5785195 0.1608596
vn -0.6600014 -0.732019 0.1689569
vn -0.6277604 -0.6890706 0.3620755
vn -0.5576904 -0.6022788 0.5711757
vn -0.4337153 -0.4584445 0.7757059
vn -0.2445363 -0.251861 0.9363589
vn 0 0 1
vn 0.256566 0.2485196 0.9340299
vn 0.4711061 0.4417326 0.7634995
vn 0.618154 0.561997 0.5495863
vn 0.7039328 0.6233833 0.3403997
vn 0.7453478 0.6481007 0.1562754
vn -0.6073519 -0.7766695 0.1670572
vn -0.5779245 -0.7331321 0.3584977
vn -0.5139341 -0.6437924 0.5669243
vn -0.4002523 -0.4930971 0.7724334
vn -0.2258776 -0.2727064 0.9352061
vn 0 0 1
vn 0.2360072 0.2715573 0.9330365
vn 0.4316352 0.4840895 0.7611493
vn 0.5646175 0.6179635 0.5471091
vn 0.6418404 0.6879879 0.3386938
vn 0.6790836 0.7174027 0.1554952
vn -0.5560176 -0.8138605 0.1687469
vn -0.5274942 -0.7685577 0.3620343
vn -0.4665248 -0.6748044 0.5718334
vn -0.3603177 -0.5161728 0.777005
vn -0.201224 -0.2848895 0.9372016
vn 0 0 1
vn 0.2071888 0.2851472 0.9358226
vn 0.3790003 0.513714 0.7697121
vn 0.4969996 0.663874 0.5588047
vn 0.5661747 0.7468269 0.3488492
vn 0.5995799 0.783954 0.1609969
vn -0.5065192 -0.8441985 0.1754057
vn -0.4768826 -0.7948047 0.3753245
vn -0.4157752 -0.692959 0.5890152
vn -0.3143361 -0.5238937 0.7916617
vn -0.1711723 -0.2852873 0.943033
vn 0 0 1
vn 0.1711722 0.2852871 0.943033
vn 0.3143362 0.5238937 0.7916616
vn 0.4157753 0.692959 0.5890151
vn 0.4768827 0.7948046 0.3753244
vn 0.5065192 0.8441986 0.1754057
vn 0.7071059 -0.7071076 0
vn 0.6625042 -0.6754131 0.3238911
vn 0.543725 -0.5825627 0.604139
vn 0.3980664 -0.4557581 0.796133
vn 0.2568863 -0.3158443 0.9133739
vn 0.1257615 -0.1655789 0.9781451
vn 0 0 1
vn -0.1253225 0.1849159 0.974731
vn -0.249881 0.3849519 0.8884658
vn -0.3642038 0.5803254 0.7284078
vn -0.451709 0.7376017 0.5018991
vn -0.5007808 0.8302281 0.2448262
vn -0.5144954 0.8574931 0
vn 0.7745314 -0.6325355 0
vn 0.7169251 -0.5903229 0.3708601
vn 0.5701201 -0.4753301 0.6700928
vn 0.4029824 -0.3322572 0.8527663
vn 0.2518774 -0.1866046 0.9495981
vn 0.1190525 -0.03946322 0.9921034
vn -0.002891259 0.115281 0.9933287
vn -0.1203426 0.2820851 0.9518117
vn -0.2346497 0.4583488 0.8572375
vn -0.3394004 0.6291288 0.6992884
vn -0.4213384 0.7677838 0.482682
vn -0.4691343 0.8508636 0.2365252
vn -0.4830588 0.8755879 0
vn 0.8637784 -0.503872 0
vn 0.7858869 -0.4488645 0.4253262
vn 0.5987564 -0.3111115 0.7380382
vn 0.4040365 -0.1559222 0.901356
vn 0.2412978 -0.01023055 0.9703972
vn 0.1067613 0.1278257 0.9860337
vn -0.01066118 0.2654957 0.964053
vn -0.1191064 0.4076391 0.9053419
vn -0.2215451 0.5533099 0.8029732
vn -0.3144003 0.6923851 0.6494269
vn -0.3879966 0.8056096 0.4477184
vn -0.4324183 0.8744043 0.2200714
vn -0.4458917 0.8950869 0
vn 0.9701423 -0.2425365 0
vn 0.8580478 -0.1785522 0.4815319
vn 0.6138412 -0.03541408 0.7886348
vn 0.3891297 0.1097721 0.9146191
vn 0.2182631 0.2367784 0.9467297
vn 0.0865689 0.350443 0.9325746
vn -0.0220078 0.457972 0.8886942
vn -0.1177285 0.5642043 0.8171985
vn -0.2052653 0.6698909 0.7135211
vn -0.2836559 0.7696253 0.5720281
vn -0.3465885 0.8513452 0.3938118
vn -0.3859331 0.9018539 0.1942043
vn -0.3983872 0.9172173 0
vn 0.9486833 0.316228 0
vn 0.8097647 0.3497502 0.471122
vn 0.5414513 0.420176 0.7282051
vn 0.3211393 0.4961384 0.8066698
vn 0.1660121 0.5671077 0.8067396
vn 0.05326441 0.6317391 0.7733489
vn -0.03517932 0.69186 0.7211741
vn -0.1101607 0.749806 0.6524227
vn -0.1771811 0.8067119 0.5637577
vn -0.2371347 0.8607917 0.4503384
vn -0.2864223 0.9062341 0.3109696
vn -0.3186496 0.9352237 0.1543344
vn -0.3293721 0.9442002 0
vn 0.4625657 0.886585 0
vn 0.4007911 0.8811632 0.2508346
vn 0.2721385 0.8730196 0.4046941
vn 0.1543505 0.8759239 0.4570922
vn 0.0666851 0.8877136 0.455541
vn 0.002818603 0.9026748 0.4303142
vn -0.04591082 0.9178248 0.3943219
vn -0.08581243 0.9322675 0.3514448
vn -0.1207281 0.9459408 0.3010329
vn -0.152154 0.9586877 0.2403479
vn -0.1789524 0.9695514 0.1671712
vn -0.1975147 0.9767099 0.08381961
vn -0.2040368 0.9789632 0
vn 0 1 0
vn -0.007675972 0.9997388 0.02153075
vn -0.02430288 0.999312 0.02801665
vn -0.03980585 0.9990896 0.01534315
vn -0.04921277 0.998732 -0.01061402
vn -0.05147529 0.9977251 -0.04353129
vn -0.04643553 0.9957836 -0.07911264
vn -0.03334715 0.9929269 -0.1139482
vn -0.01044751 0.9895893 -0.1435404
vn 0.02455771 0.9868719 -0.1596268
vn 0.07151841 0.9864485 -0.1476634
vn 0.1195071 0.9886026 -0.09155864
vn 0.1414206 0.9899496 0
vn -0.2473829 0.9689177 0
vn -0.2368737 0.9657447 -0.1059623
vn -0.2089742 0.9557177 -0.2072037
vn -0.1723074 0.9402574 -0.2936429
vn -0.1321164 0.9204214 -0.3679263
vn -0.08807942 0.8952966 -0.436676
vn -0.0357084 0.8621421 -0.5054067
vn 0.03359437 0.8160136 -0.5770556
vn 0.1350309 0.7479918 -0.6498269
vn 0.2950448 0.6414762 -0.7081361
vn 0.5467858 0.4703442 -0.6926771
vn 0.8524649 0.2405053 -0.4641776
vn 0.9934353 0.1143952 0
vn -0.3939189 0.9191452 0
vn -0.3741601 0.9100288 -0.1784708
vn -0.3217679 0.881836 -0.3447181
vn -0.2540304 0.8401631 -0.47916
vn -0.1822544 0.7891729 -0.5865062
vn -0.1072053 0.7264364 -0.6788204
vn -0.02244817 0.6435133 -0.7651058
vn 0.08382233 0.5250537 -0.8469312
vn 0.2280372 0.345889 -0.9101427
vn 0.4211416 0.07713649 -0.9037089
vn 0.6282257 -0.2595748 -0.733453
vn 0.7580229 -0.5260908 -0.3855253
vn 0.7893516 -0.6139414 0
vn -0.4961386 0.8682433 0
vn -0.4700971 0.8535718 -0.2245524
vn -0.4002121 0.8082498 -0.4319289
vn -0.3097298 0.7415105 -0.595172
vn -0.2148222 0.6607365 -0.7192209
vn -0.1176944 0.5630933 -0.8179694
vn -0.01196395 0.4373481 -0.8992128
vn 0.1124516 0.2659622 -0.9574021
vn 0.2629475 0.03094568 -0.9643137
vn 0.4279828 -0.2606813 -0.8653762
vn 0.5633039 -0.5384932 -0.6266688
vn 0.6318139 -0.7113895 -0.3077924
vn 0.6472303 -0.7622945 0
vn -0.5766829 0.816968 0
vn -0.5458022 0.7977701 -0.2562475
vn -0.4618689 0.7383104 -0.4915027
vn -0.3527887 0.6505952 -0.6725073
vn -0.2391604 0.545087 -0.8035437
vn -0.1249925 0.419889 -0.8989273
vn -0.005027502 0.2643502 -0.9644137
vn 0.1275766 0.06531905 -0.9896755
vn 0.2725193 -0.1806048 -0.9450477
vn 0.4112954 -0.4443856 -0.7958376
vn 0.511931 -0.6614885 -0.5480508
vn 0.5606192 -0.7850245 -0.2635198
vn 0.5719731 -0.8202723 0
vn -0.6454598 0.7637943 0
vn -0.6106673 0.7411877 -0.2787941
vn -0.5148834 0.6708169 -0.53376
vn -0.3897116 0.566489 -0.7260958
vn -0.2599277 0.4414079 -0.8588344
vn -0.1316416 0.2955207 -0.9462231
vn -0.001198612 0.1207353 -0.992684
vn 0.1351124 -0.08968072 -0.9867634
vn 0.272439 -0.327619 -0.9046782
vn 0.3924359 -0.5577027 -0.7314107
vn 0.4740193 -0.7314365 -0.4902106
vn 0.5131602 -0.8259638 -0.2333462
vn 0.5226406 -0.8525531 0
vn -0.7071068 0.7071068 0
vn -0.6691802 0.6822782 -0.2944392
vn -0.5633686 0.6043439 -0.5633686
vn -0.4239662 0.4877206 -0.7631391
vn -0.2796589 0.3477496 -0.8949084
vn -0.1389347 0.1867038 -0.9725424
vn 0 0 -1
vn 0.1381835 -0.2127582 -0.9672844
vn 0.2684081 -0.4361637 -0.8589053
vn 0.374791 -0.6359361 -0.6746236
vn 0.4441555 -0.7781079 -0.4441555
vn 0.4773696 -0.8532295 -0.2100425
vn 0.4856427 -0.8741574 0
vn 0.6625042 -0.6754131 -0.3238911
vn 0.543725 -0.5825627 -0.604139
vn 0.3980664 -0.4557581 -0.796133
vn 0.2568863 -0.3158443 -0.9133739
vn 0.1257615 -0.1655789 -0.9781451
vn 0 0 -1
vn -0.1253225 0.1849159 -0.974731
vn -0.249881 0.3849519 -0.8884658
vn -0.3642038 0.5803254 -0.7284078
vn -0.451709 0.7376017 -0.5018991
vn -0.5007808 0.8302281 -0.2448262
vn 0.7169251 -0.5903229 -0.3708601
vn 0.5701201 -0.4753301 -0.6700928
vn 0.4029824 -0.3322572 -0.8527663
vn 0.2518774 -0.1866046 -0.9495981
vn 0.1190525 -0.03946322 -0.9921034
vn -0.002891259 0.115281 -0.9933287
vn -0.1203426 0.2820851 -0.9518117
vn -0.2346497 0.4583488 -0.8572375
vn -0.3394004 0.6291288 -0.6992884
vn -0.4213384 0.7677838 -0.482682
vn -0.4691343 0.8508636 -0.2365252
vn 0.7858869 -0.4488645 -0.4253262
vn 0.5987564 -0.3111115 -0.7380382
vn 0.4040365 -0.1559222 -0.901356
vn 0.2412978 -0.01023055 -0.9703972
vn 0.1067613 0.1278257 -0.9860337
vn -0.01066118 0.2654957 -0.964053
vn -0.1191064 0.4076391 -0.9053419
vn -0.2215451 0.5533099 -0.8029732
vn -0.3144003 0.6923851 -0.6494269
vn -0.3879966 0.8056096 -0.4477184
vn -0.4324183 0.8744043 -0.2200714
vn 0.8580478 -0.1785522 -0.4815319
vn 0.6138412 -0.03541408 -0.7886348
vn 0.3891297 0.1097721 -0.9146191
vn 0.2182631 0.2367784 -0.9467297
vn 0.0865689 0.350443 -0.9325746
vn -0.0220078 0.457972 -0.8886942
vn -0.1177285 0.5642043 -0.8171985
vn -0.2052653 0.6698909 -0.7135211
vn -0.2836559 0.7696253 -0.5720281
vn -0.3465885 0.8513452 -0.3938118
vn -0.3859331 0.9018539 -0.1942043
vn 0.8097647 0.3497502 -0.471122
vn 0.5414513 0.420176 -0.7282051
vn 0.3211393 0.4961384 -0.8066698
vn 0.1660121 0.5671077 -0.8067396
vn 0.05326441 0.6317391 -0.7733489
vn -0.03517932 0.69186 -0.7211741
vn -0.1101607 0.749806 -0.6524227
vn -0.1771811 0.8067119 -0.5637577
vn -0.2371347 0.8607917 -0.4503384
vn -0.2864223 0.9062341 -0.3109696
vn -0.3186496 0.9352237 -0.1543344
vn 0.4007911 0.8811632 -0.2508346
vn 0.2721385 0.8730196 -0.4046941
vn 0.1543505 0.8759239 -0.4570922
vn 0.0666851 0.8877136 -0.455541
vn 0.002818603 0.9026748 -0.4303142
vn -0.04591082 0.9178248 -0.3943219
vn -0.08581243 0.9322675 -0.3514448
vn -0.1207281 0.9459408 -0.3010329
vn -0.152154 0.9586877 -0.2403479
vn -0.1789524 0.9695514 -0.1671712
vn -0.1975147 0.9767099 -0.08381961
vn -0.007675972 0.9997388 -0.02153075
vn -0.02430288 0.999312 -0.02801665
vn -0.03980585 0.9990896 -0.01534315
vn -0.04921277 0.998732 0.01061402
vn -0.05147529 0.9977251 0.04353129
vn -0.04643553 0.9957836 0.07911264
vn -0.03334715 0.9929269 0.1139482
vn -0.01044751 0.9895893 0.1435404
vn 0.02455771 0.9868719 0.1596268
vn 0.07151841 0.9864485 0.1476634
vn 0.1195071 0.9886026 0.09155864
vn -0.2368737 0.9657447 0.1059623
vn -0.2089742 0.9557177 0.2072037
vn -0.1723074 0.9402574 0.2936429
vn -0.1321164 0.9204214 0.3679263
vn -0.08807942 0.8952966 0.436676
vn -0.0357084 0.8621421 0.5054067
vn 0.03359437 0.8160136 0.5770556
vn 0.1350309 0.7479918 0.6498269
vn 0.2950448 0.6414762 0.7081361
vn 0.5467858 0.4703442 0.6926771
vn 0.8524649 0.2405053 0.4641776
vn -0.3741601 0.9100288 0.1784708
vn -0.3217679 0.881836 0.3447181
vn -0.2540304 0.8401631 0.47916
vn -0.1822544 0.7891729 0.5865062
vn -0.1072053 0.7264364 0.6788204
vn -0.02244817 0.6435133 0.7651058
vn 0.08382233 0.5250537 0.8469312
vn 0.2280372 0.345889 0.9101427
vn 0.4211416 0.07713649 0.9037089
vn 0.6282257 -0.2595748 0.733453
vn 0.7580229 -0.5260908 0.3855253
vn -0.4700971 0.8535718 0.2245524
vn -0.4002121 0.8082498 0.4319289
vn -0.3097298 0.7415105 0.595172
vn -0.2148222 0.6607365 0.7192209
vn -0.1176944 0.5630933 0.8179694
vn -0.01196395 0.4373481 0.8992128
vn 0.1124516 0.2659622 0.9574021
vn 0.2629475 0.03094568 0.9643137
vn 0.4279828 -0.2606813 0.8653762
vn 0.5633039 -0.5384932 0.6266688
vn 0.6318139 -0.7113895 0.3077924
vn -0.5458022 0.7977701 0.2562475
vn -0.4618689 0.7383104 0.4915027
vn -0.3527887 0.6505952 0.6725073
vn -0.2391604 0.545087 0.8035437
vn -0.1249925 0.419889 0.8989273
vn -0.005027502 0.2643502 0.9644137
vn 0.1275766 0.06531905 0.9896755
vn 0.2725193 -0.1806048 0.9450477
vn 0.4112954 -0.4443856 0.7958376
vn 0.511931 -0.6614885 0.5480508
vn 0.5606192 -0.7850245 0.2635198
vn -0.6106673 0.7411877 0.2787941
vn -0.5148834 0.6708169 0.53376
vn -0.3897116 0.566489 0.7260958
vn -0.2599277 0.4414079 0.8588344
vn -0.1316416 0.2955207 0.9462231
vn -0.001198612 0.1207353 0.992684
vn 0.1351124 -0.08968072 0.9867634
vn 0.272439 -0.327619 0.9046782
vn 0.3924359 -0.5577027 0.7314107
vn 0.4740193 -0.7314365 0.4902106
vn 0.5131602 -0.8259638 0.2333462
vn -0.6691802 0.6822782 0.2944392
vn -0.5633686 0.6043439 0.5633686
vn -0.4239662 0.4877206 0.7631391
vn -0.2796589 0.3477496 0.8949084
vn -0.1389347 0.1867038 0.9725424
vn 0 0 1
vn 0.1381835 -0.2127582 0.9672844
vn 0.2684081 -0.4361637 0.8589053
vn 0.374791 -0.6359361 0.6746236
vn 0.4441555 -0.7781079 0.4441555
vn 0.4773696 -0.8532295 0.2100425
vn -0.8475791 0.5306691 0
vn -0.8023354 0.5191861 -0.294455
vn -0.67383 0.4767977 -0.5644618
vn -0.5026706 0.4057809 -0.7633245
vn -0.3265504 0.314593 -0.8912889
vn -0.1579903 0.2059575 -0.9657228
vn 0.005792322 0.07729758 -0.9969912
vn 0.170827 -0.07476365 -0.9824605
vn 0.3380102 -0.2482619 -0.9078078
vn 0.4958697 -0.427448 -0.7559109
vn 0.6203125 -0.5799886 -0.5280395
vn 0.6913316 -0.6742647 -0.2596684
vn 0.7111695 -0.7030206 0
vn -0.9233642 0.3839251 0
vn -0.8840783 0.3850222 -0.2648843
vn -0.7627028 0.3767559 -0.52568
vn -0.5813592 0.3462228 -0.7363092
vn -0.3771999 0.2907718 -0.879302
vn -0.1731329 0.2128476 -0.9616241
vn 0.0261418 0.1142118 -0.9931124
vn 0.2238341 -0.004432815 -0.9746172
vn 0.4204066 -0.1398945 -0.8964864
vn 0.6046324 -0.2804953 -0.7454811
vn 0.7515409 -0.4027731 -0.5224559
vn 0.8377004 -0.4812135 -0.258247
vn 0.8624727 -0.5061036 0
vn -0.9578263 0.2873479 0
vn -0.9281419 0.2945012 -0.2276437
vn -0.8273286 0.3059558 -0.4710822
vn -0.6525308 0.3035117 -0.6943228
vn -0.4263804 0.274256 -0.8619648
vn -0.1808699 0.2163135 -0.9594241
vn 0.06315721 0.1343527 -0.9889189
vn 0.2972362 0.03451508 -0.9541799
vn 0.5147339 -0.07542455 -0.8540259
vn 0.7020437 -0.1831903 -0.6881685
vn 0.8399772 -0.2720628 -0.4694892
vn 0.9167501 -0.3276286 -0.228536
vn 0.9384544 -0.3454033 0
vn -0.9701425 0.2425357 0
vn -0.9478091 0.2510602 -0.1965366
vn -0.8663018 0.2695127 -0.420576
vn -0.7053841 0.2812663 -0.6506326
vn -0.4651289 0.2678233 -0.843757
vn -0.177441 0.2206152 -0.9590848
vn 0.1144721 0.1451055 -0.9827719
vn 0.3805886 0.0535703 -0.9231915
vn 0.6050074 -0.04112581 -0.7951571
vn 0.7776408 -0.1267463 -0.6158003
vn 0.8927596 -0.1926681 -0.4072583
vn 0.9528852 -0.2324409 -0.1948878
vn 0.9694834 -0.2451567 0
vn -0.9688877 0.2475004 0
vn -0.950462 0.2552265 -0.17743
vn -0.8805472 0.2730863 -0.3873765
vn -0.7307404 0.2868592 -0.6194597
vn -0.4822362 0.2761648 -0.8313731
vn -0.1599476 0.2272477 -0.9606119
vn 0.1706759 0.1465487 -0.9743682
vn 0.455005 0.05332027 -0.8888911
vn 0.6729826 -0.03552972 -0.7388045
vn 0.8251089 -0.1095772 -0.5542455
vn 0.9191405 -0.1632549 -0.3585089
vn 0.9660978 -0.194639 -0.1696191
vn 0.9788445 -0.2046057 0
vn -0.9529258 0.3032037 0
vn -0.9353368 0.3090149 -0.1722057
vn -0.8681293 0.3213409 -0.3782745
vn -0.7207113 0.3261193 -0.6117364
vn -0.4670612 0.3020478 -0.8310361
vn -0.1289507 0.2349626 -0.9634128
vn 0.2156225 0.1361827 -0.9669339
vn 0.5000557 0.03160378 -0.8654164
vn 0.7064264 -0.06046579 -0.7051991
vn 0.8433769 -0.1324342 -0.5207462
vn 0.9249891 -0.1822942 -0.3334126
vn 0.9648821 -0.2106409 -0.156949
vn 0.9756098 -0.2195122 0
vn -0.9107507 0.4129568 0
vn -0.8914548 0.4152882 -0.1812294
vn -0.8192148 0.4157217 -0.3950476
vn -0.6662565 0.3979998 -0.6306333
vn -0.4142403 0.3418015 -0.8435501
vn -0.09073815 0.2403951 -0.9664247
vn 0.2330641 0.1133491 -0.9658328
vn 0.5008761 -0.01119817 -0.8654466
vn 0.6973255 -0.1163441 -0.707249
vn 0.8290764 -0.196233 -0.5235694
vn 0.9080977 -0.2502721 -0.3357415
vn 0.946795 -0.2802967 -0.1581547
vn 0.9571804 -0.2894921 0
vn -0.8192319 0.5734623 0
vn -0.7969267 0.5689691 -0.2029333
vn -0.7168996 0.5462958 -0.4331465
vn -0.5611517 0.4884239 -0.6682447
vn -0.329937 0.3839083 -0.8624129
vn -0.05536969 0.2404511 -0.9690807
vn 0.2159194 0.08182209 -0.9729768
vn 0.4512156 -0.06904214 -0.8897402
vn 0.6371166 -0.1981352 -0.7448657
vn 0.7709305 -0.2982665 -0.5627639
vn 0.8554491 -0.3666064 -0.3657959
vn 0.898053 -0.404235 -0.1734792
vn 0.9095958 -0.4154944 0
vn -0.6545009 0.7560613 0
vn -0.6315662 0.7400395 -0.2312266
vn -0.5533144 0.681324 -0.4792084
vn -0.4156121 0.5705966 -0.7082981
vn -0.2329576 0.4150077 -0.8794882
vn -0.03066616 0.2345855 -0.9716117
vn 0.1701451 0.04889227 -0.9842053
vn 0.3571365 -0.1291166 -0.9250851
vn 0.5216495 -0.2898205 -0.802425
vn 0.6541883 -0.4228936 -0.6270556
vn 0.7460875 -0.5183898 -0.4178822
vn 0.795304 -0.5719673 -0.2008602
vn 0.8090093 -0.5877959 0
vn -0.4271096 0.9041998 0
vn -0.4102368 0.8751184 -0.2566585
vn -0.3539247 0.778861 -0.5177963
vn -0.2607021 0.6213869 -0.7388592
vn -0.1444263 0.4284414 -0.8919523
vn -0.01855118 0.2245953 -0.9742756
vn 0.1102153 0.0219323 -0.9936657
vn 0.2395755 -0.1760452 -0.9547836
vn 0.3662821 -0.3656798 -0.8556376
vn 0.4815776 -0.5359997 -0.6933883
vn 0.5712389 -0.668178 -0.4766804
vn 0.6235847 -0.7460902 -0.2334343
vn 0.6388744 -0.7693111 0
vn -0.1929917 0.9812004 0
vn -0.1873975 0.9428927 -0.2753825
vn -0.1660595 0.8215044 -0.5454858
vn -0.1276417 0.6365065 -0.760636
vn -0.07642362 0.4253886 -0.9017783
vn -0.01654646 0.2129162 -0.9769303
vn 0.0505472 0.005331352 -0.9987074
vn 0.1250245 -0.2003294 -0.9717187
vn 0.2061478 -0.4061624 -0.8902444
vn 0.2887917 -0.6041691 -0.7426836
vn 0.3607802 -0.7704237 -0.5256283
vn 0.4070875 -0.8748429 -0.2625442
vn 0.4215069 -0.9068252 0
vn 0 1 0
vn -0.006204415 0.9563331 -0.2922129
vn -0.01947539 0.8212143 -0.5702876
vn -0.02992406 0.6244154 -0.7805191
vn -0.03098394 0.4101677 -0.9114836
vn -0.02089294 0.2014511 -0.9792757
vn 0 0 -1
vn 0.0311011 -0.2013974 -0.9790157
vn 0.07159974 -0.4093116 -0.909581
vn 0.1187757 -0.6202729 -0.7753411
vn 0.1651015 -0.8100979 -0.562568
vn 0.198304 -0.937359 -0.2864151
vn 0.2095291 -0.9778025 0
vn -0.8023354 0.5191861 0.294455
vn -0.67383 0.4767977 0.5644618
vn -0.5026706 0.4057809 0.7633245
vn -0.3265504 0.314593 0.8912889
vn -0.1579903 0.2059575 0.9657228
vn 0.005792322 0.07729758 0.9969912
vn 0.170827 -0.07476365 0.9824605
vn 0.3380102 -0.2482619 0.9078078
vn 0.4958697 -0.427448 0.7559109
vn 0.6203125 -0.5799886 0.5280395
vn 0.6913316 -0.6742647 0.2596684
vn -0.8840783 0.3850222 0.2648843
vn -0.7627028 0.3767559 0.52568
vn -0.5813592 0.3462228 0.7363092
vn -0.3771999 0.2907718 0.879302
vn -0.1731329 0.2128476 0.9616241
vn 0.0261418 0.1142118 0.9931124
vn 0.2238341 -0.004432815 0.9746172
vn 0.4204066 -0.1398945 0.8964864
vn 0.6046324 -0.2804953 0.7454811
vn 0.7515409 -0.4027731 0.5224559
vn 0.8377004 -0.4812135 0.258247
vn -0.9281419 0.2945012 0.2276437
vn -0.8273286 0.3059558 0.4710822
vn -0.6525308 0.3035117 0.6943228
vn -0.4263804 0.274256 0.8619648
vn -0.1808699 0.2163135 0.9594241
vn 0.06315721 0.1343527 0.9889189
vn 0.2972362 0.03451508 0.9541799
vn 0.5147339 -0.07542455 0.8540259
vn 0.7020437 -0.1831903 0.6881685
vn 0.8399772 -0.2720628 0.4694892
vn 0.9167501 -0.3276286 0.228536
vn -0.9478091 0.2510602 0.1965366
vn -0.8663018 0.2695127 0.420576
vn -0.7053841 0.2812663 0.6506326
vn -0.4651289 0.2678233 0.843757
vn -0.177441 0.2206152 0.9590848
vn 0.1144721 0.1451055 0.9827719
vn 0.3805886 0.0535703 0.9231915
vn 0.6050074 -0.04112581 0.7951571
vn 0.7776408 -0.1267463 0.6158003
vn 0.8927596 -0.1926681 0.4072583
vn 0.9528852 -0.2324409 0.1948878
vn -0.950462 0.2552265 0.17743
vn -0.8805472 0.2730863 0.3873765
vn -0.7307404 0.2868592 0.6194597
vn -0.4822362 0.2761648 0.8313731
vn -0.1599476 0.2272477 0.9606119
vn 0.1706759 0.1465487 0.9743682
vn 0.455005 0.05332027 0.8888911
vn 0.6729826 -0.03552972 0.7388045
vn 0.8251089 -0.1095772 0.5542455
vn 0.9191405 -0.1632549 0.3585089
vn 0.9660978 -0.194639 0.1696191
vn -0.9353368 0.3090149 0.1722057
vn -0.8681293 0.3213409 0.3782745
vn -0.7207113 0.3261193 0.6117364
vn -0.4670612 0.3020478 0.8310361
vn -0.1289507 0.2349626 0.9634128
vn 0.2156225 0.1361827 0.9669339
vn 0.5000557 0.03160378 0.8654164
vn 0.7064264 -0.06046579 0.7051991
vn 0.8433769 -0.1324342 0.5207462
vn 0.9249891 -0.1822942 0.3334126
vn 0.9648821 -0.2106409 0.156949
vn -0.8914548 0.4152882 0.1812294
vn -0.8192148 0.4157217 0.3950476
vn -0.6662565 0.3979998 0.6306333
vn -0.4142403 0.3418015 0.8435501
vn -0.09073815 0.2403951 0.9664247
vn 0.2330641 0.1133491 0.9658328
vn 0.5008761 -0.01119817 0.8654466
vn 0.6973255 -0.1163441 0.707249
vn 0.8290764 -0.196233 0.5235694
vn 0.9080977 -0.2502721 0.3357415
vn 0.946795 -0.2802967 0.1581547
vn -0.7969267 0.5689691 0.2029333
vn -0.7168996 0.5462958 0.4331465
vn -0.5611517 0.4884239 0.6682447
vn -0.329937 0.3839083 0.8624129
vn -0.05536969 0.2404511 0.9690807
vn 0.2159194 0.08182209 0.9729768
vn 0.4512156 -0.06904214 0.8897402
vn 0.6371166 -0.1981352 0.7448657
vn 0.7709305 -0.2982665 0.5627639
vn 0.8554491 -0.3666064 0.3657959
vn 0.898053 -0.404235 0.1734792
vn -0.6315662 0.7400395 0.2312266
vn -0.5533144 0.681324 0.4792084
vn -0.4156121 0.5705966 0.7082981
vn -0.2329576 0.4150077 0.8794882
vn -0.03066616 0.2345855 0.9716117
vn 0.1701451 0.04889227 0.9842053
vn 0.3571365 -0.1291166 0.9250851
vn 0.5216495 -0.2898205 0.802425
vn 0.6541883 -0.4228936 0.6270556
vn 0.7460875 -0.5183898 0.4178822
vn 0.795304 -0.5719673 0.2008602
vn -0.4102368 0.8751184 0.2566585
vn -0.3539247 0.778861 0.5177963
vn -0.2607021 0.6213869 0.7388592
vn -0.1444263 0.4284414 0.8919523
vn -0.01855118 0.2245953 0.9742756
vn 0.1102153 0.0219323 0.9936657
vn 0.2395755 -0.1760452 0.9547836
vn 0.3662821 -0.3656798 0.8556376
vn 0.4815776 -0.5359997 0.6933883
vn 0.5712389 -0.668178 0.4766804
vn 0.6235847 -0.7460902 0.2334343
vn -0.1873975 0.9428927 0.2753825
vn -0.1660595 0.8215044 0.5454858
vn -0.1276417 0.6365065 0.760636
vn -0.07642362 0.4253886 0.9017783
vn -0.01654646 0.2129162 0.9769303
vn 0.0505472 0.005331352 0.9987074
vn 0.1250245 -0.2003294 0.9717187
vn 0.2061478 -0.4061624 0.8902444
vn 0.2887917 -0.6041691 0.7426836
vn 0.3607802 -0.7704237 0.5256283
vn 0.4070875 -0.8748429 0.2625442
vn -0.006204415 0.9563331 0.2922129
vn -0.01947539 0.8212143 0.5702876
vn -0.02992406 0.6244154 0.7805191
vn -0.03098394 0.4101677 0.9114836
vn -0.02089294 0.2014511 0.9792757
vn 0 0 1
vn 0.0311011 -0.2013974 0.9790157
vn 0.07159974 -0.4093116 0.909581
vn 0.1187757 -0.6202729 0.7753411
vn 0.1651015 -0.8100979 0.562568
vn 0.198304 -0.937359 0.2864151
vn 0 1 0
vn -0.1126288 0.9936371 0
vn -0.1116093 0.9936444 -0.01463583
vn -0.1085995 0.9936601 -0.02908259
vn -0.1037111 0.9936774 -0.04300221
vn -0.09708631 0.9936921 -0.05612806
vn -0.08887395 0.9937015 -0.06825444
vn -0.07921721 0.9937048 -0.07921721
vn -0.06825439 0.9937015 -0.08887387
vn -0.05612813 0.9936921 -0.09708644
vn -0.04300221 0.9936774 -0.1037111
vn -0.02908259 0.9936601 -0.1085994
vn -0.01463585 0.9936444 -0.1116095
vn 0 0.9936371 -0.1126288
vn -0.3255129 0.9455377 0
vn -0.322584 0.945595 -0.0423023
vn -0.3139221 0.9457196 -0.08406798
vn -0.2998312 0.945857 -0.124321
vn -0.2807102 0.945973 -0.1622863
vn -0.2569842 0.9460483 -0.1973621
vn -0.2290671 0.9460743 -0.2290671
vn -0.1973619 0.9460484 -0.2569841
vn -0.1622864 0.9459729 -0.2807105
vn -0.124321 0.945857 -0.2998312
vn -0.08406792 0.9457196 -0.3139218
vn -0.04230232 0.945595 -0.3225844
vn 0 0.9455377 -0.3255129
vn -0.7071066 0.7071069 0
vn -0.700905 0.7073073 -0.09191624
vn -0.6824238 0.7077413 -0.1827564
vn -0.6521515 0.7082207 -0.2704104
vn -0.6108472 0.7086253 -0.3531514
vn -0.5593878 0.7088879 -0.4296083
vn -0.4986729 0.7089786 -0.4986729
vn -0.4296081 0.7088881 -0.5593876
vn -0.3531515 0.708625 -0.6108475
vn -0.2704104 0.7082207 -0.6521515
vn -0.1827563 0.7077416 -0.6824237
vn -0.09191626 0.707307 -0.7009054
vn 0 0.7071069 -0.7071066
vn -0.9938837 0.1104314 0
vn -0.9854396 0.1104816 -0.1292383
vn -0.9600326 0.1105879 -0.2571144
vn -0.9180562 0.1107025 -0.3806805
vn -0.860396 0.1107969 -0.4974363
vn -0.7882046 0.1108571 -0.6053464
vn -0.7027468 0.1108777 -0.7027468
vn -0.6053464 0.1108571 -0.7882046
vn -0.4974363 0.1107969 -0.860396
vn -0.3806805 0.1107025 -0.9180562
vn -0.2571144 0.110588 -0.9600325
vn -0.1292383 0.1104815 -0.9854397
vn 0 0.1104314 -0.9938837
vn -0.9416127 -0.336698 0
vn -0.9335498 -0.3368844 -0.1224492
vn -0.9093457 -0.3372929 -0.2435649
vn -0.8694419 -0.3377491 -0.3605501
vn -0.8147214 -0.338138 -0.4710538
vn -0.7462974 -0.3383926 -0.573176
vn -0.6653686 -0.338481 -0.6653686
vn -0.573176 -0.3383928 -0.7462972
vn -0.4710539 -0.3381378 -0.8147215
vn -0.3605501 -0.3377491 -0.8694419
vn -0.2435649 -0.3372931 -0.9093456
vn -0.1224492 -0.3368843 -0.9335498
vn 0 -0.336698 -0.9416127
vn -0.8574929 -0.5144958 0
vn -0.8500683 -0.5147284 -0.1115279
vn -0.8278549 -0.5152364 -0.2217827
vn -0.7913435 -0.5158022 -0.3282126
vn -0.7413951 -0.5162836 -0.4287009
vn -0.6790495 -0.5165982 -0.5215537
vn -0.605398 -0.5167072 -0.605398
vn -0.5215536 -0.5165984 -0.6790493
vn -0.4287009 -0.5162833 -0.7413953
vn -0.3282126 -0.5158022 -0.7913435
vn -0.2217827 -0.5152367 -0.8278548
vn -0.1115278 -0.5147281 -0.8500685
vn 0 -0.5144958 -0.8574929
vn -0.8218789 -0.5696623 0
vn -0.8147247 -0.5699008 -0.1069423
vn -0.7933543 -0.5704221 -0.2126209
vn -0.7582811 -0.5710024 -0.3145887
vn -0.7103587 -0.5714963 -0.4108313
vn -0.6505967 -0.5718191 -0.4997468
vn -0.5800409 -0.5719312 -0.5800409
vn -0.4997467 -0.5718194 -0.6505966
vn -0.4108314 -0.5714962 -0.7103589
vn -0.3145887 -0.5710024 -0.7582811
vn -0.2126208 -0.5704222 -0.7933542
vn -0.1069423 -0.5699006 -0.8147249
vn 0 -0.5696623 -0.8218789
vn -0.8320503 -0.5547002 0
vn -0.8247999 -0.5549443 -0.1083602
vn -0.8031492 -0.5554783 -0.2153958
vn -0.7676299 -0.5560738 -0.318632
vn -0.7191167 -0.5565813 -0.416039
vn -0.6586369 -0.5569133 -0.506009
vn -0.5872474 -0.5570288 -0.5872474
vn -0.5060089 -0.5569137 -0.6586366
vn -0.416039 -0.5565812 -0.7191168
vn -0.318632 -0.5560738 -0.7676299
vn -0.2153958 -0.5554784 -0.803149
vn -0.1083602 -0.5549441 -0.8248
vn 0 -0.5547002 -0.8320503
vn -0.8858315 -0.464007 0
vn -0.8781344 -0.4642523 -0.1155411
vn -0.8551305 -0.4647916 -0.2296098
vn -0.8173699 -0.4653954 -0.3395786
vn -0.7657781 -0.4659122 -0.4432941
vn -0.7014472 -0.4662514 -0.539056
vn -0.6254995 -0.4663696 -0.6254995
vn -0.5390559 -0.4662517 -0.7014471
vn -0.4432941 -0.4659122 -0.7657782
vn -0.3395786 -0.4653954 -0.8173699
vn -0.2296098 -0.4647917 -0.8551305
vn -0.115541 -0.4642523 -0.8781344
vn 0 -0.464007 -0.8858315
vn -0.971399 -0.2374532 0
vn -0.9630169 -0.2376425 -0.1269826
vn -0.9379159 -0.2380653 -0.2522671
vn -0.8966476 -0.2385471 -0.3729857
vn -0.840201 -0.2389656 -0.4867831
vn -0.7697619 -0.2392435 -0.5918015
vn -0.6865551 -0.239341 -0.6865551
vn -0.5918016 -0.2392437 -0.7697618
vn -0.4867831 -0.2389656 -0.840201
vn -0.3729857 -0.2385471 -0.8966476
vn -0.2522671 -0.2380654 -0.9379159
vn -0.1269825 -0.2376425 -0.9630168
vn 0 -0.2374532 -0.971399
vn -0.9757679 0.2188087 0
vn -0.9673508 0.2188509 -0.1278155
vn -0.9421514 0.2189246 -0.2538165
vn -0.9007327 0.2189841 -0.3751354
vn -0.8440927 0.2190176 -0.4894271
vn -0.7734204 0.2190307 -0.5948499
vn -0.6899362 0.2190342 -0.6899362
vn -0.5948499 0.2190309 -0.7734203
vn -0.4894269 0.2190177 -0.8440927
vn -0.3751354 0.2189841 -0.9007327
vn -0.2538165 0.2189246 -0.9421514
vn -0.1278154 0.218851 -0.9673508
vn 0 0.2188087 -0.9757679
vn -0.7071068 0.7071067 0
vn -0.7008411 0.7072718 -0.0926732
vn -0.6822407 0.7076194 -0.1839084
vn -0.6518981 0.7079893 -0.2716242
vn -0.6106426 0.7082918 -0.3541728
vn -0.5593768 0.7084832 -0.4302898
vn -0.4989779 0.7085493 -0.4989779
vn -0.4302895 0.7084836 -0.5593764
vn -0.3541725 0.7082922 -0.6106423
vn -0.2716242 0.7079893 -0.6518981
vn -0.1839084 0.7076195 -0.6822407
vn -0.09267312 0.7072722 -0.7008407
vn 0 0.7071067 -0.7071068
vn 0.01463583 0.9936444 -0.1116093
vn 0.02908259 0.9936601 -0.1085995
vn 0.04300221 0.9936774 -0.1037111
vn 0.05612806 0.9936921 -0.09708631
vn 0.06825444 0.9937015 -0.08887395
vn 0.07921721 0.9937048 -0.07921721
vn 0.08887387 0.9937015 -0.06825439
vn 0.09708644 0.9936921 -0.05612813
vn 0.1037111 0.9936774 -0.04300221
vn 0.1085994 0.9936601 -0.02908259
vn 0.1116095 0.9936444 -0.01463585
vn 0.1126288 0.9936371 0
vn 0.0423023 0.945595 -0.322584
vn 0.08406798 0.9457196 -0.3139221
vn 0.124321 0.945857 -0.2998312
vn 0.1622863 0.945973 -0.2807102
vn 0.1973621 0.9460483 -0.2569842
vn 0.2290671 0.9460743 -0.2290671
vn 0.2569841 0.9460484 -0.1973619
vn 0.2807105 0.9459729 -0.1622864
vn 0.2998312 0.945857 -0.124321
vn 0.3139218 0.9457196 -0.08406792
vn 0.3225844 0.945595 -0.04230232
vn 0.3255129 0.9455377 0
vn 0.09191624 0.7073073 -0.700905
vn 0.1827564 0.7077413 -0.6824238
vn 0.2704104 0.7082207 -0.6521515
vn 0.3531514 0.7086253 -0.6108472
vn 0.4296083 0.7088879 -0.5593878
vn 0.4986729 0.7089786 -0.4986729
vn 0.5593876 0.7088881 -0.4296081
vn 0.6108475 0.708625 -0.3531515
vn 0.6521515 0.7082207 -0.2704104
vn 0.6824237 0.7077416 -0.1827563
vn 0.7009054 0.707307 -0.09191626
vn 0.7071066 0.7071069 0
vn 0.1292383 0.1104816 -0.9854396
vn 0.2571144 0.1105879 -0.9600326
vn 0.3806805 0.1107025 -0.9180562
vn 0.4974363 0.1107969 -0.860396
vn 0.6053464 0.1108571 -0.7882046
vn 0.7027468 0.1108777 -0.7027468
vn 0.7882046 0.1108571 -0.6053464
vn 0.860396 0.1107969 -0.4974363
vn 0.9180562 0.1107025 -0.3806805
vn 0.9600325 0.110588 -0.2571144
vn 0.9854397 0.1104815 -0.1292383
vn 0.9938837 0.1104314 0
vn 0.1224492 -0.3368844 -0.9335498
vn 0.2435649 -0.3372929 -0.9093457
vn 0.3605501 -0.3377491 -0.8694419
vn 0.4710538 -0.338138 -0.8147214
vn 0.573176 -0.3383926 -0.7462974
vn 0.6653686 -0.338481 -0.6653686
vn 0.7462972 -0.3383928 -0.573176
vn 0.8147215 -0.3381378 -0.4710539
vn 0.8694419 -0.3377491 -0.3605501
vn 0.9093456 -0.3372931 -0.2435649
vn 0.9335498 -0.3368843 -0.1224492
vn 0.9416127 -0.336698 0
vn 0.1115279 -0.5147284 -0.8500683
vn 0.2217827 -0.5152364 -0.8278549
vn 0.3282126 -0.5158022 -0.7913435
vn 0.4287009 -0.5162836 -0.7413951
vn 0.5215537 -0.5165982 -0.6790495
vn 0.605398 -0.5167072 -0.605398
vn 0.6790493 -0.5165984 -0.5215536
vn 0.7413953 -0.5162833 -0.4287009
vn 0.7913435 -0.5158022 -0.3282126
vn 0.8278548 -0.5152367 -0.2217827
vn 0.8500685 -0.5147281 -0.1115278
vn 0.8574929 -0.5144958 0
vn 0.1069423 -0.5699008 -0.8147247
vn 0.2126209 -0.5704221 -0.7933543
vn 0.3145887 -0.5710024 -0.7582811
vn 0.4108313 -0.5714963 -0.7103587
vn 0.4997468 -0.5718191 -0.6505967
vn 0.5800409 -0.5719312 -0.5800409
vn 0.6505966 -0.5718194 -0.4997467
vn 0.7103589 -0.5714962 -0.4108314
vn 0.7582811 -0.5710024 -0.3145887
vn 0.7933542 -0.5704222 -0.2126208
vn 0.8147249 -0.5699006 -0.1069423
vn 0.8218789 -0.5696623 0
vn 0.1083602 -0.5549443 -0.8247999
vn 0.2153958 -0.5554783 -0.8031492
vn 0.318632 -0.5560738 -0.7676299
vn 0.416039 -0.5565813 -0.7191167
vn 0.506009 -0.5569133 -0.6586369
vn 0.5872474 -0.5570288 -0.5872474
vn 0.6586366 -0.5569137 -0.5060089
vn 0.7191168 -0.5565812 -0.416039
vn 0.7676299 -0.5560738 -0.318632
vn 0.803149 -0.5554784 -0.2153958
vn 0.8248 -0.5549441 -0.1083602
vn 0.8320503 -0.5547002 0
vn 0.1155411 -0.4642523 -0.8781344
vn 0.2296098 -0.4647916 -0.8551305
vn 0.3395786 -0.4653954 -0.8173699
vn 0.4432941 -0.4659122 -0.7657781
vn 0.539056 -0.4662514 -0.7014472
vn 0.6254995 -0.4663696 -0.6254995
vn 0.7014471 -0.4662517 -0.5390559
vn 0.7657782 -0.4659122 -0.4432941
vn 0.8173699 -0.4653954 -0.3395786
vn 0.8551305 -0.4647917 -0.2296098
vn 0.8781344 -0.4642523 -0.115541
vn 0.8858315 -0.464007 0
vn 0.1269826 -0.2376425 -0.9630169
vn 0.2522671 -0.2380653 -0.9379159
vn 0.3729857 -0.2385471 -0.8966476
vn 0.4867831 -0.2389656 -0.840201
vn 0.5918015 -0.2392435 -0.7697619
vn 0.6865551 -0.239341 -0.6865551
vn 0.7697618 -0.2392437 -0.5918016
vn 0.840201 -0.2389656 -0.4867831
vn 0.8966476 -0.2385471 -0.3729857
vn 0.9379159 -0.2380654 -0.2522671
vn 0.9630168 -0.2376425 -0.1269825
vn 0.971399 -0.2374532 0
vn 0.1278155 0.2188509 -0.9673508
vn 0.2538165 0.2189246 -0.9421514
vn 0.3751354 0.2189841 -0.9007327
vn 0.4894271 0.2190176 -0.8440927
vn 0.5948499 0.2190307 -0.7734204
vn 0.6899362 0.2190342 -0.6899362
vn 0.7734203 0.2190309 -0.5948499
vn 0.8440927 0.2190177 -0.4894269
vn 0.9007327 0.2189841 -0.3751354
vn 0.9421514 0.2189246 -0.2538165
vn 0.9673508 0.218851 -0.1278154
vn 0.9757679 0.2188087 0
vn 0.0926732 0.7072718 -0.7008411
vn 0.1839084 0.7076194 -0.6822407
vn 0.2716242 0.7079893 -0.6518981
vn 0.3541728 0.7082918 -0.6106426
vn 0.4302898 0.7084832 -0.5593768
vn 0.4989779 0.7085493 -0.4989779
vn 0.5593764 0.7084836 -0.4302895
vn 0.6106423 0.7082922 -0.3541725
vn 0.6518981 0.7079893 -0.2716242
vn 0.6822407 0.7076195 -0.1839084
vn 0.7008407 0.7072722 -0.09267312
vn 0.7071068 0.7071067 0
vn 0 0.9936371 0.1126288
vn 0.01463583 0.9936444 0.1116093
vn 0.02908259 0.9936601 0.1085995
vn 0.04300221 0.9936774 0.1037111
vn 0.05612806 0.9936921 0.09708631
vn 0.06825444 0.9937015 0.08887395
vn 0.07921721 0.9937048 0.07921721
vn 0.08887387 0.9937015 0.06825439
vn 0.09708644 0.9936921 0.05612813
vn 0.1037111 0.9936774 0.04300221
vn 0.1085994 0.9936601 0.02908259
vn 0.1116095 0.9936444 0.01463585
vn 0 0.9455377 0.3255129
vn 0.0423023 0.945595 0.322584
vn 0.08406798 0.9457196 0.3139221
vn 0.124321 0.945857 0.2998312
vn 0.1622863 0.945973 0.2807102
vn 0.1973621 0.9460483 0.2569842
vn 0.2290671 0.9460743 0.2290671
vn 0.2569841 0.9460484 0.1973619
vn 0.2807105 0.9459729 0.1622864
vn 0.2998312 0.945857 0.124321
vn 0.3139218 0.9457196 0.08406792
vn 0.3225844 0.945595 0.04230232
vn 0 0.7071069 0.7071066
vn 0.09191624 0.7073073 0.700905
vn 0.1827564 0.7077413 0.6824238
vn 0.2704104 0.7082207 0.6521515
vn 0.3531514 0.7086253 0.6108472
vn 0.4296083 0.7088879 0.5593878
vn 0.4986729 0.7089786 0.4986729
vn 0.5593876 0.7088881 0.4296081
vn 0.6108475 0.708625 0.3531515
vn 0.6521515 0.7082207 0.2704104
vn 0.6824237 0.7077416 0.1827563
vn 0.7009054 0.707307 0.09191626
vn 0 0.1104314 0.9938837
vn 0.1292383 0.1104816 0.9854396
vn 0.2571144 0.1105879 0.9600326
vn 0.3806805 0.1107025 0.9180562
vn 0.4974363 0.1107969 0.860396
vn 0.6053464 0.1108571 0.7882046
vn 0.7027468 0.1108777 0.7027468
vn 0.7882046 0.1108571 0.6053464
vn 0.860396 0.1107969 0.4974363
vn 0.9180562 0.1107025 0.3806805
vn 0.9600325 0.110588 0.2571144
vn 0.9854397 0.1104815 0.1292383
vn 0 -0.336698 0.9416127
vn 0.1224492 -0.3368844 0.9335498
vn 0.2435649 -0.3372929 0.9093457
vn 0.3605501 -0.3377491 0.8694419
vn 0.4710538 -0.338138 0.8147214
vn 0.573176 -0.3383926 0.7462974
vn 0.6653686 -0.338481 0.6653686
vn 0.7462972 -0.3383928 0.573176
vn 0.8147215 -0.3381378 0.4710539
vn 0.8694419 -0.3377491 0.3605501
vn 0.9093456 -0.3372931 0.2435649
vn 0.9335498 -0.3368843 0.1224492
vn 0 -0.5144958 0.8574929
vn 0.1115279 -0.5147284 0.8500683
vn 0.2217827 -0.5152364 0.8278549
vn 0.3282126 -0.5158022 0.7913435
vn 0.4287009 -0.5162836 0.7413951
vn 0.5215537 -0.5165982 0.6790495
vn 0.605398 -0.5167072 0.605398
vn 0.6790493 -0.5165984 0.5215536
vn 0.7413953 -0.5162833 0.4287009
vn 0.7913435 -0.5158022 0.3282126
vn 0.8278548 -0.5152367 0.2217827
vn 0.8500685 -0.5147281 0.1115278
vn 0 -0.5696623 0.8218789
vn 0.1069423 -0.5699008 0.8147247
vn 0.2126209 -0.5704221 0.7933543
vn 0.3145887 -0.5710024 0.7582811
vn 0.4108313 -0.5714963 0.7103587
vn 0.4997468 -0.5718191 0.6505967
vn 0.5800409 -0.5719312 0.5800409
vn 0.6505966 -0.5718194 0.4997467
vn 0.7103589 -0.5714962 0.4108314
vn 0.7582811 -0.5710024 0.3145887
vn 0.7933542 -0.5704222 0.2126208
vn 0.8147249 -0.5699006 0.1069423
vn 0 -0.5547002 0.8320503
vn 0.1083602 -0.5549443 0.8247999
vn 0.2153958 -0.5554783 0.8031492
vn 0.318632 -0.5560738 0.7676299
vn 0.416039 -0.5565813 0.7191167
vn 0.506009 -0.5569133 0.6586369
vn 0.5872474 -0.5570288 0.5872474
vn 0.6586366 -0.5569137 0.5060089
vn 0.7191168 -0.5565812 0.416039
vn 0.7676299 -0.5560738 0.318632
vn 0.803149 -0.5554784 0.2153958
vn 0.8248 -0.5549441 0.1083602
vn 0 -0.464007 0.8858315
vn 0.1155411 -0.4642523 0.8781344
vn 0.2296098 -0.4647916 0.8551305
vn 0.3395786 -0.4653954 0.8173699
vn 0.4432941 -0.4659122 0.7657781
vn 0.539056 -0.4662514 0.7014472
vn 0.6254995 -0.4663696 0.6254995
vn 0.7014471 -0.4662517 0.5390559
vn 0.7657782 -0.4659122 0.4432941
vn 0.8173699 -0.4653954 0.3395786
vn 0.8551305 -0.4647917 0.2296098
vn 0.8781344 -0.4642523 0.115541
vn 0 -0.2374532 0.971399
vn 0.1269826 -0.2376425 0.9630169
vn 0.2522671 -0.2380653 0.9379159
vn 0.3729857 -0.2385471 0.8966476
vn 0.4867831 -0.2389656 0.840201
vn 0.5918015 -0.2392435 0.7697619
vn 0.6865551 -0.239341 0.6865551
vn 0.7697618 -0.2392437 0.5918016
vn 0.840201 -0.2389656 0.4867831
vn 0.8966476 -0.2385471 0.3729857
vn 0.9379159 -0.2380654 0.2522671
vn 0.9630168 -0.2376425 0.1269825
vn 0 0.2188087 0.9757679
vn 0.1278155 0.2188509 0.9673508
vn 0.2538165 0.2189246 0.9421514
vn 0.3751354 0.2189841 0.9007327
vn 0.4894271 0.2190176 0.8440927
vn 0.5948499 0.2190307 0.7734204
vn 0.6899362 0.2190342 0.6899362
vn 0.7734203 0.2190309 0.5948499
vn 0.8440927 0.2190177 0.4894269
vn 0.9007327 0.2189841 0.3751354
vn 0.9421514 0.2189246 0.2538165
vn 0.9673508 0.218851 0.1278154
vn 0 0.7071067 0.7071068
vn 0.0926732 0.7072718 0.7008411
vn 0.1839084 0.7076194 0.6822407
vn 0.2716242 0.7079893 0.6518981
vn 0.3541728 0.7082918 0.6106426
vn 0.4302898 0.7084832 0.5593768
vn 0.4989779 0.7085493 0.4989779
vn 0.5593764 0.7084836 0.4302895
vn 0.6106423 0.7082922 0.3541725
vn 0.6518981 0.7079893 0.2716242
vn 0.6822407 0.7076195 0.1839084
vn 0.7008407 0.7072722 0.09267312
vn -0.1116093 0.9936444 0.01463583
vn -0.1085995 0.9936601 0.02908259
vn -0.1037111 0.9936774 0.04300221
vn -0.09708631 0.9936921 0.05612806
vn -0.08887395 0.9937015 0.06825444
vn -0.07921721 0.9937048 0.07921721
vn -0.06825439 0.9937015 0.08887387
vn -0.05612813 0.9936921 0.09708644
vn -0.04300221 0.9936774 0.1037111
vn -0.02908259 0.9936601 0.1085994
vn -0.01463585 0.9936444 0.1116095
vn -0.322584 0.945595 0.0423023
vn -0.3139221 0.9457196 0.08406798
vn -0.2998312 0.945857 0.124321
vn -0.2807102 0.945973 0.1622863
vn -0.2569842 0.9460483 0.1973621
vn -0.2290671 0.9460743 0.2290671
vn -0.1973619 0.9460484 0.2569841
vn -0.1622864 0.9459729 0.2807105
vn -0.124321 0.945857 0.2998312
vn -0.08406792 0.9457196 0.3139218
vn -0.04230232 0.945595 0.3225844
vn -0.700905 0.7073073 0.09191624
vn -0.6824238 0.7077413 0.1827564
vn -0.6521515 0.7082207 0.2704104
vn -0.6108472 0.7086253 0.3531514
vn -0.5593878 0.7088879 0.4296083
vn -0.4986729 0.7089786 0.4986729
vn -0.4296081 0.7088881 0.5593876
vn -0.3531515 0.708625 0.6108475
vn -0.2704104 0.7082207 0.6521515
vn -0.1827563 0.7077416 0.6824237
vn -0.09191626 0.707307 0.7009054
vn -0.9854396 0.1104816 0.1292383
vn -0.9600326 0.1105879 0.2571144
vn -0.9180562 0.1107025 0.3806805
vn -0.860396 0.1107969 0.4974363
vn -0.7882046 0.1108571 0.6053464
vn -0.7027468 0.1108777 0.7027468
vn -0.6053464 0.1108571 0.7882046
vn -0.4974363 0.1107969 0.860396
vn -0.3806805 0.1107025 0.9180562
vn -0.2571144 0.110588 0.9600325
vn -0.1292383 0.1104815 0.9854397
vn -0.9335498 -0.3368844 0.1224492
vn -0.9093457 -0.3372929 0.2435649
vn -0.8694419 -0.3377491 0.3605501
vn -0.8147214 -0.338138 0.4710538
vn -0.7462974 -0.3383926 0.573176
vn -0.6653686 -0.338481 0.6653686
vn -0.573176 -0.3383928 0.7462972
vn -0.4710539 -0.3381378 0.8147215
vn -0.3605501 -0.3377491 0.8694419
vn -0.2435649 -0.3372931 0.9093456
vn -0.1224492 -0.3368843 0.9335498
vn -0.8500683 -0.5147284 0.1115279
vn -0.8278549 -0.5152364 0.2217827
vn -0.7913435 -0.5158022 0.3282126
vn -0.7413951 -0.5162836 0.4287009
vn -0.6790495 -0.5165982 0.5215537
vn -0.605398 -0.5167072 0.605398
vn -0.5215536 -0.5165984 0.6790493
vn -0.4287009 -0.5162833 0.7413953
vn -0.3282126 -0.5158022 0.7913435
vn -0.2217827 -0.5152367 0.8278548
vn -0.1115278 -0.5147281 0.8500685
vn -0.8147247 -0.5699008 0.1069423
vn -0.7933543 -0.5704221 0.2126209
vn -0.7582811 -0.5710024 0.3145887
vn -0.7103587 -0.5714963 0.4108313
vn -0.6505967 -0.5718191 0.4997468
vn -0.5800409 -0.5719312 0.5800409
vn -0.4997467 -0.5718194 0.6505966
vn -0.4108314 -0.5714962 0.7103589
vn -0.3145887 -0.5710024 0.7582811
vn -0.2126208 -0.5704222 0.7933542
vn -0.1069423 -0.5699006 0.8147249
vn -0.8247999 -0.5549443 0.1083602
vn -0.8031492 -0.5554783 0.2153958
vn -0.7676299 -0.5560738 0.318632
vn -0.7191167 -0.5565813 0.416039
vn -0.6586369 -0.5569133 0.506009
vn -0.5872474 -0.5570288 0.5872474
vn -0.5060089 -0.5569137 0.6586366
vn -0.416039 -0.5565812 0.7191168
vn -0.318632 -0.5560738 0.7676299
vn -0.2153958 -0.5554784 0.803149
vn -0.1083602 -0.5549441 0.8248
vn -0.8781344 -0.4642523 0.1155411
vn -0.8551305 -0.4647916 0.2296098
vn -0.8173699 -0.4653954 0.3395786
vn -0.7657781 -0.4659122 0.4432941
vn -0.7014472 -0.4662514 0.539056
vn -0.6254995 -0.4663696 0.6254995
vn -0.5390559 -0.4662517 0.7014471
vn -0.4432941 -0.4659122 0.7657782
vn -0.3395786 -0.4653954 0.8173699
vn -0.2296098 -0.4647917 0.8551305
vn -0.115541 -0.4642523 0.8781344
vn -0.9630169 -0.2376425 0.1269826
vn -0.9379159 -0.2380653 0.2522671
vn -0.8966476 -0.2385471 0.3729857
vn -0.840201 -0.2389656 0.4867831
vn -0.7697619 -0.2392435 0.5918015
vn -0.6865551 -0.239341 0.6865551
vn -0.5918016 -0.2392437 0.7697618
vn -0.4867831 -0.2389656 0.840201
vn -0.3729857 -0.2385471 0.8966476
vn -0.2522671 -0.2380654 0.9379159
vn -0.1269825 -0.2376425 0.9630168
vn -0.9673508 0.2188509 0.1278155
vn -0.9421514 0.2189246 0.2538165
vn -0.9007327 0.2189841 0.3751354
vn -0.8440927 0.2190176 0.4894271
vn -0.7734204 0.2190307 0.5948499
vn -0.6899362 0.2190342 0.6899362
vn -0.5948499 0.2190309 0.7734203
vn -0.4894269 0.2190177 0.8440927
vn -0.3751354 0.2189841 0.9007327
vn -0.2538165 0.2189246 0.9421514
vn -0.1278154 0.218851 0.9673508
vn -0.7008411 0.7072718 0.0926732
vn -0.6822407 0.7076194 0.1839084
vn -0.6518981 0.7079893 0.2716242
vn -0.6106426 0.7082918 0.3541728
vn -0.5593768 0.7084832 0.4302898
vn -0.4989779 0.7085493 0.4989779
vn -0.4302895 0.7084836 0.5593764
vn -0.3541725 0.7082922 0.6106423
vn -0.2716242 0.7079893 0.6518981
vn -0.1839084 0.7076195 0.6822407
vn -0.09267312 0.7072722 0.7008407
vn -0.4849674 0.8745322 0
vn -0.4806106 0.8746282 -0.06355181
vn -0.4677338 0.8748301 -0.1260848
vn -0.4468077 0.8750449 -0.1861698
vn -0.4184365 0.8752205 -0.2426932
vn -0.3832512 0.8753322 -0.2948085
vn -0.3418534 0.8753699 -0.3418534
vn -0.2948088 0.8753319 -0.3832515
vn -0.2426933 0.8752202 -0.4184369
vn -0.1861698 0.8750449 -0.4468077
vn -0.1260849 0.8748298 -0.4677342
vn -0.0635518 0.8746282 -0.4806107
vn 0 0.8745322 -0.4849674
vn -0.3481862 0.9374254 0
vn -0.3450399 0.9374784 -0.04562511
vn -0.3357578 0.93759 -0.09050865
vn -0.320698 0.9377086 -0.1336242
vn -0.3003053 0.9378055 -0.1741771
vn -0.2750363 0.937867 -0.2115663
vn -0.2453225 0.9378879 -0.2453225
vn -0.2115666 0.937867 -0.2750366
vn -0.1741772 0.9378054 -0.3003056
vn -0.1336242 0.9377086 -0.320698
vn -0.09050876 0.9375898 -0.3357582
vn -0.0456251 0.9374784 -0.3450399
vn 0 0.9374254 -0.3481862
vn -0.2676437 0.963518 0
vn -0.265219 0.9635502 -0.03507028
vn -0.2580716 0.9636179 -0.06956714
vn -0.2464836 0.9636899 -0.1027015
vn -0.2308003 0.9637488 -0.1338642
vn -0.211374 0.9637862 -0.1625954
vn -0.1885364 0.9637988 -0.1885364
vn -0.1625956 0.9637861 -0.2113742
vn -0.1338643 0.9637487 -0.2308005
vn -0.1027015 0.9636899 -0.2464836
vn -0.06956722 0.9636179 -0.2580719
vn -0.03507028 0.9635502 -0.265219
vn 0 0.963518 -0.2676437
vn -0.2216209 0.9751329 0
vn -0.2196109 0.9751552 -0.02903946
vn -0.2136878 0.9752022 -0.05760281
vn -0.204088 0.9752523 -0.08503666
vn -0.1910986 0.975293 -0.1108372
vn -0.1750119 0.975319 -0.1346245
vn -0.1561022 0.9753277 -0.1561022
vn -0.1346246 0.9753189 -0.175012
vn -0.1108373 0.9752929 -0.1910988
vn -0.08503666 0.9752523 -0.204088
vn -0.05760286 0.9752021 -0.213688
vn -0.02903945 0.9751552 -0.2196109
vn 0 0.9751329 -0.2216209
vn -0.1992214 0.9799545 0
vn -0.1974137 0.9799727 -0.02610429
vn -0.1920874 0.9800109 -0.0517801
vn -0.1834562 0.9800514 -0.0764401
vn -0.1717787 0.9800845 -0.09963167
vn -0.1573174 0.9801056 -0.1210134
vn -0.1403194 0.9801128 -0.1403194
vn -0.1210135 0.9801056 -0.1573175
vn -0.0996317 0.9800845 -0.1717788
vn -0.0764401 0.9800514 -0.1834562
vn -0.05178014 0.9800108 -0.1920876
vn -0.02610428 0.9799727 -0.1974137
vn 0 0.9799545 -0.1992214
vn -0.1961161 0.9805807 0
vn -0.1943364 0.9805983 -0.02569738
vn -0.1890929 0.9806353 -0.05097287
vn -0.1805961 0.9806746 -0.07524836
vn -0.1691005 0.9807067 -0.09807828
vn -0.1548646 0.9807272 -0.1191266
vn -0.1381314 0.9807341 -0.1381314
vn -0.1191266 0.9807272 -0.1548646
vn -0.09807827 0.9807067 -0.1691005
vn -0.07524836 0.9806746 -0.1805961
vn -0.05097291 0.9806353 -0.189093
vn -0.02569737 0.9805983 -0.1943364
vn 0 0.9805807 -0.1961161
vn -0.2126682 0.9771244 0
vn -0.210739 0.9771451 -0.02786632
vn -0.2050542 0.9771885 -0.05527549
vn -0.1958417 0.9772345 -0.08160069
vn -0.1833768 0.9772721 -0.1063585
vn -0.1679396 0.9772962 -0.1291843
vn -0.1497938 0.9773043 -0.1497938
vn -0.1291842 0.9772962 -0.1679395
vn -0.1063585 0.9772722 -0.1833767
vn -0.08160069 0.9772345 -0.1958417
vn -0.05527552 0.9771885 -0.2050543
vn -0.02786631 0.9771451 -0.210739
vn 0 0.9771244 -0.2126682
vn -0.2544933 0.9670745 0
vn -0.252187 0.9671038 -0.03334704
vn -0.2453887 0.9671653 -0.06614827
vn -0.2343689 0.9672306 -0.09765369
vn -0.2194555 0.9672838 -0.1272842
vn -0.2009832 0.9673179 -0.1546025
vn -0.1792677 0.9673294 -0.1792677
vn -0.1546024 0.9673179 -0.2009831
vn -0.1272841 0.967284 -0.2194554
vn -0.09765369 0.9672306 -0.2343689
vn -0.06614829 0.9671653 -0.2453888
vn -0.03334703 0.9671037 -0.252187
vn 0 0.9670745 -0.2544933
vn -0.3363365 0.9417419 0
vn -0.333296 0.9417917 -0.04407219
vn -0.3243266 0.9418964 -0.08742718
vn -0.3097775 0.9420073 -0.1290739
vn -0.2900777 0.942098 -0.1682451
vn -0.2656678 0.9421558 -0.2043599
vn -0.2369655 0.9421755 -0.2369655
vn -0.2043598 0.942156 -0.2656676
vn -0.1682449 0.942098 -0.2900774
vn -0.1290739 0.9420073 -0.3097775
vn -0.08742721 0.9418964 -0.3243267
vn -0.04407218 0.9417917 -0.333296
vn 0 0.9417419 -0.3363365
vn -0.4920573 0.8705629 0
vn -0.4876384 0.8706612 -0.06448112
vn -0.4745757 0.8708686 -0.1279291
vn -0.4533475 0.8710883 -0.1888948
vn -0.4245643 0.8712677 -0.2462474
vn -0.3888648 0.8713824 -0.2991267
vn -0.3468606 0.8714215 -0.3468606
vn -0.2991266 0.8713826 -0.3888645
vn -0.2462471 0.871268 -0.424564
vn -0.1888948 0.8710883 -0.4533475
vn -0.1279291 0.8708686 -0.4745757
vn -0.06448111 0.8706613 -0.4876384
vn 0 0.8705629 -0.4920573
vn -0.7733923 0.6339278 0
vn -0.7665743 0.6341047 -0.1013652
vn -0.7463011 0.6344782 -0.2011769
vn -0.7131835 0.6348742 -0.2971598
vn -0.6681063 0.635198 -0.3875016
vn -0.6120475 0.6354052 -0.4708057
vn -0.5459719 0.6354758 -0.5459719
vn -0.4708056 0.6354057 -0.6120472
vn -0.3875015 0.6351985 -0.668106
vn -0.2971598 0.6348742 -0.7131835
vn -0.2011769 0.6344782 -0.7463011
vn -0.1013652 0.6341048 -0.7665743
vn 0 0.6339278 -0.7733923
vn -1 0 0
vn -0.9913705 0 -0.1310903
vn -0.9655346 0 -0.2602746
vn -0.9230769 0 -0.3846154
vn -0.8650312 0 -0.5017181
vn -0.792624 0 -0.6097107
vn -0.7071068 0 -0.7071068
vn -0.6097108 0 -0.7926239
vn -0.5017181 0 -0.8650312
vn -0.3846154 0 -0.9230769
vn -0.2602746 0 -0.9655347
vn -0.1310903 0 -0.9913704
vn 0 0 -1
vn 0.06355181 0.8746282 -0.4806106
vn 0.1260848 0.8748301 -0.4677338
vn 0.1861698 0.8750449 -0.4468077
vn 0.2426932 0.8752205 -0.4184365
vn 0.2948085 0.8753322 -0.3832512
vn 0.3418534 0.8753699 -0.3418534
vn 0.3832515 0.8753319 -0.2948088
vn 0.4184369 0.8752202 -0.2426933
vn 0.4468077 0.8750449 -0.1861698
vn 0.4677342 0.8748298 -0.1260849
vn 0.4806107 0.8746282 -0.0635518
vn 0.4849674 0.8745322 0
vn 0.04562511 0.9374784 -0.3450399
vn 0.09050865 0.93759 -0.3357578
vn 0.1336242 0.9377086 -0.320698
vn 0.1741771 0.9378055 -0.3003053
vn 0.2115663 0.937867 -0.2750363
vn 0.2453225 0.9378879 -0.2453225
vn 0.2750366 0.937867 -0.2115666
vn 0.3003056 0.9378054 -0.1741772
vn 0.320698 0.9377086 -0.1336242
vn 0.3357582 0.9375898 -0.09050876
vn 0.3450399 0.9374784 -0.0456251
vn 0.3481862 0.9374254 0
vn 0.03507028 0.9635502 -0.265219
vn 0.06956714 0.9636179 -0.2580716
vn 0.1027015 0.9636899 -0.2464836
vn 0.1338642 0.9637488 -0.2308003
vn 0.1625954 0.9637862 -0.211374
vn 0.1885364 0.9637988 -0.1885364
vn 0.2113742 0.9637861 -0.1625956
vn 0.2308005 0.9637487 -0.1338643
vn 0.2464836 0.9636899 -0.1027015
vn 0.2580719 0.9636179 -0.06956722
vn 0.265219 0.9635502 -0.03507028
vn 0.2676437 0.963518 0
vn 0.02903946 0.9751552 -0.2196109
vn 0.05760281 0.9752022 -0.2136878
vn 0.08503666 0.9752523 -0.204088
vn 0.1108372 0.975293 -0.1910986
vn 0.1346245 0.975319 -0.1750119
vn 0.1561022 0.9753277 -0.1561022
vn 0.175012 0.9753189 -0.1346246
vn 0.1910988 0.9752929 -0.1108373
vn 0.204088 0.9752523 -0.08503666
vn 0.213688 0.9752021 -0.05760286
vn 0.2196109 0.9751552 -0.02903945
vn 0.2216209 0.9751329 0
vn 0.02610429 0.9799727 -0.1974137
vn 0.0517801 0.9800109 -0.1920874
vn 0.0764401 0.9800514 -0.1834562
vn 0.09963167 0.9800845 -0.1717787
vn 0.1210134 0.9801056 -0.1573174
vn 0.1403194 0.9801128 -0.1403194
vn 0.1573175 0.9801056 -0.1210135
vn 0.1717788 0.9800845 -0.0996317
vn 0.1834562 0.9800514 -0.0764401
vn 0.1920876 0.9800108 -0.05178014
vn 0.1974137 0.9799727 -0.02610428
vn 0.1992214 0.9799545 0
vn 0.02569738 0.9805983 -0.1943364
vn 0.05097287 0.9806353 -0.1890929
vn 0.07524836 0.9806746 -0.1805961
vn 0.09807828 0.9807067 -0.1691005
vn 0.1191266 0.9807272 -0.1548646
vn 0.1381314 0.9807341 -0.1381314
vn 0.1548646 0.9807272 -0.1191266
vn 0.1691005 0.9807067 -0.09807827
vn 0.1805961 0.9806746 -0.07524836
vn 0.189093 0.9806353 -0.05097291
vn 0.1943364 0.9805983 -0.02569737
vn 0.1961161 0.9805807 0
vn 0.02786632 0.9771451 -0.210739
vn 0.05527549 0.9771885 -0.2050542
vn 0.08160069 0.9772345 -0.1958417
vn 0.1063585 0.9772721 -0.1833768
vn 0.1291843 0.9772962 -0.1679396
vn 0.1497938 0.9773043 -0.1497938
vn 0.1679395 0.9772962 -0.1291842
vn 0.1833767 0.9772722 -0.1063585
vn 0.1958417 0.9772345 -0.08160069
vn 0.2050543 0.9771885 -0.05527552
vn 0.210739 0.9771451 -0.02786631
vn 0.2126682 0.9771244 0
vn 0.03334704 0.9671038 -0.252187
vn 0.06614827 0.9671653 -0.2453887
vn 0.09765369 0.9672306 -0.2343689
vn 0.1272842 0.9672838 -0.2194555
vn 0.1546025 0.9673179 -0.2009832
vn 0.1792677 0.9673294 -0.1792677
vn 0.2009831 0.9673179 -0.1546024
vn 0.2194554 0.967284 -0.1272841
vn 0.2343689 0.9672306 -0.09765369
vn 0.2453888 0.9671653 -0.06614829
vn 0.252187 0.9671037 -0.03334703
vn 0.2544933 0.9670745 0
vn 0.04407219 0.9417917 -0.333296
vn 0.08742718 0.9418964 -0.3243266
vn 0.1290739 0.9420073 -0.3097775
vn 0.1682451 0.942098 -0.2900777
vn 0.2043599 0.9421558 -0.2656678
vn 0.2369655 0.9421755 -0.2369655
vn 0.2656676 0.942156 -0.2043598
vn 0.2900774 0.942098 -0.1682449
vn 0.3097775 0.9420073 -0.1290739
vn 0.3243267 0.9418964 -0.08742721
vn 0.333296 0.9417917 -0.04407218
vn 0.3363365 0.9417419 0
vn 0.06448112 0.8706612 -0.4876384
vn 0.1279291 0.8708686 -0.4745757
vn 0.1888948 0.8710883 -0.4533475
vn 0.2462474 0.8712677 -0.4245643
vn 0.2991267 0.8713824 -0.3888648
vn 0.3468606 0.8714215 -0.3468606
vn 0.3888645 0.8713826 -0.2991266
vn 0.424564 0.871268 -0.2462471
vn 0.4533475 0.8710883 -0.1888948
vn 0.4745757 0.8708686 -0.1279291
vn 0.4876384 0.8706613 -0.06448111
vn 0.4920573 0.8705629 0
vn 0.1013652 0.6341047 -0.7665743
vn 0.2011769 0.6344782 -0.7463011
vn 0.2971598 0.6348742 -0.7131835
vn 0.3875016 0.635198 -0.6681063
vn 0.4708057 0.6354052 -0.6120475
vn 0.5459719 0.6354758 -0.5459719
vn 0.6120472 0.6354057 -0.4708056
vn 0.668106 0.6351985 -0.3875015
vn 0.7131835 0.6348742 -0.2971598
vn 0.7463011 0.6344782 -0.2011769
vn 0.7665743 0.6341048 -0.1013652
vn 0.7733923 0.6339278 0
vn 0.1310903 0 -0.9913705
vn 0.2602746 0 -0.9655346
vn 0.3846154 0 -0.9230769
vn 0.5017181 0 -0.8650312
vn 0.6097107 0 -0.792624
vn 0.7071068 0 -0.7071068
vn 0.7926239 0 -0.6097108
vn 0.8650312 0 -0.5017181
vn 0.9230769 0 -0.3846154
vn 0.9655347 0 -0.2602746
vn 0.9913704 0 -0.1310903
vn 1 0 0
vn 0 0.8745322 0.4849674
vn 0.06355181 0.8746282 0.4806106
vn 0.1260848 0.8748301 0.4677338
vn 0.1861698 0.8750449 0.4468077
vn 0.2426932 0.8752205 0.4184365
vn 0.2948085 0.8753322 0.3832512
vn 0.3418534 0.8753699 0.3418534
vn 0.3832515 0.8753319 0.2948088
vn 0.4184369 0.8752202 0.2426933
vn 0.4468077 0.8750449 0.1861698
vn 0.4677342 0.8748298 0.1260849
vn 0.4806107 0.8746282 0.0635518
vn 0 0.9374254 0.3481862
vn 0.04562511 0.9374784 0.3450399
vn 0.09050865 0.93759 0.3357578
vn 0.1336242 0.9377086 0.320698
vn 0.1741771 0.9378055 0.3003053
vn 0.2115663 0.937867 0.2750363
vn 0.2453225 0.9378879 0.2453225
vn 0.2750366 0.937867 0.2115666
vn 0.3003056 0.9378054 0.1741772
vn 0.320698 0.9377086 0.1336242
vn 0.3357582 0.9375898 0.09050876
vn 0.3450399 0.9374784 0.0456251
vn 0 0.963518 0.2676437
vn 0.03507028 0.9635502 0.265219
vn 0.06956714 0.9636179 0.2580716
vn 0.1027015 0.9636899 0.2464836
vn 0.1338642 0.9637488 0.2308003
vn 0.1625954 0.9637862 0.211374
vn 0.1885364 0.9637988 0.1885364
vn 0.2113742 0.9637861 0.1625956
vn 0.2308005 0.9637487 0.1338643
vn 0.2464836 0.9636899 0.1027015
vn 0.2580719 0.9636179 0.06956722
vn 0.265219 0.9635502 0.03507028
vn 0 0.9751329 0.2216209
vn 0.02903946 0.9751552 0.2196109
vn 0.05760281 0.9752022 0.2136878
vn 0.08503666 0.9752523 0.204088
vn 0.1108372 0.975293 0.1910986
vn 0.1346245 0.975319 0.1750119
vn 0.1561022 0.9753277 0.1561022
vn 0.175012 0.9753189 0.1346246
vn 0.1910988 0.9752929 0.1108373
vn 0.204088 0.9752523 0.08503666
vn 0.213688 0.9752021 0.05760286
vn 0.2196109 0.9751552 0.02903945
vn 0 0.9799545 0.1992214
vn 0.02610429 0.9799727 0.1974137
vn 0.0517801 0.9800109 0.1920874
vn 0.0764401 0.9800514 0.1834562
vn 0.09963167 0.9800845 0.1717787
vn 0.1210134 0.9801056 0.1573174
vn 0.1403194 0.9801128 0.1403194
vn 0.1573175 0.9801056 0.1210135
vn 0.1717788 0.9800845 0.0996317
vn 0.1834562 0.9800514 0.0764401
vn 0.1920876 0.9800108 0.05178014
vn 0.1974137 0.9799727 0.02610428
vn 0 0.9805807 0.1961161
vn 0.02569738 0.9805983 0.1943364
vn 0.05097287 0.9806353 0.1890929
vn 0.07524836 0.9806746 0.1805961
vn 0.09807828 0.9807067 0.1691005
vn 0.1191266 0.9807272 0.1548646
vn 0.1381314 0.9807341 0.1381314
vn 0.1548646 0.9807272 0.1191266
vn 0.1691005 0.9807067 0.09807827
vn 0.1805961 0.9806746 0.07524836
vn 0.189093 0.9806353 0.05097291
vn 0.1943364 0.9805983 0.02569737
vn 0 0.9771244 0.2126682
vn 0.02786632 0.9771451 0.210739
vn 0.05527549 0.9771885 0.2050542
vn 0.08160069 0.9772345 0.1958417
vn 0.1063585 0.9772721 0.1833768
vn 0.1291843 0.9772962 0.1679396
vn 0.1497938 0.9773043 0.1497938
vn 0.1679395 0.9772962 0.1291842
vn 0.1833767 0.9772722 0.1063585
vn 0.1958417 0.9772345 0.08160069
vn 0.2050543 0.9771885 0.05527552
vn 0.210739 0.9771451 0.02786631
vn 0 0.9670745 0.2544933
vn 0.03334704 0.9671038 0.252187
vn 0.06614827 0.9671653 0.2453887
vn 0.09765369 0.9672306 0.2343689
vn 0.1272842 0.9672838 0.2194555
vn 0.1546025 0.9673179 0.2009832
vn 0.1792677 0.9673294 0.1792677
vn 0.2009831 0.9673179 0.1546024
vn 0.2194554 0.967284 0.1272841
vn 0.2343689 0.9672306 0.09765369
vn 0.2453888 0.9671653 0.06614829
vn 0.252187 0.9671037 0.03334703
vn 0 0.9417419 0.3363365
vn 0.04407219 0.9417917 0.333296
vn 0.08742718 0.9418964 0.3243266
vn 0.1290739 0.9420073 0.3097775
vn 0.1682451 0.942098 0.2900777
vn 0.2043599 0.9421558 0.2656678
vn 0.2369655 0.9421755 0.2369655
vn 0.2656676 0.942156 0.2043598
vn 0.2900774 0.942098 0.1682449
vn 0.3097775 0.9420073 0.1290739
vn 0.3243267 0.9418964 0.08742721
vn 0.333296 0.9417917 0.04407218
vn 0 0.8705629 0.4920573
vn 0.06448112 0.8706612 0.4876384
vn 0.1279291 0.8708686 0.4745757
vn 0.1888948 0.8710883 0.4533475
vn 0.2462474 0.8712677 0.4245643
vn 0.2991267 0.8713824 0.3888648
vn 0.3468606 0.8714215 0.3468606
vn 0.3888645 0.8713826 0.2991266
vn 0.424564 0.871268 0.2462471
vn 0.4533475 0.8710883 0.1888948
vn 0.4745757 0.8708686 0.1279291
vn 0.4876384 0.8706613 0.06448111
vn 0 0.6339278 0.7733923
vn 0.1013652 0.6341047 0.7665743
vn 0.2011769 0.6344782 0.7463011
vn 0.2971598 0.6348742 0.7131835
vn 0.3875016 0.635198 0.6681063
vn 0.4708057 0.6354052 0.6120475
vn 0.5459719 0.6354758 0.5459719
vn 0.6120472 0.6354057 0.4708056
vn 0.668106 0.6351985 0.3875015
vn 0.7131835 0.6348742 0.2971598
vn 0.7463011 0.6344782 0.2011769
vn 0.7665743 0.6341048 0.1013652
vn 0 0 1
vn 0.1310903 0 0.9913705
vn 0.2602746 0 0.9655346
vn 0.3846154 0 0.9230769
vn 0.5017181 0 0.8650312
vn 0.6097107 0 0.792624
vn 0.7071068 0 0.7071068
vn 0.7926239 0 0.6097108
vn 0.8650312 0 0.5017181
vn 0.9230769 0 0.3846154
vn 0.9655347 0 0.2602746
vn 0.9913704 0 0.1310903
vn -0.4806106 0.8746282 0.06355181
vn -0.4677338 0.8748301 0.1260848
vn -0.4468077 0.8750449 0.1861698
vn -0.4184365 0.8752205 0.2426932
vn -0.3832512 0.8753322 0.2948085
vn -0.3418534 0.8753699 0.3418534
vn -0.2948088 0.8753319 0.3832515
vn -0.2426933 0.8752202 0.4184369
vn -0.1861698 0.8750449 0.4468077
vn -0.1260849 0.8748298 0.4677342
vn -0.0635518 0.8746282 0.4806107
vn -0.3450399 0.9374784 0.04562511
vn -0.3357578 0.93759 0.09050865
vn -0.320698 0.9377086 0.1336242
vn -0.3003053 0.9378055 0.1741771
vn -0.2750363 0.937867 0.2115663
vn -0.2453225 0.9378879 0.2453225
vn -0.2115666 0.937867 0.2750366
vn -0.1741772 0.9378054 0.3003056
vn -0.1336242 0.9377086 0.320698
vn -0.09050876 0.9375898 0.3357582
vn -0.0456251 0.9374784 0.3450399
vn -0.265219 0.9635502 0.03507028
vn -0.2580716 0.9636179 0.06956714
vn -0.2464836 0.9636899 0.1027015
vn -0.2308003 0.9637488 0.1338642
vn -0.211374 0.9637862 0.1625954
vn -0.1885364 0.9637988 0.1885364
vn -0.1625956 0.9637861 0.2113742
vn -0.1338643 0.9637487 0.2308005
vn -0.1027015 0.9636899 0.2464836
vn -0.06956722 0.9636179 0.2580719
vn -0.03507028 0.9635502 0.265219
vn -0.2196109 0.9751552 0.02903946
vn -0.2136878 0.9752022 0.05760281
vn -0.204088 0.9752523 0.08503666
vn -0.1910986 0.975293 0.1108372
vn -0.1750119 0.975319 0.1346245
vn -0.1561022 0.9753277 0.1561022
vn -0.1346246 0.9753189 0.175012
vn -0.1108373 0.9752929 0.1910988
vn -0.08503666 0.9752523 0.204088
vn -0.05760286 0.9752021 0.213688
vn -0.02903945 0.9751552 0.2196109
vn -0.1974137 0.9799727 0.02610429
vn -0.1920874 0.9800109 0.0517801
vn -0.1834562 0.9800514 0.0764401
vn -0.1717787 0.9800845 0.09963167
vn -0.1573174 0.9801056 0.1210134
vn -0.1403194 0.9801128 0.1403194
vn -0.1210135 0.9801056 0.1573175
vn -0.0996317 0.9800845 0.1717788
vn -0.0764401 0.9800514 0.1834562
vn -0.05178014 0.9800108 0.1920876
vn -0.02610428 0.9799727 0.1974137
vn -0.1943364 0.9805983 0.02569738
vn -0.1890929 0.9806353 0.05097287
vn -0.1805961 0.9806746 0.07524836
vn -0.1691005 0.9807067 0.09807828
vn -0.1548646 0.9807272 0.1191266
vn -0.1381314 0.9807341 0.1381314
vn -0.1191266 0.9807272 0.1548646
vn -0.09807827 0.9807067 0.1691005
vn -0.07524836 0.9806746 0.1805961
vn -0.05097291 0.9806353 0.189093
vn -0.02569737 0.9805983 0.1943364
vn -0.210739 0.9771451 0.02786632
vn -0.2050542 0.9771885 0.05527549
vn -0.1958417 0.9772345 0.08160069
vn -0.1833768 0.9772721 0.1063585
vn -0.1679396 0.9772962 0.1291843
vn -0.1497938 0.9773043 0.1497938
vn -0.1291842 0.9772962 0.1679395
vn -0.1063585 0.9772722 0.1833767
vn -0.08160069 0.9772345 0.1958417
vn -0.05527552 0.9771885 0.2050543
vn -0.02786631 0.9771451 0.210739
vn -0.252187 0.9671038 0.03334704
vn -0.2453887 0.9671653 0.06614827
vn -0.2343689 0.9672306 0.09765369
vn -0.2194555 0.9672838 0.1272842
vn -0.2009832 0.9673179 0.1546025
vn -0.1792677 0.9673294 0.1792677
vn -0.1546024 0.9673179 0.2009831
vn -0.1272841 0.967284 0.2194554
vn -0.09765369 0.9672306 0.2343689
vn -0.06614829 0.9671653 0.2453888
vn -0.03334703 0.9671037 0.252187
vn -0.333296 0.9417917 0.04407219
vn -0.3243266 0.9418964 0.08742718
vn -0.3097775 0.9420073 0.1290739
vn -0.2900777 0.942098 0.1682451
vn -0.2656678 0.9421558 0.2043599
vn -0.2369655 0.9421755 0.2369655
vn -0.2043598 0.942156 0.2656676
vn -0.1682449 0.942098 0.2900774
vn -0.1290739 0.9420073 0.3097775
vn -0.08742721 0.9418964 0.3243267
vn -0.04407218 0.9417917 0.333296
vn -0.4876384 0.8706612 0.06448112
vn -0.4745757 0.8708686 0.1279291
vn -0.4533475 0.8710883 0.1888948
vn -0.4245643 0.8712677 0.2462474
vn -0.3888648 0.8713824 0.2991267
vn -0.3468606 0.8714215 0.3468606
vn -0.2991266 0.8713826 0.3888645
vn -0.2462471 0.871268 0.424564
vn -0.1888948 0.8710883 0.4533475
vn -0.1279291 0.8708686 0.4745757
vn -0.06448111 0.8706613 0.4876384
vn -0.7665743 0.6341047 0.1013652
vn -0.7463011 0.6344782 0.2011769
vn -0.7131835 0.6348742 0.2971598
vn -0.6681063 0.635198 0.3875016
vn -0.6120475 0.6354052 0.4708057
vn -0.5459719 0.6354758 0.5459719
vn -0.4708056 0.6354057 0.6120472
vn -0.3875015 0.6351985 0.668106
vn -0.2971598 0.6348742 0.7131835
vn -0.2011769 0.6344782 0.7463011
vn -0.1013652 0.6341048 0.7665743
vn -0.9913705 0 0.1310903
vn -0.9655346 0 0.2602746
vn -0.9230769 0 0.3846154
vn -0.8650312 0 0.5017181
vn -0.792624 0 0.6097107
vn -0.7071068 0 0.7071068
vn -0.6097108 0 0.7926239
vn -0.5017181 0 0.8650312
vn -0.3846154 0 0.9230769
vn -0.2602746 0 0.9655347
vn -0.1310903 0 0.9913704
vn 0.9417419 -0.3363365 0
vn 0.9335656 -0.3364762 0.1234467
vn 0.9091349 -0.3367696 0.2450712
vn 0.8690541 -0.3370821 0.3621059
vn 0.8143261 -0.3373382 0.4723092
vn 0.7461171 -0.3375005 0.5739362
vn 0.6656033 -0.3375565 0.6656033
vn 0.5739362 -0.3375011 0.7461169
vn 0.4723091 -0.3373383 0.814326
vn 0.362106 -0.3370816 0.8690543
vn 0.2450713 -0.3367686 0.9091352
vn 0.1234467 -0.3364757 0.9335657
vn 0 -0.3363365 0.9417419
vn 0.9695969 -0.2447078 0
vn 0.9612027 -0.2448155 0.1271012
vn 0.9360979 -0.245042 0.2523395
vn 0.8948783 -0.2452829 0.3728659
vn 0.8385624 -0.2454807 0.4863662
vn 0.7683458 -0.2456059 0.5910352
vn 0.6854402 -0.2456491 0.6854402
vn 0.5910351 -0.2456063 0.7683457
vn 0.4863662 -0.2454808 0.8385625
vn 0.372866 -0.2452825 0.8948784
vn 0.2523395 -0.245041 0.9360981
vn 0.1271012 -0.2448152 0.9612027
vn 0 -0.2447078 0.9695969
vn 0.9929882 -0.1182129 0
vn 0.9844128 -0.1182674 0.1301703
vn 0.9587451 -0.1183823 0.2584443
vn 0.9165725 -0.1185043 0.3819052
vn 0.8589254 -0.1186048 0.4981768
vn 0.7870232 -0.1186681 0.6054025
vn 0.7021085 -0.1186899 0.7021085
vn 0.6054025 -0.1186683 0.7870232
vn 0.4981768 -0.1186047 0.8589254
vn 0.3819052 -0.1185041 0.9165725
vn 0.2584444 -0.1183815 0.9587452
vn 0.1301702 -0.1182674 0.9844128
vn 0 -0.1182129 0.9929882
vn 0.9974588 0.07124718 0
vn 0.9888487 0.07128055 0.1307569
vn 0.9630738 0.07134986 0.2596112
vn 0.9207194 0.07142446 0.383633
vn 0.8628182 0.0714848 0.5004345
vn 0.7905941 0.07152372 0.6081492
vn 0.7052951 0.07153729 0.7052951
vn 0.6081492 0.0715239 0.790594
vn 0.5004345 0.07148502 0.8628181
vn 0.3836331 0.07142431 0.9207194
vn 0.2596112 0.07135041 0.9630738
vn 0.1307568 0.07128006 0.9888487
vn 0 0.07124718 0.9974588
vn 0.9269467 0.3751931 0
vn 0.9188869 0.3753443 0.1215057
vn 0.8948162 0.3756609 0.2412113
vn 0.8553417 0.3759987 0.3563924
vn 0.8014584 0.3762747 0.4648459
vn 0.7343159 0.3764505 0.5648584
vn 0.6550722 0.3765115 0.6550722
vn 0.5648583 0.3764512 0.7343157
vn 0.4648458 0.3762751 0.8014583
vn 0.3563924 0.3759982 0.8553419
vn 0.2412114 0.3756609 0.8948162
vn 0.1215057 0.3753434 0.9188873
vn 0 0.3751931 0.9269467
vn 0.6069136 0.7947679 0
vn 0.6014979 0.7949051 0.07953692
vn 0.5854589 0.7951923 0.1578194
vn 0.5593441 0.7954981 0.23306
vn 0.523887 0.7957479 0.3038545
vn 0.4798701 0.7959065 0.3691308
vn 0.4280451 0.7959616 0.4280451
vn 0.3691303 0.7959071 0.4798693
vn 0.3038544 0.7957481 0.5238869
vn 0.2330602 0.7954978 0.5593445
vn 0.1578195 0.795192 0.5854593
vn 0.07953702 0.7949045 0.6014988
vn 0 0.7947679 0.6069136
vn 0 1 0
vn 0 1 0
vn 0 1 0
vn 0 1 0
vn 0 1 0
vn 0 1 0
vn 0 1 0
vn 0 1 0
vn 0 1 0
vn 0 1 0
vn 0 1 0
vn 0 1 0
vn 0 1 0
vn -0.4429894 0.8965268 0
vn -0.4390012 0.8966093 -0.05804975
vn -0.4272228 0.8967819 -0.1151644
vn -0.4080931 0.8969653 -0.1700388
vn -0.3821675 0.8971155 -0.2216572
vn -0.3500253 0.8972104 -0.2692502
vn -0.3122132 0.8972435 -0.3122132
vn -0.2692498 0.8972108 -0.3500246
vn -0.2216572 0.8971154 -0.3821675
vn -0.1700389 0.8969652 -0.4080934
vn -0.1151646 0.8967816 -0.4272235
vn -0.05804982 0.8966089 -0.4390019
vn 0 0.8965268 -0.4429894
vn -0.6663308 0.7456563 0
vn -0.6604087 0.7458112 -0.08732677
vn -0.6428461 0.7461365 -0.173289
vn -0.6142204 0.7464823 -0.2559252
vn -0.5753215 0.7467654 -0.3336865
vn -0.527005 0.7469445 -0.4053884
vn -0.4700961 0.7470069 -0.4700961
vn -0.4053879 0.7469452 -0.5270042
vn -0.3336866 0.7467652 -0.5753217
vn -0.2559252 0.746482 -0.6142205
vn -0.1732892 0.7461359 -0.6428468
vn -0.0873268 0.7458109 -0.6604091
vn 0 0.7456563 -0.6663308
vn -0.7863182 0.6178218 0
vn -0.7793933 0.6180006 -0.1030603
vn -0.7587965 0.6183763 -0.2045451
vn -0.7251398 0.6187752 -0.3021415
vn -0.6793178 0.6191027 -0.3940043
vn -0.6223262 0.6193096 -0.4787125
vn -0.5551424 0.6193817 -0.5551424
vn -0.4787121 0.6193104 -0.6223257
vn -0.3940044 0.6191022 -0.6793181
vn -0.3021415 0.6187752 -0.7251398
vn -0.2045453 0.6183754 -0.7587972
vn -0.1030603 0.6180002 -0.7793936
vn 0 0.6178218 -0.7863182
vn -0.8592927 0.511484 0
vn -0.8517731 0.5116609 -0.1126311
vn -0.8293615 0.5120326 -0.223567
vn -0.7926745 0.5124272 -0.330281
vn -0.7426615 0.5127513 -0.4307437
vn -0.6804003 0.5129561 -0.5233848
vn -0.6069607 0.5130277 -0.6069607
vn -0.5233845 0.5129569 -0.6803998
vn -0.4307438 0.5127507 -0.7426617
vn -0.330281 0.5124273 -0.7926744
vn -0.2235672 0.5120316 -0.829362
vn -0.1126311 0.5116607 -0.8517732
vn 0 0.511484 -0.8592927
vn -0.9078327 0.4193324 0
vn -0.8999245 0.4194942 -0.1189983
vn -0.8763199 0.4198346 -0.2362254
vn -0.837631 0.4201956 -0.3490129
vn -0.7848393 0.4204927 -0.4552068
vn -0.7190757 0.4206801 -0.5531352
vn -0.6414721 0.4207457 -0.6414721
vn -0.5531349 0.4206809 -0.7190753
vn -0.455207 0.4204919 -0.7848396
vn -0.3490128 0.4201959 -0.8376309
vn -0.2362255 0.4198335 -0.8763202
vn -0.1189983 0.4194942 -0.8999245
vn 0 0.4193324 -0.9078327
vn -0.9417419 0.3363365 0
vn -0.9335656 0.3364761 -0.1234467
vn -0.9091348 0.3367702 -0.2450711
vn -0.8690543 0.3370815 -0.3621059
vn -0.814326 0.3373383 -0.4723091
vn -0.7461172 0.3375 -0.5739363
vn -0.6656032 0.3375569 -0.6656032
vn -0.5739362 0.3375008 -0.7461169
vn -0.4723093 0.3373373 -0.8143263
vn -0.3621058 0.337082 -0.8690541
vn -0.2450712 0.3367692 -0.9091352
vn -0.1234467 0.3364762 -0.9335655
vn 0 0.3363365 -0.9417419
vn -0.1234467 -0.3364762 0.9335656
vn -0.2450712 -0.3367696 0.9091349
vn -0.3621059 -0.3370821 0.8690541
vn -0.4723092 -0.3373382 0.8143261
vn -0.5739362 -0.3375005 0.7461171
vn -0.6656033 -0.3375565 0.6656033
vn -0.7461169 -0.3375011 0.5739362
vn -0.814326 -0.3373383 0.4723091
vn -0.8690543 -0.3370816 0.362106
vn -0.9091352 -0.3367686 0.2450713
vn -0.9335657 -0.3364757 0.1234467
vn -0.9417419 -0.3363365 0
vn -0.1271012 -0.2448155 0.9612027
vn -0.2523395 -0.245042 0.9360979
vn -0.3728659 -0.2452829 0.8948783
vn -0.4863662 -0.2454807 0.8385624
vn -0.5910352 -0.2456059 0.7683458
vn -0.6854402 -0.2456491 0.6854402
vn -0.7683457 -0.2456063 0.5910351
vn -0.8385625 -0.2454808 0.4863662
vn -0.8948784 -0.2452825 0.372866
vn -0.9360981 -0.245041 0.2523395
vn -0.9612027 -0.2448152 0.1271012
vn -0.9695969 -0.2447078 0
vn -0.1301703 -0.1182674 0.9844128
vn -0.2584443 -0.1183823 0.9587451
vn -0.3819052 -0.1185043 0.9165725
vn -0.4981768 -0.1186048 0.8589254
vn -0.6054025 -0.1186681 0.7870232
vn -0.7021085 -0.1186899 0.7021085
vn -0.7870232 -0.1186683 0.6054025
vn -0.8589254 -0.1186047 0.4981768
vn -0.9165725 -0.1185041 0.3819052
vn -0.9587452 -0.1183815 0.2584444
vn -0.9844128 -0.1182674 0.1301702
vn -0.9929882 -0.1182129 0
vn -0.1307569 0.07128055 0.9888487
vn -0.2596112 0.07134986 0.9630738
vn -0.383633 0.07142446 0.9207194
vn -0.5004345 0.0714848 0.8628182
vn -0.6081492 0.07152372 0.7905941
vn -0.7052951 0.07153729 0.7052951
vn -0.790594 0.0715239 0.6081492
vn -0.8628181 0.07148502 0.5004345
vn -0.9207194 0.07142431 0.3836331
vn -0.9630738 0.07135041 0.2596112
vn -0.9888487 0.07128006 0.1307568
vn -0.9974588 0.07124718 0
vn -0.1215057 0.3753443 0.9188869
vn -0.2412113 0.3756609 0.8948162
vn -0.3563924 0.3759987 0.8553417
vn -0.4648459 0.3762747 0.8014584
vn -0.5648584 0.3764505 0.7343159
vn -0.6550722 0.3765115 0.6550722
vn -0.7343157 0.3764512 0.5648583
vn -0.8014583 0.3762751 0.4648458
vn -0.8553419 0.3759982 0.3563924
vn -0.8948162 0.3756609 0.2412114
vn -0.9188873 0.3753434 0.1215057
vn -0.9269467 0.3751931 0
vn -0.07953692 0.7949051 0.6014979
vn -0.1578194 0.7951923 0.5854589
vn -0.23306 0.7954981 0.5593441
vn -0.3038545 0.7957479 0.523887
vn -0.3691308 0.7959065 0.4798701
vn -0.4280451 0.7959616 0.4280451
vn -0.4798693 0.7959071 0.3691303
vn -0.5238869 0.7957481 0.3038544
vn -0.5593445 0.7954978 0.2330602
vn -0.5854593 0.795192 0.1578195
vn -0.6014988 0.7949045 0.07953702
vn -0.6069136 0.7947679 0
vn 0 1 0
vn 0 1 0
vn 0 1 0
vn 0 1 0
vn 0 1 0
vn 0 1 0
vn 0 1 0
vn 0 1 0
vn 0 1 0
vn 0 1 0
vn 0 1 0
vn 0 1 0
vn 0.05804975 0.8966093 -0.4390012
vn 0.1151644 0.8967819 -0.4272228
vn 0.1700388 0.8969653 -0.4080931
vn 0.2216572 0.8971155 -0.3821675
vn 0.2692502 0.8972104 -0.3500253
vn 0.3122132 0.8972435 -0.3122132
vn 0.3500246 0.8972108 -0.2692498
vn 0.3821675 0.8971154 -0.2216572
vn 0.4080934 0.8969652 -0.1700389
vn 0.4272235 0.8967816 -0.1151646
vn 0.4390019 0.8966089 -0.05804982
vn 0.4429894 0.8965268 0
vn 0.08732677 0.7458112 -0.6604087
vn 0.173289 0.7461365 -0.6428461
vn 0.2559252 0.7464823 -0.6142204
vn 0.3336865 0.7467654 -0.5753215
vn 0.4053884 0.7469445 -0.527005
vn 0.4700961 0.7470069 -0.4700961
vn 0.5270042 0.7469452 -0.4053879
vn 0.5753217 0.7467652 -0.3336866
vn 0.6142205 0.746482 -0.2559252
vn 0.6428468 0.7461359 -0.1732892
vn 0.6604091 0.7458109 -0.0873268
vn 0.6663308 0.7456563 0
vn 0.1030603 0.6180006 -0.7793933
vn 0.2045451 0.6183763 -0.7587965
vn 0.3021415 0.6187752 -0.7251398
vn 0.3940043 0.6191027 -0.6793178
vn 0.4787125 0.6193096 -0.6223262
vn 0.5551424 0.6193817 -0.5551424
vn 0.6223257 0.6193104 -0.4787121
vn 0.6793181 0.6191022 -0.3940044
vn 0.7251398 0.6187752 -0.3021415
vn 0.7587972 0.6183754 -0.2045453
vn 0.7793936 0.6180002 -0.1030603
vn 0.7863182 0.6178218 0
vn 0.1126311 0.5116609 -0.8517731
vn 0.223567 0.5120326 -0.8293615
vn 0.330281 0.5124272 -0.7926745
vn 0.4307437 0.5127513 -0.7426615
vn 0.5233848 0.5129561 -0.6804003
vn 0.6069607 0.5130277 -0.6069607
vn 0.6803998 0.5129569 -0.5233845
vn 0.7426617 0.5127507 -0.4307438
vn 0.7926744 0.5124273 -0.330281
vn 0.829362 0.5120316 -0.2235672
vn 0.8517732 0.5116607 -0.1126311
vn 0.8592927 0.511484 0
vn 0.1189983 0.4194942 -0.8999245
vn 0.2362254 0.4198346 -0.8763199
vn 0.3490129 0.4201956 -0.837631
vn 0.4552068 0.4204927 -0.7848393
vn 0.5531352 0.4206801 -0.7190757
vn 0.6414721 0.4207457 -0.6414721
vn 0.7190753 0.4206809 -0.5531349
vn 0.7848396 0.4204919 -0.455207
vn 0.8376309 0.4201959 -0.3490128
vn 0.8763202 0.4198335 -0.2362255
vn 0.8999245 0.4194942 -0.1189983
vn 0.9078327 0.4193324 0
vn 0.1234467 0.3364761 -0.9335656
vn 0.2450711 0.3367702 -0.9091348
vn 0.3621059 0.3370815 -0.8690543
vn 0.4723091 0.3373383 -0.814326
vn 0.5739363 0.3375 -0.7461172
vn 0.6656032 0.3375569 -0.6656032
vn 0.7461169 0.3375008 -0.5739362
vn 0.8143263 0.3373373 -0.4723093
vn 0.8690541 0.337082 -0.3621058
vn 0.9091352 0.3367692 -0.2450712
vn 0.9335655 0.3364762 -0.1234467
vn 0.9417419 0.3363365 0
vn 0 -0.3363365 -0.9417419
vn -0.1234467 -0.3364762 -0.9335656
vn -0.2450712 -0.3367696 -0.9091349
vn -0.3621059 -0.3370821 -0.8690541
vn -0.4723092 -0.3373382 -0.8143261
vn -0.5739362 -0.3375005 -0.7461171
vn -0.6656033 -0.3375565 -0.6656033
vn -0.7461169 -0.3375011 -0.5739362
vn -0.814326 -0.3373383 -0.4723091
vn -0.8690543 -0.3370816 -0.362106
vn -0.9091352 -0.3367686 -0.2450713
vn -0.9335657 -0.3364757 -0.1234467
vn 0 -0.2447078 -0.9695969
vn -0.1271012 -0.2448155 -0.9612027
vn -0.2523395 -0.245042 -0.9360979
vn -0.3728659 -0.2452829 -0.8948783
vn -0.4863662 -0.2454807 -0.8385624
vn -0.5910352 -0.2456059 -0.7683458
vn -0.6854402 -0.2456491 -0.6854402
vn -0.7683457 -0.2456063 -0.5910351
vn -0.8385625 -0.2454808 -0.4863662
vn -0.8948784 -0.2452825 -0.372866
vn -0.9360981 -0.245041 -0.2523395
vn -0.9612027 -0.2448152 -0.1271012
vn 0 -0.1182129 -0.9929882
vn -0.1301703 -0.1182674 -0.9844128
vn -0.2584443 -0.1183823 -0.9587451
vn -0.3819052 -0.1185043 -0.9165725
vn -0.4981768 -0.1186048 -0.8589254
vn -0.6054025 -0.1186681 -0.7870232
vn -0.7021085 -0.1186899 -0.7021085
vn -0.7870232 -0.1186683 -0.6054025
vn -0.8589254 -0.1186047 -0.4981768
vn -0.9165725 -0.1185041 -0.3819052
vn -0.9587452 -0.1183815 -0.2584444
vn -0.9844128 -0.1182674 -0.1301702
vn 0 0.07124718 -0.9974588
vn -0.1307569 0.07128055 -0.9888487
vn -0.2596112 0.07134986 -0.9630738
vn -0.383633 0.07142446 -0.9207194
vn -0.5004345 0.0714848 -0.8628182
vn -0.6081492 0.07152372 -0.7905941
vn -0.7052951 0.07153729 -0.7052951
vn -0.790594 0.0715239 -0.6081492
vn -0.8628181 0.07148502 -0.5004345
vn -0.9207194 0.07142431 -0.3836331
vn -0.9630738 0.07135041 -0.2596112
vn -0.9888487 0.07128006 -0.1307568
vn 0 0.3751931 -0.9269467
vn -0.1215057 0.3753443 -0.9188869
vn -0.2412113 0.3756609 -0.8948162
vn -0.3563924 0.3759987 -0.8553417
vn -0.4648459 0.3762747 -0.8014584
vn -0.5648584 0.3764505 -0.7343159
vn -0.6550722 0.3765115 -0.6550722
vn -0.7343157 0.3764512 -0.5648583
vn -0.8014583 0.3762751 -0.4648458
vn -0.8553419 0.3759982 -0.3563924
vn -0.8948162 0.3756609 -0.2412114
vn -0.9188873 0.3753434 -0.1215057
vn 0 0.7947679 -0.6069136
vn -0.07953692 0.7949051 -0.6014979
vn -0.1578194 0.7951923 -0.5854589
vn -0.23306 0.7954981 -0.5593441
vn -0.3038545 0.7957479 -0.523887
vn -0.3691308 0.7959065 -0.4798701
vn -0.4280451 0.7959616 -0.4280451
vn -0.4798693 0.7959071 -0.3691303
vn -0.5238869 0.7957481 -0.3038544
vn -0.5593445 0.7954978 -0.2330602
vn -0.5854593 0.795192 -0.1578195
vn -0.6014988 0.7949045 -0.07953702
vn 0 1 0
vn 0 1 0
vn 0 1 0
vn 0 1 0
vn 0 1 0
vn 0 1 0
vn 0 1 0
vn 0 1 0
vn 0 1 0
vn 0 1 0
vn 0 1 0
vn 0 1 0
vn 0 0.8965268 0.4429894
vn 0.05804975 0.8966093 0.4390012
vn 0.1151644 0.8967819 0.4272228
vn 0.1700388 0.8969653 0.4080931
vn 0.2216572 0.8971155 0.3821675
vn 0.2692502 0.8972104 0.3500253
vn 0.3122132 0.8972435 0.3122132
vn 0.3500246 0.8972108 0.2692498
vn 0.3821675 0.8971154 0.2216572
vn 0.4080934 0.8969652 0.1700389
vn 0.4272235 0.8967816 0.1151646
vn 0.4390019 0.8966089 0.05804982
vn 0 0.7456563 0.6663308
vn 0.08732677 0.7458112 0.6604087
vn 0.173289 0.7461365 0.6428461
vn 0.2559252 0.7464823 0.6142204
vn 0.3336865 0.7467654 0.5753215
vn 0.4053884 0.7469445 0.527005
vn 0.4700961 0.7470069 0.4700961
vn 0.5270042 0.7469452 0.4053879
vn 0.5753217 0.7467652 0.3336866
vn 0.6142205 0.746482 0.2559252
vn 0.6428468 0.7461359 0.1732892
vn 0.6604091 0.7458109 0.0873268
vn 0 0.6178218 0.7863182
vn 0.1030603 0.6180006 0.7793933
vn 0.2045451 0.6183763 0.7587965
vn 0.3021415 0.6187752 0.7251398
vn 0.3940043 0.6191027 0.6793178
vn 0.4787125 0.6193096 0.6223262
vn 0.5551424 0.6193817 0.5551424
vn 0.6223257 0.6193104 0.4787121
vn 0.6793181 0.6191022 0.3940044
vn 0.7251398 0.6187752 0.3021415
vn 0.7587972 0.6183754 0.2045453
vn 0.7793936 0.6180002 0.1030603
vn 0 0.511484 0.8592927
vn 0.1126311 0.5116609 0.8517731
vn 0.223567 0.5120326 0.8293615
vn 0.330281 0.5124272 0.7926745
vn 0.4307437 0.5127513 0.7426615
vn 0.5233848 0.5129561 0.6804003
vn 0.6069607 0.5130277 0.6069607
vn 0.6803998 0.5129569 0.5233845
vn 0.7426617 0.5127507 0.4307438
vn 0.7926744 0.5124273 0.330281
vn 0.829362 0.5120316 0.2235672
vn 0.8517732 0.5116607 0.1126311
vn 0 0.4193324 0.9078327
vn 0.1189983 0.4194942 0.8999245
vn 0.2362254 0.4198346 0.8763199
vn 0.3490129 0.4201956 0.837631
vn 0.4552068 0.4204927 0.7848393
vn 0.5531352 0.4206801 0.7190757
vn 0.6414721 0.4207457 0.6414721
vn 0.7190753 0.4206809 0.5531349
vn 0.7848396 0.4204919 0.455207
vn 0.8376309 0.4201959 0.3490128
vn 0.8763202 0.4198335 0.2362255
vn 0.8999245 0.4194942 0.1189983
vn 0 0.3363365 0.9417419
vn 0.1234467 0.3364761 0.9335656
vn 0.2450711 0.3367702 0.9091348
vn 0.3621059 0.3370815 0.8690543
vn 0.4723091 0.3373383 0.814326
vn 0.5739363 0.3375 0.7461172
vn 0.6656032 0.3375569 0.6656032
vn 0.7461169 0.3375008 0.5739362
vn 0.8143263 0.3373373 0.4723093
vn 0.8690541 0.337082 0.3621058
vn 0.9091352 0.3367692 0.2450712
vn 0.9335655 0.3364762 0.1234467
vn 0.9335656 -0.3364762 -0.1234467
vn 0.9091349 -0.3367696 -0.2450712
vn 0.8690541 -0.3370821 -0.3621059
vn 0.8143261 -0.3373382 -0.4723092
vn 0.7461171 -0.3375005 -0.5739362
vn 0.6656033 -0.3375565 -0.6656033
vn 0.5739362 -0.3375011 -0.7461169
vn 0.4723091 -0.3373383 -0.814326
vn 0.362106 -0.3370816 -0.8690543
vn 0.2450713 -0.3367686 -0.9091352
vn 0.1234467 -0.3364757 -0.9335657
vn 0.9612027 -0.2448155 -0.1271012
vn 0.9360979 -0.245042 -0.2523395
vn 0.8948783 -0.2452829 -0.3728659
vn 0.8385624 -0.2454807 -0.4863662
vn 0.7683458 -0.2456059 -0.5910352
vn 0.6854402 -0.2456491 -0.6854402
vn 0.5910351 -0.2456063 -0.7683457
vn 0.4863662 -0.2454808 -0.8385625
vn 0.372866 -0.2452825 -0.8948784
vn 0.2523395 -0.245041 -0.9360981
vn 0.1271012 -0.2448152 -0.9612027
vn 0.9844128 -0.1182674 -0.1301703
vn 0.9587451 -0.1183823 -0.2584443
vn 0.9165725 -0.1185043 -0.3819052
vn 0.8589254 -0.1186048 -0.4981768
vn 0.7870232 -0.1186681 -0.6054025
vn 0.7021085 -0.1186899 -0.7021085
vn 0.6054025 -0.1186683 -0.7870232
vn 0.4981768 -0.1186047 -0.8589254
vn 0.3819052 -0.1185041 -0.9165725
vn 0.2584444 -0.1183815 -0.9587452
vn 0.1301702 -0.1182674 -0.9844128
vn 0.9888487 0.07128055 -0.1307569
vn 0.9630738 0.07134986 -0.2596112
vn 0.9207194 0.07142446 -0.383633
vn 0.8628182 0.0714848 -0.5004345
vn 0.7905941 0.07152372 -0.6081492
vn 0.7052951 0.07153729 -0.7052951
vn 0.6081492 0.0715239 -0.790594
vn 0.5004345 0.07148502 -0.8628181
vn 0.3836331 0.07142431 -0.9207194
vn 0.2596112 0.07135041 -0.9630738
vn 0.1307568 0.07128006 -0.9888487
vn 0.9188869 0.3753443 -0.1215057
vn 0.8948162 0.3756609 -0.2412113
vn 0.8553417 0.3759987 -0.3563924
vn 0.8014584 0.3762747 -0.4648459
vn 0.7343159 0.3764505 -0.5648584
vn 0.6550722 0.3765115 -0.6550722
vn 0.5648583 0.3764512 -0.7343157
vn 0.4648458 0.3762751 -0.8014583
vn 0.3563924 0.3759982 -0.8553419
vn 0.2412114 0.3756609 -0.8948162
vn 0.1215057 0.3753434 -0.9188873
vn 0.6014979 0.7949051 -0.07953692
vn 0.5854589 0.7951923 -0.1578194
vn 0.5593441 0.7954981 -0.23306
vn 0.523887 0.7957479 -0.3038545
vn 0.4798701 0.7959065 -0.3691308
vn 0.4280451 0.7959616 -0.4280451
vn 0.3691303 0.7959071 -0.4798693
vn 0.3038544 0.7957481 -0.5238869
vn 0.2330602 0.7954978 -0.5593445
vn 0.1578195 0.795192 -0.5854593
vn 0.07953702 0.7949045 -0.6014988
vn 0 1 0
vn 0 1 0
vn 0 1 0
vn 0 1 0
vn 0 1 0
vn 0 1 0
vn 0 1 0
vn 0 1 0
vn 0 1 0
vn 0 1 0
vn 0 1 0
vn -0.4390012 0.8966093 0.05804975
vn -0.4272228 0.8967819 0.1151644
vn -0.4080931 0.8969653 0.1700388
vn -0.3821675 0.8971155 0.2216572
vn -0.3500253 0.8972104 0.2692502
vn -0.3122132 0.8972435 0.3122132
vn -0.2692498 0.8972108 0.3500246
vn -0.2216572 0.8971154 0.3821675
vn -0.1700389 0.8969652 0.4080934
vn -0.1151646 0.8967816 0.4272235
vn -0.05804982 0.8966089 0.4390019
vn -0.6604087 0.7458112 0.08732677
vn -0.6428461 0.7461365 0.173289
vn -0.6142204 0.7464823 0.2559252
vn -0.5753215 0.7467654 0.3336865
vn -0.527005 0.7469445 0.4053884
vn -0.4700961 0.7470069 0.4700961
vn -0.4053879 0.7469452 0.5270042
vn -0.3336866 0.7467652 0.5753217
vn -0.2559252 0.746482 0.6142205
vn -0.1732892 0.7461359 0.6428468
vn -0.0873268 0.7458109 0.6604091
vn -0.7793933 0.6180006 0.1030603
vn -0.7587965 0.6183763 0.2045451
vn -0.7251398 0.6187752 0.3021415
vn -0.6793178 0.6191027 0.3940043
vn -0.6223262 0.6193096 0.4787125
vn -0.5551424 0.6193817 0.5551424
vn -0.4787121 0.6193104 0.6223257
vn -0.3940044 0.6191022 0.6793181
vn -0.3021415 0.6187752 0.7251398
vn -0.2045453 0.6183754 0.7587972
vn -0.1030603 0.6180002 0.7793936
vn -0.8517731 0.5116609 0.1126311
vn -0.8293615 0.5120326 0.223567
vn -0.7926745 0.5124272 0.330281
vn -0.7426615 0.5127513 0.4307437
vn -0.6804003 0.5129561 0.5233848
vn -0.6069607 0.5130277 0.6069607
vn -0.5233845 0.5129569 0.6803998
vn -0.4307438 0.5127507 0.7426617
vn -0.330281 0.5124273 0.7926744
vn -0.2235672 0.5120316 0.829362
vn -0.1126311 0.5116607 0.8517732
vn -0.8999245 0.4194942 0.1189983
vn -0.8763199 0.4198346 0.2362254
vn -0.837631 0.4201956 0.3490129
vn -0.7848393 0.4204927 0.4552068
vn -0.7190757 0.4206801 0.5531352
vn -0.6414721 0.4207457 0.6414721
vn -0.5531349 0.4206809 0.7190753
vn -0.455207 0.4204919 0.7848396
vn -0.3490128 0.4201959 0.8376309
vn -0.2362255 0.4198335 0.8763202
vn -0.1189983 0.4194942 0.8999245
vn -0.9335656 0.3364761 0.1234467
vn -0.9091348 0.3367702 0.2450711
vn -0.8690543 0.3370815 0.3621059
vn -0.814326 0.3373383 0.4723091
vn -0.7461172 0.3375 0.5739363
vn -0.6656032 0.3375569 0.6656032
vn -0.5739362 0.3375008 0.7461169
vn -0.4723093 0.3373373 0.8143263
vn -0.3621058 0.337082 0.8690541
vn -0.2450712 0.3367692 0.9091352
vn -0.1234467 0.3364762 0.9335655
vn -0.9423754 0.3345573 0
vn -0.9341942 0.3346961 -0.1235298
vn -0.9097485 0.3349878 -0.2452365
vn -0.8696414 0.3352998 -0.3623505
vn -0.8148773 0.3355549 -0.4726288
vn -0.7466224 0.3357171 -0.5743248
vn -0.6660545 0.3357721 -0.6660545
vn -0.574325 0.3357168 -0.7466224
vn -0.4726287 0.3355551 -0.8148772
vn -0.3623505 0.3352998 -0.8696414
vn -0.2452365 0.3349879 -0.9097484
vn -0.1235298 0.334696 -0.9341943
vn 0 0.3345573 -0.9423754
vn -0.9442682 0.3291771 0
vn -0.9360722 0.3293143 -0.1237781
vn -0.9115804 0.3296026 -0.2457303
vn -0.8713959 0.3299106 -0.3630816
vn -0.8165238 0.3301626 -0.4735838
vn -0.7481325 0.3303228 -0.5754864
vn -0.667402 0.3303772 -0.667402
vn -0.5754865 0.3303227 -0.7481324
vn -0.4735837 0.3301629 -0.8165237
vn -0.3630816 0.3299106 -0.8713959
vn -0.2457304 0.3296027 -0.9115803
vn -0.1237781 0.3293142 -0.9360722
vn 0 0.3291771 -0.9442682
vn -0.9473952 0.3200659 0
vn -0.9391747 0.3202001 -0.1241884
vn -0.914607 0.3204824 -0.2465463
vn -0.8742946 0.3207839 -0.3642893
vn -0.8192441 0.3210305 -0.4751616
vn -0.7506273 0.3211873 -0.5774057
vn -0.6696284 0.3212406 -0.6696284
vn -0.5774057 0.3211873 -0.7506273
vn -0.4751615 0.3210307 -0.819244
vn -0.3642893 0.3207839 -0.8742946
vn -0.2465463 0.3204825 -0.9146069
vn -0.1241884 0.3202001 -0.9391747
vn 0 0.3200659 -0.9473952
vn -0.9517086 0.3070028 0
vn -0.9434542 0.3071327 -0.1247543
vn -0.918782 0.3074059 -0.2476716
vn -0.8782931 0.3076977 -0.3659555
vn -0.8229967 0.3079364 -0.4773381
vn -0.754069 0.3080882 -0.580053
vn -0.6726997 0.3081399 -0.6726997
vn -0.580053 0.3080882 -0.754069
vn -0.477338 0.3079366 -0.8229966
vn -0.3659555 0.3076977 -0.8782931
vn -0.2476717 0.307406 -0.918782
vn -0.1247543 0.3071327 -0.9434543
vn 0 0.3070028 -0.9517086
vn -0.9571267 0.2896696 0
vn -0.9488299 0.2897936 -0.1254651
vn -0.9240265 0.2900544 -0.2490854
vn -0.883316 0.2903328 -0.3680483
vn -0.8277107 0.2905606 -0.4800723
vn -0.7583926 0.2907054 -0.583379
vn -0.6765581 0.2907548 -0.6765581
vn -0.583379 0.2907055 -0.7583925
vn -0.4800723 0.2905608 -0.8277107
vn -0.3680483 0.2903328 -0.883316
vn -0.2490854 0.2900544 -0.9240264
vn -0.1254651 0.2897935 -0.9488299
vn 0 0.2896696 -0.9571267
vn -0.9635179 0.2676438 0
vn -0.9551712 0.2677599 -0.1263036
vn -0.9302132 0.2680042 -0.2507531
vn -0.8892417 0.2682649 -0.3705173
vn -0.8332722 0.2684782 -0.4832979
vn -0.7634934 0.2686138 -0.5873026
vn -0.6811101 0.2686601 -0.6811101
vn -0.5873027 0.268614 -0.7634934
vn -0.4832979 0.2684783 -0.8332722
vn -0.3705173 0.2682649 -0.8892417
vn -0.2507531 0.2680042 -0.9302132
vn -0.1263036 0.2677599 -0.9551712
vn 0 0.2676438 -0.9635179
vn -0.970676 0.2403916 0
vn -0.9622735 0.2404974 -0.1272428
vn -0.9371427 0.2407201 -0.2526211
vn -0.895879 0.2409578 -0.3732829
vn -0.8395018 0.2411522 -0.4869111
vn -0.7692072 0.2412759 -0.5916978
vn -0.686209 0.2413181 -0.686209
vn -0.5916978 0.241276 -0.7692071
vn -0.486911 0.2411523 -0.8395017
vn -0.3732829 0.2409578 -0.895879
vn -0.2526211 0.2407202 -0.9371427
vn -0.1272427 0.2404974 -0.9622735
vn 0 0.2403916 -0.970676
vn -0.9782851 0.2072638 0
vn -0.9698235 0.2073565 -0.1282411
vn -0.9445093 0.2075515 -0.2546069
vn -0.9029353 0.2077596 -0.3762231
vn -0.8461248 0.2079299 -0.4907524
vn -0.775282 0.2080383 -0.5963707
vn -0.6916302 0.2080752 -0.6916302
vn -0.5963707 0.2080384 -0.775282
vn -0.4907524 0.20793 -0.8461248
vn -0.3762231 0.2077596 -0.9029353
vn -0.2546069 0.2075515 -0.9445092
vn -0.1282411 0.2073564 -0.9698235
vn 0 0.2072638 -0.9782851
vn -0.9858717 0.1675025 0
vn -0.9773512 0.1675785 -0.1292365
vn -0.9518545 0.1677387 -0.2565868
vn -0.9099715 0.1679095 -0.3791548
vn -0.8527292 0.1680492 -0.494583
vn -0.7813398 0.1681382 -0.6010306
vn -0.6970363 0.1681685 -0.6970363
vn -0.6010305 0.1681383 -0.7813398
vn -0.494583 0.1680493 -0.8527291
vn -0.3791548 0.1679095 -0.9099715
vn -0.2565869 0.1677387 -0.9518545
vn -0.1292365 0.1675785 -0.9773512
vn 0 0.1675025 -0.9858717
vn -0.9927417 0.1202661 0
vn -0.9841681 0.1203215 -0.1301379
vn -0.9585064 0.1204381 -0.2583799
vn -0.9163437 0.1205624 -0.3818099
vn -0.8587107 0.1206641 -0.4980522
vn -0.7868264 0.120729 -0.605251
vn -0.7019328 0.120751 -0.7019328
vn -0.605251 0.120729 -0.7868263
vn -0.4980522 0.1206642 -0.8587107
vn -0.3818099 0.1205624 -0.9163437
vn -0.25838 0.1204381 -0.9585064
vn -0.1301379 0.1203215 -0.9841681
vn 0 0.1202661 -0.9927417
vn -0.9979054 0.06468946 0
vn -0.989292 0.06471956 -0.1308155
vn -0.9635065 0.06478294 -0.2597278
vn -0.9211338 0.06485051 -0.3838058
vn -0.8632072 0.06490579 -0.5006602
vn -0.7909508 0.06494106 -0.6084238
vn -0.7056136 0.06495304 -0.7056136
vn -0.6084238 0.06494109 -0.7909508
vn -0.5006602 0.06490584 -0.8632072
vn -0.3838058 0.06485051 -0.9211338
vn -0.2597278 0.06478293 -0.9635065
vn -0.1308154 0.06471957 -0.989292
vn 0 0.06468946 -0.9979054
vn -1 0 0
vn -0.9913704 0 -0.1310903
vn -0.9655346 0 -0.2602745
vn -0.923077 0 -0.3846154
vn -0.8650312 0 -0.5017181
vn -0.792624 0 -0.6097108
vn -0.7071068 0 -0.7071068
vn -0.6097108 0 -0.792624
vn -0.5017181 0 -0.8650312
vn -0.3846154 0 -0.923077
vn -0.2602746 0 -0.9655346
vn -0.1310903 0 -0.9913704
vn 0 0 -1
vn 0.1235298 0.3346961 -0.9341942
vn 0.2452365 0.3349878 -0.9097485
vn 0.3623505 0.3352998 -0.8696414
vn 0.4726288 0.3355549 -0.8148773
vn 0.5743248 0.3357171 -0.7466224
vn 0.6660545 0.3357721 -0.6660545
vn 0.7466224 0.3357168 -0.574325
vn 0.8148772 0.3355551 -0.4726287
vn 0.8696414 0.3352998 -0.3623505
vn 0.9097484 0.3349879 -0.2452365
vn 0.9341943 0.334696 -0.1235298
vn 0.9423754 0.3345573 0
vn 0.1237781 0.3293143 -0.9360722
vn 0.2457303 0.3296026 -0.9115804
vn 0.3630816 0.3299106 -0.8713959
vn 0.4735838 0.3301626 -0.8165238
vn 0.5754864 0.3303228 -0.7481325
vn 0.667402 0.3303772 -0.667402
vn 0.7481324 0.3303227 -0.5754865
vn 0.8165237 0.3301629 -0.4735837
vn 0.8713959 0.3299106 -0.3630816
vn 0.9115803 0.3296027 -0.2457304
vn 0.9360722 0.3293142 -0.1237781
vn 0.9442682 0.3291771 0
vn 0.1241884 0.3202001 -0.9391747
vn 0.2465463 0.3204824 -0.914607
vn 0.3642893 0.3207839 -0.8742946
vn 0.4751616 0.3210305 -0.8192441
vn 0.5774057 0.3211873 -0.7506273
vn 0.6696284 0.3212406 -0.6696284
vn 0.7506273 0.3211873 -0.5774057
vn 0.819244 0.3210307 -0.4751615
vn 0.8742946 0.3207839 -0.3642893
vn 0.9146069 0.3204825 -0.2465463
vn 0.9391747 0.3202001 -0.1241884
vn 0.9473952 0.3200659 0
vn 0.1247543 0.3071327 -0.9434542
vn 0.2476716 0.3074059 -0.918782
vn 0.3659555 0.3076977 -0.8782931
vn 0.4773381 0.3079364 -0.8229967
vn 0.580053 0.3080882 -0.754069
vn 0.6726997 0.3081399 -0.6726997
vn 0.754069 0.3080882 -0.580053
vn 0.8229966 0.3079366 -0.477338
vn 0.8782931 0.3076977 -0.3659555
vn 0.918782 0.307406 -0.2476717
vn 0.9434543 0.3071327 -0.1247543
vn 0.9517086 0.3070028 0
vn 0.1254651 0.2897936 -0.9488299
vn 0.2490854 0.2900544 -0.9240265
vn 0.3680483 0.2903328 -0.883316
vn 0.4800723 0.2905606 -0.8277107
vn 0.583379 0.2907054 -0.7583926
vn 0.6765581 0.2907548 -0.6765581
vn 0.7583925 0.2907055 -0.583379
vn 0.8277107 0.2905608 -0.4800723
vn 0.883316 0.2903328 -0.3680483
vn 0.9240264 0.2900544 -0.2490854
vn 0.9488299 0.2897935 -0.1254651
vn 0.9571267 0.2896696 0
vn 0.1263036 0.2677599 -0.9551712
vn 0.2507531 0.2680042 -0.9302132
vn 0.3705173 0.2682649 -0.8892417
vn 0.4832979 0.2684782 -0.8332722
vn 0.5873026 0.2686138 -0.7634934
vn 0.6811101 0.2686601 -0.6811101
vn 0.7634934 0.268614 -0.5873027
vn 0.8332722 0.2684783 -0.4832979
vn 0.8892417 0.2682649 -0.3705173
vn 0.9302132 0.2680042 -0.2507531
vn 0.9551712 0.2677599 -0.1263036
vn 0.9635179 0.2676438 0
vn 0.1272428 0.2404974 -0.9622735
vn 0.2526211 0.2407201 -0.9371427
vn 0.3732829 0.2409578 -0.895879
vn 0.4869111 0.2411522 -0.8395018
vn 0.5916978 0.2412759 -0.7692072
vn 0.686209 0.2413181 -0.686209
vn 0.7692071 0.241276 -0.5916978
vn 0.8395017 0.2411523 -0.486911
vn 0.895879 0.2409578 -0.3732829
vn 0.9371427 0.2407202 -0.2526211
vn 0.9622735 0.2404974 -0.1272427
vn 0.970676 0.2403916 0
vn 0.1282411 0.2073565 -0.9698235
vn 0.2546069 0.2075515 -0.9445093
vn 0.3762231 0.2077596 -0.9029353
vn 0.4907524 0.2079299 -0.8461248
vn 0.5963707 0.2080383 -0.775282
vn 0.6916302 0.2080752 -0.6916302
vn 0.775282 0.2080384 -0.5963707
vn 0.8461248 0.20793 -0.4907524
vn 0.9029353 0.2077596 -0.3762231
vn 0.9445092 0.2075515 -0.2546069
vn 0.9698235 0.2073564 -0.1282411
vn 0.9782851 0.2072638 0
vn 0.1292365 0.1675785 -0.9773512
vn 0.2565868 0.1677387 -0.9518545
vn 0.3791548 0.1679095 -0.9099715
vn 0.494583 0.1680492 -0.8527292
vn 0.6010306 0.1681382 -0.7813398
vn 0.6970363 0.1681685 -0.6970363
vn 0.7813398 0.1681383 -0.6010305
vn 0.8527291 0.1680493 -0.494583
vn 0.9099715 0.1679095 -0.3791548
vn 0.9518545 0.1677387 -0.2565869
vn 0.9773512 0.1675785 -0.1292365
vn 0.9858717 0.1675025 0
vn 0.1301379 0.1203215 -0.9841681
vn 0.2583799 0.1204381 -0.9585064
vn 0.3818099 0.1205624 -0.9163437
vn 0.4980522 0.1206641 -0.8587107
vn 0.605251 0.120729 -0.7868264
vn 0.7019328 0.120751 -0.7019328
vn 0.7868263 0.120729 -0.605251
vn 0.8587107 0.1206642 -0.4980522
vn 0.9163437 0.1205624 -0.3818099
vn 0.9585064 0.1204381 -0.25838
vn 0.9841681 0.1203215 -0.1301379
vn 0.9927417 0.1202661 0
vn 0.1308155 0.06471956 -0.989292
vn 0.2597278 0.06478294 -0.9635065
vn 0.3838058 0.06485051 -0.9211338
vn 0.5006602 0.06490579 -0.8632072
vn 0.6084238 0.06494106 -0.7909508
vn 0.7056136 0.06495304 -0.7056136
vn 0.7909508 0.06494109 -0.6084238
vn 0.8632072 0.06490584 -0.5006602
vn 0.9211338 0.06485051 -0.3838058
vn 0.9635065 0.06478293 -0.2597278
vn 0.989292 0.06471957 -0.1308154
vn 0.9979054 0.06468946 0
vn 0.1310903 0 -0.9913704
vn 0.2602745 0 -0.9655346
vn 0.3846154 0 -0.923077
vn 0.5017181 0 -0.8650312
vn 0.6097108 0 -0.792624
vn 0.7071068 0 -0.7071068
vn 0.792624 0 -0.6097108
vn 0.8650312 0 -0.5017181
vn 0.923077 0 -0.3846154
vn 0.9655346 0 -0.2602746
vn 0.9913704 0 -0.1310903
vn 1 0 0
vn 0 0.3345573 0.9423754
vn 0.1235298 0.3346961 0.9341942
vn 0.2452365 0.3349878 0.9097485
vn 0.3623505 0.3352998 0.8696414
vn 0.4726288 0.3355549 0.8148773
vn 0.5743248 0.3357171 0.7466224
vn 0.6660545 0.3357721 0.6660545
vn 0.7466224 0.3357168 0.574325
vn 0.8148772 0.3355551 0.4726287
vn 0.8696414 0.3352998 0.3623505
vn 0.9097484 0.3349879 0.2452365
vn 0.9341943 0.334696 0.1235298
vn 0 0.3291771 0.9442682
vn 0.1237781 0.3293143 0.9360722
vn 0.2457303 0.3296026 0.9115804
vn 0.3630816 0.3299106 0.8713959
vn 0.4735838 0.3301626 0.8165238
vn 0.5754864 0.3303228 0.7481325
vn 0.667402 0.3303772 0.667402
vn 0.7481324 0.3303227 0.5754865
vn 0.8165237 0.3301629 0.4735837
vn 0.8713959 0.3299106 0.3630816
vn 0.9115803 0.3296027 0.2457304
vn 0.9360722 0.3293142 0.1237781
vn 0 0.3200659 0.9473952
vn 0.1241884 0.3202001 0.9391747
vn 0.2465463 0.3204824 0.914607
vn 0.3642893 0.3207839 0.8742946
vn 0.4751616 0.3210305 0.8192441
vn 0.5774057 0.3211873 0.7506273
vn 0.6696284 0.3212406 0.6696284
vn 0.7506273 0.3211873 0.5774057
vn 0.819244 0.3210307 0.4751615
vn 0.8742946 0.3207839 0.3642893
vn 0.9146069 0.3204825 0.2465463
vn 0.9391747 0.3202001 0.1241884
vn 0 0.3070028 0.9517086
vn 0.1247543 0.3071327 0.9434542
vn 0.2476716 0.3074059 0.918782
vn 0.3659555 0.3076977 0.8782931
vn 0.4773381 0.3079364 0.8229967
vn 0.580053 0.3080882 0.754069
vn 0.6726997 0.3081399 0.6726997
vn 0.754069 0.3080882 0.580053
vn 0.8229966 0.3079366 0.477338
vn 0.8782931 0.3076977 0.3659555
vn 0.918782 0.307406 0.2476717
vn 0.9434543 0.3071327 0.1247543
vn 0 0.2896696 0.9571267
vn 0.1254651 0.2897936 0.9488299
vn 0.2490854 0.2900544 0.9240265
vn 0.3680483 0.2903328 0.883316
vn 0.4800723 0.2905606 0.8277107
vn 0.583379 0.2907054 0.7583926
vn 0.6765581 0.2907548 0.6765581
vn 0.7583925 0.2907055 0.583379
vn 0.8277107 0.2905608 0.4800723
vn 0.883316 0.2903328 0.3680483
vn 0.9240264 0.2900544 0.2490854
vn 0.9488299 0.2897935 0.1254651
vn 0 0.2676438 0.9635179
vn 0.1263036 0.2677599 0.9551712
vn 0.2507531 0.2680042 0.9302132
vn 0.3705173 0.2682649 0.8892417
vn 0.4832979 0.2684782 0.8332722
vn 0.5873026 0.2686138 0.7634934
vn 0.6811101 0.2686601 0.6811101
vn 0.7634934 0.268614 0.5873027
vn 0.8332722 0.2684783 0.4832979
vn 0.8892417 0.2682649 0.3705173
vn 0.9302132 0.2680042 0.2507531
vn 0.9551712 0.2677599 0.1263036
vn 0 0.2403916 0.970676
vn 0.1272428 0.2404974 0.9622735
vn 0.2526211 0.2407201 0.9371427
vn 0.3732829 0.2409578 0.895879
vn 0.4869111 0.2411522 0.8395018
vn 0.5916978 0.2412759 0.7692072
vn 0.686209 0.2413181 0.686209
vn 0.7692071 0.241276 0.5916978
vn 0.8395017 0.2411523 0.486911
vn 0.895879 0.2409578 0.3732829
vn 0.9371427 0.2407202 0.2526211
vn 0.9622735 0.2404974 0.1272427
vn 0 0.2072638 0.9782851
vn 0.1282411 0.2073565 0.9698235
vn 0.2546069 0.2075515 0.9445093
vn 0.3762231 0.2077596 0.9029353
vn 0.4907524 0.2079299 0.8461248
vn 0.5963707 0.2080383 0.775282
vn 0.6916302 0.2080752 0.6916302
vn 0.775282 0.2080384 0.5963707
vn 0.8461248 0.20793 0.4907524
vn 0.9029353 0.2077596 0.3762231
vn 0.9445092 0.2075515 0.2546069
vn 0.9698235 0.2073564 0.1282411
vn 0 0.1675025 0.9858717
vn 0.1292365 0.1675785 0.9773512
vn 0.2565868 0.1677387 0.9518545
vn 0.3791548 0.1679095 0.9099715
vn 0.494583 0.1680492 0.8527292
vn 0.6010306 0.1681382 0.7813398
vn 0.6970363 0.1681685 0.6970363
vn 0.7813398 0.1681383 0.6010305
vn 0.8527291 0.1680493 0.494583
vn 0.9099715 0.1679095 0.3791548
vn 0.9518545 0.1677387 0.2565869
vn 0.9773512 0.1675785 0.1292365
vn 0 0.1202661 0.9927417
vn 0.1301379 0.1203215 0.9841681
vn 0.2583799 0.1204381 0.9585064
vn 0.3818099 0.1205624 0.9163437
vn 0.4980522 0.1206641 0.8587107
vn 0.605251 0.120729 0.7868264
vn 0.7019328 0.120751 0.7019328
vn 0.7868263 0.120729 0.605251
vn 0.8587107 0.1206642 0.4980522
vn 0.9163437 0.1205624 0.3818099
vn 0.9585064 0.1204381 0.25838
vn 0.9841681 0.1203215 0.1301379
vn 0 0.06468946 0.9979054
vn 0.1308155 0.06471956 0.989292
vn 0.2597278 0.06478294 0.9635065
vn 0.3838058 0.06485051 0.9211338
vn 0.5006602 0.06490579 0.8632072
vn 0.6084238 0.06494106 0.7909508
vn 0.7056136 0.06495304 0.7056136
vn 0.7909508 0.06494109 0.6084238
vn 0.8632072 0.06490584 0.5006602
vn 0.9211338 0.06485051 0.3838058
vn 0.9635065 0.06478293 0.2597278
vn 0.989292 0.06471957 0.1308154
vn 0 0 1
vn 0.1310903 0 0.9913704
vn 0.2602745 0 0.9655346
vn 0.3846154 0 0.923077
vn 0.5017181 0 0.8650312
vn 0.6097108 0 0.792624
vn 0.7071068 0 0.7071068
vn 0.792624 0 0.6097108
vn 0.8650312 0 0.5017181
vn 0.923077 0 0.3846154
vn 0.9655346 0 0.2602746
vn 0.9913704 0 0.1310903
vn -0.9341942 0.3346961 0.1235298
vn -0.9097485 0.3349878 0.2452365
vn -0.8696414 0.3352998 0.3623505
vn -0.8148773 0.3355549 0.4726288
vn -0.7466224 0.3357171 0.5743248
vn -0.6660545 0.3357721 0.6660545
vn -0.574325 0.3357168 0.7466224
vn -0.4726287 0.3355551 0.8148772
vn -0.3623505 0.3352998 0.8696414
vn -0.2452365 0.3349879 0.9097484
vn -0.1235298 0.334696 0.9341943
vn -0.9360722 0.3293143 0.1237781
vn -0.9115804 0.3296026 0.2457303
vn -0.8713959 0.3299106 0.3630816
vn -0.8165238 0.3301626 0.4735838
vn -0.7481325 0.3303228 0.5754864
vn -0.667402 0.3303772 0.667402
vn -0.5754865 0.3303227 0.7481324
vn -0.4735837 0.3301629 0.8165237
vn -0.3630816 0.3299106 0.8713959
vn -0.2457304 0.3296027 0.9115803
vn -0.1237781 0.3293142 0.9360722
vn -0.9391747 0.3202001 0.1241884
vn -0.914607 0.3204824 0.2465463
vn -0.8742946 0.3207839 0.3642893
vn -0.8192441 0.3210305 0.4751616
vn -0.7506273 0.3211873 0.5774057
vn -0.6696284 0.3212406 0.6696284
vn -0.5774057 0.3211873 0.7506273
vn -0.4751615 0.3210307 0.819244
vn -0.3642893 0.3207839 0.8742946
vn -0.2465463 0.3204825 0.9146069
vn -0.1241884 0.3202001 0.9391747
vn -0.9434542 0.3071327 0.1247543
vn -0.918782 0.3074059 0.2476716
vn -0.8782931 0.3076977 0.3659555
vn -0.8229967 0.3079364 0.4773381
vn -0.754069 0.3080882 0.580053
vn -0.6726997 0.3081399 0.6726997
vn -0.580053 0.3080882 0.754069
vn -0.477338 0.3079366 0.8229966
vn -0.3659555 0.3076977 0.8782931
vn -0.2476717 0.307406 0.918782
vn -0.1247543 0.3071327 0.9434543
vn -0.9488299 0.2897936 0.1254651
vn -0.9240265 0.2900544 0.2490854
vn -0.883316 0.2903328 0.3680483
vn -0.8277107 0.2905606 0.4800723
vn -0.7583926 0.2907054 0.583379
vn -0.6765581 0.2907548 0.6765581
vn -0.583379 0.2907055 0.7583925
vn -0.4800723 0.2905608 0.8277107
vn -0.3680483 0.2903328 0.883316
vn -0.2490854 0.2900544 0.9240264
vn -0.1254651 0.2897935 0.9488299
vn -0.9551712 0.2677599 0.1263036
vn -0.9302132 0.2680042 0.2507531
vn -0.8892417 0.2682649 0.3705173
vn -0.8332722 0.2684782 0.4832979
vn -0.7634934 0.2686138 0.5873026
vn -0.6811101 0.2686601 0.6811101
vn -0.5873027 0.268614 0.7634934
vn -0.4832979 0.2684783 0.8332722
vn -0.3705173 0.2682649 0.8892417
vn -0.2507531 0.2680042 0.9302132
vn -0.1263036 0.2677599 0.9551712
vn -0.9622735 0.2404974 0.1272428
vn -0.9371427 0.2407201 0.2526211
vn -0.895879 0.2409578 0.3732829
vn -0.8395018 0.2411522 0.4869111
vn -0.7692072 0.2412759 0.5916978
vn -0.686209 0.2413181 0.686209
vn -0.5916978 0.241276 0.7692071
vn -0.486911 0.2411523 0.8395017
vn -0.3732829 0.2409578 0.895879
vn -0.2526211 0.2407202 0.9371427
vn -0.1272427 0.2404974 0.9622735
vn -0.9698235 0.2073565 0.1282411
vn -0.9445093 0.2075515 0.2546069
vn -0.9029353 0.2077596 0.3762231
vn -0.8461248 0.2079299 0.4907524
vn -0.775282 0.2080383 0.5963707
vn -0.6916302 0.2080752 0.6916302
vn -0.5963707 0.2080384 0.775282
vn -0.4907524 0.20793 0.8461248
vn -0.3762231 0.2077596 0.9029353
vn -0.2546069 0.2075515 0.9445092
vn -0.1282411 0.2073564 0.9698235
vn -0.9773512 0.1675785 0.1292365
vn -0.9518545 0.1677387 0.2565868
vn -0.9099715 0.1679095 0.3791548
vn -0.8527292 0.1680492 0.494583
vn -0.7813398 0.1681382 0.6010306
vn -0.6970363 0.1681685 0.6970363
vn -0.6010305 0.1681383 0.7813398
vn -0.494583 0.1680493 0.8527291
vn -0.3791548 0.1679095 0.9099715
vn -0.2565869 0.1677387 0.9518545
vn -0.1292365 0.1675785 0.9773512
vn -0.9841681 0.1203215 0.1301379
vn -0.9585064 0.1204381 0.2583799
vn -0.9163437 0.1205624 0.3818099
vn -0.8587107 0.1206641 0.4980522
vn -0.7868264 0.120729 0.605251
vn -0.7019328 0.120751 0.7019328
vn -0.605251 0.120729 0.7868263
vn -0.4980522 0.1206642 0.8587107
vn -0.3818099 0.1205624 0.9163437
vn -0.25838 0.1204381 0.9585064
vn -0.1301379 0.1203215 0.9841681
vn -0.989292 0.06471956 0.1308155
vn -0.9635065 0.06478294 0.2597278
vn -0.9211338 0.06485051 0.3838058
vn -0.8632072 0.06490579 0.5006602
vn -0.7909508 0.06494106 0.6084238
vn -0.7056136 0.06495304 0.7056136
vn -0.6084238 0.06494109 0.7909508
vn -0.5006602 0.06490584 0.8632072
vn -0.3838058 0.06485051 0.9211338
vn -0.2597278 0.06478293 0.9635065
vn -0.1308154 0.06471957 0.989292
vn -0.9913704 0 0.1310903
vn -0.9655346 0 0.2602745
vn -0.923077 0 0.3846154
vn -0.8650312 0 0.5017181
vn -0.792624 0 0.6097108
vn -0.7071068 0 0.7071068
vn -0.6097108 0 0.792624
vn -0.5017181 0 0.8650312
vn -0.3846154 0 0.923077
vn -0.2602746 0 0.9655346
vn -0.1310903 0 0.9913704
vn -0.9905159 -0.1373982 0
vn -0.9819595 -0.1374612 -0.1298459
vn -0.9563512 -0.1375937 -0.257799
vn -0.9142792 -0.1377352 -0.3809497
vn -0.8567728 -0.137851 -0.4969282
vn -0.7850487 -0.1379246 -0.6038836
vn -0.7003463 -0.1379497 -0.7003463
vn -0.6038836 -0.1379246 -0.7850487
vn -0.4969282 -0.137851 -0.8567728
vn -0.3809497 -0.1377352 -0.9142792
vn -0.257799 -0.1375937 -0.9563512
vn -0.1298459 -0.1374611 -0.9819595
vn 0 -0.1373982 -0.9905159
vn -0.9638984 -0.2662703 0
vn -0.9555488 -0.2663859 -0.1263536
vn -0.9305816 -0.266629 -0.2508524
vn -0.8895945 -0.2668886 -0.3706643
vn -0.8336033 -0.267101 -0.48349
vn -0.7637971 -0.2672361 -0.5875362
vn -0.681381 -0.2672821 -0.681381
vn -0.5875363 -0.2672361 -0.763797
vn -0.48349 -0.2671011 -0.8336033
vn -0.3706643 -0.2668886 -0.8895945
vn -0.2508524 -0.2666291 -0.9305815
vn -0.1263535 -0.2663859 -0.9555488
vn 0 -0.2662703 -0.9638984
vn -0.9249402 -0.3801124 0
vn -0.9168965 -0.3802644 -0.1212425
vn -0.8928747 -0.3805839 -0.240688
vn -0.8534824 -0.380925 -0.3556176
vn -0.7997136 -0.381204 -0.4638339
vn -0.7327157 -0.3813815 -0.5636274
vn -0.6536444 -0.3814419 -0.6536444
vn -0.5636274 -0.3813815 -0.7327158
vn -0.4638339 -0.3812042 -0.7997134
vn -0.3556176 -0.380925 -0.8534824
vn -0.240688 -0.380584 -0.8928746
vn -0.1212425 -0.3802643 -0.9168966
vn 0 -0.3801124 -0.9249402
vn -0.8797066 -0.475517 0
vn -0.8720228 -0.4756889 -0.1153088
vn -0.8491086 -0.4760505 -0.2288901
vn -0.8115776 -0.4764363 -0.3381573
vn -0.7603952 -0.4767518 -0.4410293
vn -0.6966603 -0.4769524 -0.5358925
vn -0.6214705 -0.4770207 -0.6214705
vn -0.5358926 -0.4769524 -0.6966603
vn -0.4410293 -0.4767519 -0.7603952
vn -0.3381573 -0.4764363 -0.8115776
vn -0.2288901 -0.4760505 -0.8491085
vn -0.1153088 -0.4756889 -0.8720229
vn 0 -0.475517 -0.8797066
vn -0.8339856 -0.5517862 0
vn -0.826671 -0.5519655 -0.1093119
vn -0.8048863 -0.5523425 -0.2169693
vn -0.7692468 -0.5527447 -0.3205195
vn -0.7206856 -0.5530735 -0.4179977
vn -0.6602508 -0.5532826 -0.5078852
vn -0.588982 -0.5533537 -0.588982
vn -0.5078853 -0.5532825 -0.6602507
vn -0.4179976 -0.5530736 -0.7206855
vn -0.3205195 -0.5527447 -0.7692468
vn -0.2169693 -0.5523426 -0.8048863
vn -0.1093118 -0.5519655 -0.826671
vn 0 -0.5517862 -0.8339856
vn -0.792624 -0.6097108 0
vn -0.7856475 -0.6098897 -0.1038873
vn -0.7648934 -0.6102659 -0.2061886
vn -0.730973 -0.6106671 -0.3045721
vn -0.6847885 -0.6109951 -0.3971773
vn -0.6273408 -0.6112036 -0.4825698
vn -0.5596175 -0.6112745 -0.5596175
vn -0.4825699 -0.6112036 -0.6273409
vn -0.3971772 -0.6109952 -0.6847883
vn -0.3045721 -0.6106671 -0.730973
vn -0.2061886 -0.610266 -0.7648933
vn -0.1038873 -0.6098896 -0.7856476
vn 0 -0.6097108 -0.792624
vn -0.7597809 -0.6501791 0
vn -0.7530755 -0.6503546 -0.09958025
vn -0.7331451 -0.650723 -0.1976304
vn -0.7005953 -0.651116 -0.2919146
vn -0.6563013 -0.6514373 -0.3806548
vn -0.6012267 -0.6516415 -0.4624822
vn -0.5363175 -0.6517109 -0.5363175
vn -0.4624821 -0.6516415 -0.6012267
vn -0.3806547 -0.6514375 -0.6563011
vn -0.2919146 -0.651116 -0.7005953
vn -0.1976304 -0.6507231 -0.7331451
vn -0.09958021 -0.6503544 -0.7530755
vn 0 -0.6501791 -0.7597809
vn -0.7399401 -0.6726727 0
vn -0.7333996 -0.6728448 -0.09697847
vn -0.7139691 -0.6732063 -0.1924612
vn -0.6822492 -0.6735919 -0.2842706
vn -0.6390989 -0.6739071 -0.3706774
vn -0.5854585 -0.6741074 -0.4503527
vn -0.5222487 -0.6741756 -0.5222487
vn -0.4503528 -0.6741074 -0.5854585
vn -0.3706774 -0.6739072 -0.6390988
vn -0.2842706 -0.6735919 -0.6822492
vn -0.1924612 -0.6732064 -0.7139691
vn -0.09697846 -0.6728448 -0.7333997
vn 0 -0.6726727 -0.7399401
vn -0.7399401 -0.6726727 0
vn -0.7333996 -0.6728448 -0.09697846
vn -0.713969 -0.6732064 -0.1924612
vn -0.6822492 -0.673592 -0.2842705
vn -0.639099 -0.6739072 -0.3706775
vn -0.5854585 -0.6741074 -0.4503527
vn -0.5222486 -0.6741756 -0.5222486
vn -0.4503527 -0.6741074 -0.5854585
vn -0.3706774 -0.6739073 -0.6390988
vn -0.2842705 -0.673592 -0.6822492
vn -0.1924612 -0.6732065 -0.7139689
vn -0.09697845 -0.6728448 -0.7333997
vn 0 -0.6726727 -0.7399401
vn -0.7733921 -0.6339279 0
vn -0.766574 -0.6341051 -0.1013652
vn -0.7463017 -0.6344774 -0.201177
vn -0.7131833 -0.6348745 -0.2971597
vn -0.6681055 -0.6351991 -0.3875012
vn -0.6120474 -0.6354054 -0.4708057
vn -0.5459719 -0.6354756 -0.5459719
vn -0.4708057 -0.6354054 -0.6120474
vn -0.3875012 -0.6351992 -0.6681054
vn -0.2971597 -0.6348745 -0.7131833
vn -0.201177 -0.6344776 -0.7463016
vn -0.1013651 -0.6341051 -0.7665741
vn 0 -0.6339279 -0.7733921
vn -0.8687967 -0.495169 0
vn -0.8612007 -0.4953436 -0.1138778
vn -0.838555 -0.4957108 -0.2260453
vn -0.8014745 -0.4961026 -0.3339477
vn -0.750917 -0.4964229 -0.4355319
vn -0.6879693 -0.4966266 -0.5292071
vn -0.6137154 -0.496696 -0.6137154
vn -0.5292072 -0.4966267 -0.6879693
vn -0.4355318 -0.496423 -0.7509168
vn -0.3339477 -0.4961026 -0.8014745
vn -0.2260452 -0.4957108 -0.8385549
vn -0.1138778 -0.4953436 -0.8612006
vn 0 -0.495169 -0.8687967
vn -1 0 0
vn -0.9913704 0 -0.1310903
vn -0.9655346 0 -0.2602746
vn -0.9230769 0 -0.3846154
vn -0.8650312 0 -0.5017182
vn -0.7926239 0 -0.6097108
vn -0.7071068 0 -0.7071068
vn -0.6097108 0 -0.7926239
vn -0.5017181 0 -0.8650312
vn -0.3846154 0 -0.9230769
vn -0.2602746 0 -0.9655347
vn -0.1310903 0 -0.9913704
vn 0 0 -1
vn 0.1298459 -0.1374612 -0.9819595
vn 0.257799 -0.1375937 -0.9563512
vn 0.3809497 -0.1377352 -0.9142792
vn 0.4969282 -0.137851 -0.8567728
vn 0.6038836 -0.1379246 -0.7850487
vn 0.7003463 -0.1379497 -0.7003463
vn 0.7850487 -0.1379246 -0.6038836
vn 0.8567728 -0.137851 -0.4969282
vn 0.9142792 -0.1377352 -0.3809497
vn 0.9563512 -0.1375937 -0.257799
vn 0.9819595 -0.1374611 -0.1298459
vn 0.9905159 -0.1373982 0
vn 0.1263536 -0.2663859 -0.9555488
vn 0.2508524 -0.266629 -0.9305816
vn 0.3706643 -0.2668886 -0.8895945
vn 0.48349 -0.267101 -0.8336033
vn 0.5875362 -0.2672361 -0.7637971
vn 0.681381 -0.2672821 -0.681381
vn 0.763797 -0.2672361 -0.5875363
vn 0.8336033 -0.2671011 -0.48349
vn 0.8895945 -0.2668886 -0.3706643
vn 0.9305815 -0.2666291 -0.2508524
vn 0.9555488 -0.2663859 -0.1263535
vn 0.9638984 -0.2662703 0
vn 0.1212425 -0.3802644 -0.9168965
vn 0.240688 -0.3805839 -0.8928747
vn 0.3556176 -0.380925 -0.8534824
vn 0.4638339 -0.381204 -0.7997136
vn 0.5636274 -0.3813815 -0.7327157
vn 0.6536444 -0.3814419 -0.6536444
vn 0.7327158 -0.3813815 -0.5636274
vn 0.7997134 -0.3812042 -0.4638339
vn 0.8534824 -0.380925 -0.3556176
vn 0.8928746 -0.380584 -0.240688
vn 0.9168966 -0.3802643 -0.1212425
vn 0.9249402 -0.3801124 0
vn 0.1153088 -0.4756889 -0.8720228
vn 0.2288901 -0.4760505 -0.8491086
vn 0.3381573 -0.4764363 -0.8115776
vn 0.4410293 -0.4767518 -0.7603952
vn 0.5358925 -0.4769524 -0.6966603
vn 0.6214705 -0.4770207 -0.6214705
vn 0.6966603 -0.4769524 -0.5358926
vn 0.7603952 -0.4767519 -0.4410293
vn 0.8115776 -0.4764363 -0.3381573
vn 0.8491085 -0.4760505 -0.2288901
vn 0.8720229 -0.4756889 -0.1153088
vn 0.8797066 -0.475517 0
vn 0.1093119 -0.5519655 -0.826671
vn 0.2169693 -0.5523425 -0.8048863
vn 0.3205195 -0.5527447 -0.7692468
vn 0.4179977 -0.5530735 -0.7206856
vn 0.5078852 -0.5532826 -0.6602508
vn 0.588982 -0.5533537 -0.588982
vn 0.6602507 -0.5532825 -0.5078853
vn 0.7206855 -0.5530736 -0.4179976
vn 0.7692468 -0.5527447 -0.3205195
vn 0.8048863 -0.5523426 -0.2169693
vn 0.826671 -0.5519655 -0.1093118
vn 0.8339856 -0.5517862 0
vn 0.1038873 -0.6098897 -0.7856475
vn 0.2061886 -0.6102659 -0.7648934
vn 0.3045721 -0.6106671 -0.730973
vn 0.3971773 -0.6109951 -0.6847885
vn 0.4825698 -0.6112036 -0.6273408
vn 0.5596175 -0.6112745 -0.5596175
vn 0.6273409 -0.6112036 -0.4825699
vn 0.6847883 -0.6109952 -0.3971772
vn 0.730973 -0.6106671 -0.3045721
vn 0.7648933 -0.610266 -0.2061886
vn 0.7856476 -0.6098896 -0.1038873
vn 0.792624 -0.6097108 0
vn 0.09958025 -0.6503546 -0.7530755
vn 0.1976304 -0.650723 -0.7331451
vn 0.2919146 -0.651116 -0.7005953
vn 0.3806548 -0.6514373 -0.6563013
vn 0.4624822 -0.6516415 -0.6012267
vn 0.5363175 -0.6517109 -0.5363175
vn 0.6012267 -0.6516415 -0.4624821
vn 0.6563011 -0.6514375 -0.3806547
vn 0.7005953 -0.651116 -0.2919146
vn 0.7331451 -0.6507231 -0.1976304
vn 0.7530755 -0.6503544 -0.09958021
vn 0.7597809 -0.6501791 0
vn 0.09697847 -0.6728448 -0.7333996
vn 0.1924612 -0.6732063 -0.7139691
vn 0.2842706 -0.6735919 -0.6822492
vn 0.3706774 -0.6739071 -0.6390989
vn 0.4503527 -0.6741074 -0.5854585
vn 0.5222487 -0.6741756 -0.5222487
vn 0.5854585 -0.6741074 -0.4503528
vn 0.6390988 -0.6739072 -0.3706774
vn 0.6822492 -0.6735919 -0.2842706
vn 0.7139691 -0.6732064 -0.1924612
vn 0.7333997 -0.6728448 -0.09697846
vn 0.7399401 -0.6726727 0
vn 0.09697846 -0.6728448 -0.7333996
vn 0.1924612 -0.6732064 -0.713969
vn 0.2842705 -0.673592 -0.6822492
vn 0.3706775 -0.6739072 -0.639099
vn 0.4503527 -0.6741074 -0.5854585
vn 0.5222486 -0.6741756 -0.5222486
vn 0.5854585 -0.6741074 -0.4503527
vn 0.6390988 -0.6739073 -0.3706774
vn 0.6822492 -0.673592 -0.2842705
vn 0.7139689 -0.6732065 -0.1924612
vn 0.7333997 -0.6728448 -0.09697845
vn 0.7399401 -0.6726727 0
vn 0.1013652 -0.6341051 -0.766574
vn 0.201177 -0.6344774 -0.7463017
vn 0.2971597 -0.6348745 -0.7131833
vn 0.3875012 -0.6351991 -0.6681055
vn 0.4708057 -0.6354054 -0.6120474
vn 0.5459719 -0.6354756 -0.5459719
vn 0.6120474 -0.6354054 -0.4708057
vn 0.6681054 -0.6351992 -0.3875012
vn 0.7131833 -0.6348745 -0.2971597
vn 0.7463016 -0.6344776 -0.201177
vn 0.7665741 -0.6341051 -0.1013651
vn 0.7733921 -0.6339279 0
vn 0.1138778 -0.4953436 -0.8612007
vn 0.2260453 -0.4957108 -0.838555
vn 0.3339477 -0.4961026 -0.8014745
vn 0.4355319 -0.4964229 -0.750917
vn 0.5292071 -0.4966266 -0.6879693
vn 0.6137154 -0.496696 -0.6137154
vn 0.6879693 -0.4966267 -0.5292072
vn 0.7509168 -0.496423 -0.4355318
vn 0.8014745 -0.4961026 -0.3339477
vn 0.8385549 -0.4957108 -0.2260452
vn 0.8612006 -0.4953436 -0.1138778
vn 0.8687967 -0.495169 0
vn 0.1310903 0 -0.9913704
vn 0.2602746 0 -0.9655346
vn 0.3846154 0 -0.9230769
vn 0.5017182 0 -0.8650312
vn 0.6097108 0 -0.7926239
vn 0.7071068 0 -0.7071068
vn 0.7926239 0 -0.6097108
vn 0.8650312 0 -0.5017181
vn 0.9230769 0 -0.3846154
vn 0.9655347 0 -0.2602746
vn 0.9913704 0 -0.1310903
vn 1 0 0
vn 0 -0.1373982 0.9905159
vn 0.1298459 -0.1374612 0.9819595
vn 0.257799 -0.1375937 0.9563512
vn 0.3809497 -0.1377352 0.9142792
vn 0.4969282 -0.137851 0.8567728
vn 0.6038836 -0.1379246 0.7850487
vn 0.7003463 -0.1379497 0.7003463
vn 0.7850487 -0.1379246 0.6038836
vn 0.8567728 -0.137851 0.4969282
vn 0.9142792 -0.1377352 0.3809497
vn 0.9563512 -0.1375937 0.257799
vn 0.9819595 -0.1374611 0.1298459
vn 0 -0.2662703 0.9638984
vn 0.1263536 -0.2663859 0.9555488
vn 0.2508524 -0.266629 0.9305816
vn 0.3706643 -0.2668886 0.8895945
vn 0.48349 -0.267101 0.8336033
vn 0.5875362 -0.2672361 0.7637971
vn 0.681381 -0.2672821 0.681381
vn 0.763797 -0.2672361 0.5875363
vn 0.8336033 -0.2671011 0.48349
vn 0.8895945 -0.2668886 0.3706643
vn 0.9305815 -0.2666291 0.2508524
vn 0.9555488 -0.2663859 0.1263535
vn 0 -0.3801124 0.9249402
vn 0.1212425 -0.3802644 0.9168965
vn 0.240688 -0.3805839 0.8928747
vn 0.3556176 -0.380925 0.8534824
vn 0.4638339 -0.381204 0.7997136
vn 0.5636274 -0.3813815 0.7327157
vn 0.6536444 -0.3814419 0.6536444
vn 0.7327158 -0.3813815 0.5636274
vn 0.7997134 -0.3812042 0.4638339
vn 0.8534824 -0.380925 0.3556176
vn 0.8928746 -0.380584 0.240688
vn 0.9168966 -0.3802643 0.1212425
vn 0 -0.475517 0.8797066
vn 0.1153088 -0.4756889 0.8720228
vn 0.2288901 -0.4760505 0.8491086
vn 0.3381573 -0.4764363 0.8115776
vn 0.4410293 -0.4767518 0.7603952
vn 0.5358925 -0.4769524 0.6966603
vn 0.6214705 -0.4770207 0.6214705
vn 0.6966603 -0.4769524 0.5358926
vn 0.7603952 -0.4767519 0.4410293
vn 0.8115776 -0.4764363 0.3381573
vn 0.8491085 -0.4760505 0.2288901
vn 0.8720229 -0.4756889 0.1153088
vn 0 -0.5517862 0.8339856
vn 0.1093119 -0.5519655 0.826671
vn 0.2169693 -0.5523425 0.8048863
vn 0.3205195 -0.5527447 0.7692468
vn 0.4179977 -0.5530735 0.7206856
vn 0.5078852 -0.5532826 0.6602508
vn 0.588982 -0.5533537 0.588982
vn 0.6602507 -0.5532825 0.5078853
vn 0.7206855 -0.5530736 0.4179976
vn 0.7692468 -0.5527447 0.3205195
vn 0.8048863 -0.5523426 0.2169693
vn 0.826671 -0.5519655 0.1093118
vn 0 -0.6097108 0.792624
vn 0.1038873 -0.6098897 0.7856475
vn 0.2061886 -0.6102659 0.7648934
vn 0.3045721 -0.6106671 0.730973
vn 0.3971773 -0.6109951 0.6847885
vn 0.4825698 -0.6112036 0.6273408
vn 0.5596175 -0.6112745 0.5596175
vn 0.6273409 -0.6112036 0.4825699
vn 0.6847883 -0.6109952 0.3971772
vn 0.730973 -0.6106671 0.3045721
vn 0.7648933 -0.610266 0.2061886
vn 0.7856476 -0.6098896 0.1038873
vn 0 -0.6501791 0.7597809
vn 0.09958025 -0.6503546 0.7530755
vn 0.1976304 -0.650723 0.7331451
vn 0.2919146 -0.651116 0.7005953
vn 0.3806548 -0.6514373 0.6563013
vn 0.4624822 -0.6516415 0.6012267
vn 0.5363175 -0.6517109 0.5363175
vn 0.6012267 -0.6516415 0.4624821
vn 0.6563011 -0.6514375 0.3806547
vn 0.7005953 -0.651116 0.2919146
vn 0.7331451 -0.6507231 0.1976304
vn 0.7530755 -0.6503544 0.09958021
vn 0 -0.6726727 0.7399401
vn 0.09697847 -0.6728448 0.7333996
vn 0.1924612 -0.6732063 0.7139691
vn 0.2842706 -0.6735919 0.6822492
vn 0.3706774 -0.6739071 0.6390989
vn 0.4503527 -0.6741074 0.5854585
vn 0.5222487 -0.6741756 0.5222487
vn 0.5854585 -0.6741074 0.4503528
vn 0.6390988 -0.6739072 0.3706774
vn 0.6822492 -0.6735919 0.2842706
vn 0.7139691 -0.6732064 0.1924612
vn 0.7333997 -0.6728448 0.09697846
vn 0 -0.6726727 0.7399401
vn 0.09697846 -0.6728448 0.7333996
vn 0.1924612 -0.6732064 0.713969
vn 0.2842705 -0.673592 0.6822492
vn 0.3706775 -0.6739072 0.639099
vn 0.4503527 -0.6741074 0.5854585
vn 0.5222486 -0.6741756 0.5222486
vn 0.5854585 -0.6741074 0.4503527
vn 0.6390988 -0.6739073 0.3706774
vn 0.6822492 -0.673592 0.2842705
vn 0.7139689 -0.6732065 0.1924612
vn 0.7333997 -0.6728448 0.09697845
vn 0 -0.6339279 0.7733921
vn 0.1013652 -0.6341051 0.766574
vn 0.201177 -0.6344774 0.7463017
vn 0.2971597 -0.6348745 0.7131833
vn 0.3875012 -0.6351991 0.6681055
vn 0.4708057 -0.6354054 0.6120474
vn 0.5459719 -0.6354756 0.5459719
vn 0.6120474 -0.6354054 0.4708057
vn 0.6681054 -0.6351992 0.3875012
vn 0.7131833 -0.6348745 0.2971597
vn 0.7463016 -0.6344776 0.201177
vn 0.7665741 -0.6341051 0.1013651
vn 0 -0.495169 0.8687967
vn 0.1138778 -0.4953436 0.8612007
vn 0.2260453 -0.4957108 0.838555
vn 0.3339477 -0.4961026 0.8014745
vn 0.4355319 -0.4964229 0.750917
vn 0.5292071 -0.4966266 0.6879693
vn 0.6137154 -0.496696 0.6137154
vn 0.6879693 -0.4966267 0.5292072
vn 0.7509168 -0.496423 0.4355318
vn 0.8014745 -0.4961026 0.3339477
vn 0.8385549 -0.4957108 0.2260452
vn 0.8612006 -0.4953436 0.1138778
vn 0 0 1
vn 0.1310903 0 0.9913704
vn 0.2602746 0 0.9655346
vn 0.3846154 0 0.9230769
vn 0.5017182 0 0.8650312
vn 0.6097108 0 0.7926239
vn 0.7071068 0 0.7071068
vn 0.7926239 0 0.6097108
vn 0.8650312 0 0.5017181
vn 0.9230769 0 0.3846154
vn 0.9655347 0 0.2602746
vn 0.9913704 0 0.1310903
vn -0.9819595 -0.1374612 0.1298459
vn -0.9563512 -0.1375937 0.257799
vn -0.9142792 -0.1377352 0.3809497
vn -0.8567728 -0.137851 0.4969282
vn -0.7850487 -0.1379246 0.6038836
vn -0.7003463 -0.1379497 0.7003463
vn -0.6038836 -0.1379246 0.7850487
vn -0.4969282 -0.137851 0.8567728
vn -0.3809497 -0.1377352 0.9142792
vn -0.257799 -0.1375937 0.9563512
vn -0.1298459 -0.1374611 0.9819595
vn -0.9555488 -0.2663859 0.1263536
vn -0.9305816 -0.266629 0.2508524
vn -0.8895945 -0.2668886 0.3706643
vn -0.8336033 -0.267101 0.48349
vn -0.7637971 -0.2672361 0.5875362
vn -0.681381 -0.2672821 0.681381
vn -0.5875363 -0.2672361 0.763797
vn -0.48349 -0.2671011 0.8336033
vn -0.3706643 -0.2668886 0.8895945
vn -0.2508524 -0.2666291 0.9305815
vn -0.1263535 -0.2663859 0.9555488
vn -0.9168965 -0.3802644 0.1212425
vn -0.8928747 -0.3805839 0.240688
vn -0.8534824 -0.380925 0.3556176
vn -0.7997136 -0.381204 0.4638339
vn -0.7327157 -0.3813815 0.5636274
vn -0.6536444 -0.3814419 0.6536444
vn -0.5636274 -0.3813815 0.7327158
vn -0.4638339 -0.3812042 0.7997134
vn -0.3556176 -0.380925 0.8534824
vn -0.240688 -0.380584 0.8928746
vn -0.1212425 -0.3802643 0.9168966
vn -0.8720228 -0.4756889 0.1153088
vn -0.8491086 -0.4760505 0.2288901
vn -0.8115776 -0.4764363 0.3381573
vn -0.7603952 -0.4767518 0.4410293
vn -0.6966603 -0.4769524 0.5358925
vn -0.6214705 -0.4770207 0.6214705
vn -0.5358926 -0.4769524 0.6966603
vn -0.4410293 -0.4767519 0.7603952
vn -0.3381573 -0.4764363 0.8115776
vn -0.2288901 -0.4760505 0.8491085
vn -0.1153088 -0.4756889 0.8720229
vn -0.826671 -0.5519655 0.1093119
vn -0.8048863 -0.5523425 0.2169693
vn -0.7692468 -0.5527447 0.3205195
vn -0.7206856 -0.5530735 0.4179977
vn -0.6602508 -0.5532826 0.5078852
vn -0.588982 -0.5533537 0.588982
vn -0.5078853 -0.5532825 0.6602507
vn -0.4179976 -0.5530736 0.7206855
vn -0.3205195 -0.5527447 0.7692468
vn -0.2169693 -0.5523426 0.8048863
vn -0.1093118 -0.5519655 0.826671
vn -0.7856475 -0.6098897 0.1038873
vn -0.7648934 -0.6102659 0.2061886
vn -0.730973 -0.6106671 0.3045721
vn -0.6847885 -0.6109951 0.3971773
vn -0.6273408 -0.6112036 0.4825698
vn -0.5596175 -0.6112745 0.5596175
vn -0.4825699 -0.6112036 0.6273409
vn -0.3971772 -0.6109952 0.6847883
vn -0.3045721 -0.6106671 0.730973
vn -0.2061886 -0.610266 0.7648933
vn -0.1038873 -0.6098896 0.7856476
vn -0.7530755 -0.6503546 0.09958025
vn -0.7331451 -0.650723 0.1976304
vn -0.7005953 -0.651116 0.2919146
vn -0.6563013 -0.6514373 0.3806548
vn -0.6012267 -0.6516415 0.4624822
vn -0.5363175 -0.6517109 0.5363175
vn -0.4624821 -0.6516415 0.6012267
vn -0.3806547 -0.6514375 0.6563011
vn -0.2919146 -0.651116 0.7005953
vn -0.1976304 -0.6507231 0.7331451
vn -0.09958021 -0.6503544 0.7530755
vn -0.7333996 -0.6728448 0.09697847
vn -0.7139691 -0.6732063 0.1924612
vn -0.6822492 -0.6735919 0.2842706
vn -0.6390989 -0.6739071 0.3706774
vn -0.5854585 -0.6741074 0.4503527
vn -0.5222487 -0.6741756 0.5222487
vn -0.4503528 -0.6741074 0.5854585
vn -0.3706774 -0.6739072 0.6390988
vn -0.2842706 -0.6735919 0.6822492
vn -0.1924612 -0.6732064 0.7139691
vn -0.09697846 -0.6728448 0.7333997
vn -0.7333996 -0.6728448 0.09697846
vn -0.713969 -0.6732064 0.1924612
vn -0.6822492 -0.673592 0.2842705
vn -0.639099 -0.6739072 0.3706775
vn -0.5854585 -0.6741074 0.4503527
vn -0.5222486 -0.6741756 0.5222486
vn -0.4503527 -0.6741074 0.5854585
vn -0.3706774 -0.6739073 0.6390988
vn -0.2842705 -0.673592 0.6822492
vn -0.1924612 -0.6732065 0.7139689
vn -0.09697845 -0.6728448 0.7333997
vn -0.766574 -0.6341051 0.1013652
vn -0.7463017 -0.6344774 0.201177
vn -0.7131833 -0.6348745 0.2971597
vn -0.6681055 -0.6351991 0.3875012
vn -0.6120474 -0.6354054 0.4708057
vn -0.5459719 -0.6354756 0.5459719
vn -0.4708057 -0.6354054 0.6120474
vn -0.3875012 -0.6351992 0.6681054
vn -0.2971597 -0.6348745 0.7131833
vn -0.201177 -0.6344776 0.7463016
vn -0.1013651 -0.6341051 0.7665741
vn -0.8612007 -0.4953436 0.1138778
vn -0.838555 -0.4957108 0.2260453
vn -0.8014745 -0.4961026 0.3339477
vn -0.750917 -0.4964229 0.4355319
vn -0.6879693 -0.4966266 0.5292071
vn -0.6137154 -0.496696 0.6137154
vn -0.5292072 -0.4966267 0.6879693
vn -0.4355318 -0.496423 0.7509168
vn -0.3339477 -0.4961026 0.8014745
vn -0.2260452 -0.4957108 0.8385549
vn -0.1138778 -0.4953436 0.8612006
vn -0.9913704 0 0.1310903
vn -0.9655346 0 0.2602746
vn -0.9230769 0 0.3846154
vn -0.8650312 0 0.5017182
vn -0.7926239 0 0.6097108
vn -0.7071068 0 0.7071068
vn -0.6097108 0 0.7926239
vn -0.5017181 0 0.8650312
vn -0.3846154 0 0.9230769
vn -0.2602746 0 0.9655347
vn -0.1310903 0 0.9913704
vn -0.9776521 -0.2102294 0
vn -0.9691953 -0.2103232 -0.1281581
vn -0.9438964 -0.210521 -0.2544416
vn -0.9023482 -0.2107316 -0.3759784
vn -0.8455738 -0.2109042 -0.4904328
vn -0.7747765 -0.2110139 -0.595982
vn -0.6911792 -0.2110514 -0.6911792
vn -0.595982 -0.2110139 -0.7747765
vn -0.4904329 -0.2109042 -0.8455738
vn -0.3759784 -0.2107316 -0.9023482
vn -0.2544417 -0.210521 -0.9438964
vn -0.128158 -0.2103234 -0.9691953
vn 0 -0.2102294 -0.9776521
vn -0.8493588 -0.5278159 0
vn -0.8419196 -0.5279937 -0.1113282
vn -0.8197538 -0.5283681 -0.2209771
vn -0.7834774 -0.5287668 -0.3264489
vn -0.7340341 -0.5290931 -0.4257398
vn -0.6724895 -0.5293006 -0.5172996
vn -0.5999025 -0.5293713 -0.5999025
vn -0.5172997 -0.5293005 -0.6724895
vn -0.4257398 -0.5290931 -0.7340341
vn -0.3264489 -0.5287668 -0.7834774
vn -0.2209772 -0.5283681 -0.8197538
vn -0.1113282 -0.5279939 -0.8419195
vn 0 -0.5278159 -0.8493588
vn -0.624695 -0.7808688 0
vn -0.6191278 -0.781011 -0.08186816
vn -0.6026314 -0.7813104 -0.1624485
vn -0.5757635 -0.7816289 -0.2399014
vn -0.5392753 -0.7818894 -0.3127797
vn -0.493971 -0.7820548 -0.3799777
vn -0.4406258 -0.7821111 -0.4406258
vn -0.3799777 -0.7820547 -0.493971
vn -0.3127798 -0.7818893 -0.5392754
vn -0.2399014 -0.7816289 -0.5757635
vn -0.1624485 -0.7813103 -0.6026313
vn -0.08186813 -0.7810112 -0.6191278
vn 0 -0.7808688 -0.624695
vn -0.4207249 -0.9071883 0
vn -0.416934 -0.9072632 -0.05513177
vn -0.40574 -0.9074208 -0.1093734
vn -0.3875639 -0.9075884 -0.161485
vn -0.3629365 -0.9077255 -0.2105032
vn -0.3324079 -0.9078124 -0.2556984
vn -0.2964987 -0.9078419 -0.2964987
vn -0.2556984 -0.9078124 -0.3324079
vn -0.2105032 -0.9077255 -0.3629365
vn -0.161485 -0.9075884 -0.3875639
vn -0.1093734 -0.9074208 -0.4057401
vn -0.05513176 -0.9072632 -0.4169339
vn 0 -0.9071883 -0.4207249
vn -0.2795264 -0.960138 0
vn -0.276995 -0.960173 -0.03662744
vn -0.269532 -0.9602466 -0.07265645
vn -0.2574311 -0.9603249 -0.1072629
vn -0.2410526 -0.9603889 -0.1398105
vn -0.2207644 -0.9604294 -0.1698187
vn -0.1969121 -0.9604432 -0.1969121
vn -0.1698188 -0.9604294 -0.2207644
vn -0.1398105 -0.9603889 -0.2410526
vn -0.1072629 -0.9603249 -0.2574311
vn -0.07265645 -0.9602466 -0.269532
vn -0.03662742 -0.960173 -0.2769949
vn 0 -0.960138 -0.2795264
vn -0.1871121 -0.9823385 0
vn -0.1854138 -0.9823546 -0.02451753
vn -0.1804107 -0.9823883 -0.04863243
vn -0.1723032 -0.9824242 -0.07179299
vn -0.1613348 -0.9824535 -0.09357417
vn -0.1477526 -0.9824721 -0.1136559
vn -0.1317878 -0.9824784 -0.1317878
vn -0.1136559 -0.9824721 -0.1477526
vn -0.09357418 -0.9824535 -0.1613348
vn -0.07179299 -0.9824242 -0.1723032
vn -0.04863244 -0.9823883 -0.1804107
vn -0.02451752 -0.9823546 -0.1854138
vn 0 -0.9823385 -0.1871121
vn -0.125539 -0.9920887 0
vn -0.1243985 -0.9920959 -0.01644939
vn -0.1210395 -0.9921113 -0.03262803
vn -0.1155978 -0.9921277 -0.04816573
vn -0.1082373 -0.9921409 -0.06277764
vn -0.09912421 -0.9921494 -0.07624938
vn -0.08841344 -0.9921523 -0.08841344
vn -0.07624939 -0.9921494 -0.09912422
vn -0.06277765 -0.9921409 -0.1082373
vn -0.04816573 -0.9921277 -0.1155978
vn -0.03262803 -0.9921113 -0.1210395
vn -0.01644939 -0.9920959 -0.1243985
vn 0 -0.9920887 -0.125539
vn -0.08304548 -0.9965457 0
vn -0.08229065 -0.996549 -0.01088141
vn -0.08006794 -0.9965557 -0.02158353
vn -0.07646751 -0.9965628 -0.03186146
vn -0.07159805 -0.9965688 -0.04152688
vn -0.06556952 -0.9965725 -0.05043808
vn -0.05848438 -0.9965737 -0.05848438
vn -0.05043809 -0.9965725 -0.06556952
vn -0.04152688 -0.9965688 -0.07159805
vn -0.03186146 -0.9965628 -0.07646751
vn -0.02158353 -0.9965557 -0.08006794
vn -0.01088141 -0.996549 -0.08229065
vn 0 -0.9965457 -0.08304548
vn -0.05265754 -0.9986126 0
vn -0.05217883 -0.9986139 -0.006899679
vn -0.05076924 -0.9986167 -0.01368562
vn -0.04848608 -0.9986196 -0.02020254
vn -0.04539832 -0.9986219 -0.02633103
vn -0.0415757 -0.9986233 -0.0319813
vn -0.03708319 -0.9986239 -0.03708319
vn -0.03198131 -0.9986233 -0.0415757
vn -0.02633104 -0.9986219 -0.04539833
vn -0.02020254 -0.9986196 -0.04848608
vn -0.01368562 -0.9986167 -0.05076924
vn -0.00689968 -0.998614 -0.05217884
vn 0 -0.9986126 -0.05265754
vn -0.03022674 -0.9995431 0
vn -0.02995191 -0.9995435 -0.003960584
vn -0.02914272 -0.9995443 -0.007855865
vn -0.02783209 -0.9995453 -0.0115967
vn -0.0260596 -0.9995461 -0.01511457
vn -0.02386531 -0.9995466 -0.01835793
vn -0.02128651 -0.9995468 -0.02128651
vn -0.01835793 -0.9995466 -0.02386531
vn -0.01511457 -0.9995461 -0.02605961
vn -0.0115967 -0.9995453 -0.02783209
vn -0.007855865 -0.9995443 -0.02914272
vn -0.003960584 -0.9995435 -0.02995192
vn 0 -0.9995431 -0.03022674
vn -0.01321154 -0.9999128 0
vn -0.01309142 -0.9999128 -0.001731096
vn -0.01273773 -0.9999131 -0.003433648
vn -0.01216486 -0.9999133 -0.005068692
vn -0.01139014 -0.9999133 -0.006606279
vn -0.01043105 -0.9999134 -0.008023882
vn -0.009303909 -0.9999135 -0.009303909
vn -0.008023884 -0.9999134 -0.01043105
vn -0.00660628 -0.9999133 -0.01139014
vn -0.005068692 -0.9999133 -0.01216486
vn -0.003433648 -0.9999131 -0.01273773
vn -0.001731096 -0.9999128 -0.01309142
vn 0 -0.9999128 -0.01321154
vn 0 -1 0
vn 0.1281581 -0.2103232 -0.9691953
vn 0.2544416 -0.210521 -0.9438964
vn 0.3759784 -0.2107316 -0.9023482
vn 0.4904328 -0.2109042 -0.8455738
vn 0.595982 -0.2110139 -0.7747765
vn 0.6911792 -0.2110514 -0.6911792
vn 0.7747765 -0.2110139 -0.595982
vn 0.8455738 -0.2109042 -0.4904329
vn 0.9023482 -0.2107316 -0.3759784
vn 0.9438964 -0.210521 -0.2544417
vn 0.9691953 -0.2103234 -0.128158
vn 0.9776521 -0.2102294 0
vn 0.1113282 -0.5279937 -0.8419196
vn 0.2209771 -0.5283681 -0.8197538
vn 0.3264489 -0.5287668 -0.7834774
vn 0.4257398 -0.5290931 -0.7340341
vn 0.5172996 -0.5293006 -0.6724895
vn 0.5999025 -0.5293713 -0.5999025
vn 0.6724895 -0.5293005 -0.5172997
vn 0.7340341 -0.5290931 -0.4257398
vn 0.7834774 -0.5287668 -0.3264489
vn 0.8197538 -0.5283681 -0.2209772
vn 0.8419195 -0.5279939 -0.1113282
vn 0.8493588 -0.5278159 0
vn 0.08186816 -0.781011 -0.6191278
vn 0.1624485 -0.7813104 -0.6026314
vn 0.2399014 -0.7816289 -0.5757635
vn 0.3127797 -0.7818894 -0.5392753
vn 0.3799777 -0.7820548 -0.493971
vn 0.4406258 -0.7821111 -0.4406258
vn 0.493971 -0.7820547 -0.3799777
vn 0.5392754 -0.7818893 -0.3127798
vn 0.5757635 -0.7816289 -0.2399014
vn 0.6026313 -0.7813103 -0.1624485
vn 0.6191278 -0.7810112 -0.08186813
vn 0.624695 -0.7808688 0
vn 0.05513177 -0.9072632 -0.416934
vn 0.1093734 -0.9074208 -0.40574
vn 0.161485 -0.9075884 -0.3875639
vn 0.2105032 -0.9077255 -0.3629365
vn 0.2556984 -0.9078124 -0.3324079
vn 0.2964987 -0.9078419 -0.2964987
vn 0.3324079 -0.9078124 -0.2556984
vn 0.3629365 -0.9077255 -0.2105032
vn 0.3875639 -0.9075884 -0.161485
vn 0.4057401 -0.9074208 -0.1093734
vn 0.4169339 -0.9072632 -0.05513176
vn 0.4207249 -0.9071883 0
vn 0.03662744 -0.960173 -0.276995
vn 0.07265645 -0.9602466 -0.269532
vn 0.1072629 -0.9603249 -0.2574311
vn 0.1398105 -0.9603889 -0.2410526
vn 0.1698187 -0.9604294 -0.2207644
vn 0.1969121 -0.9604432 -0.1969121
vn 0.2207644 -0.9604294 -0.1698188
vn 0.2410526 -0.9603889 -0.1398105
vn 0.2574311 -0.9603249 -0.1072629
vn 0.269532 -0.9602466 -0.07265645
vn 0.2769949 -0.960173 -0.03662742
vn 0.2795264 -0.960138 0
vn 0.02451753 -0.9823546 -0.1854138
vn 0.04863243 -0.9823883 -0.1804107
vn 0.07179299 -0.9824242 -0.1723032
vn 0.09357417 -0.9824535 -0.1613348
vn 0.1136559 -0.9824721 -0.1477526
vn 0.1317878 -0.9824784 -0.1317878
vn 0.1477526 -0.9824721 -0.1136559
vn 0.1613348 -0.9824535 -0.09357418
vn 0.1723032 -0.9824242 -0.07179299
vn 0.1804107 -0.9823883 -0.04863244
vn 0.1854138 -0.9823546 -0.02451752
vn 0.1871121 -0.9823385 0
vn 0.01644939 -0.9920959 -0.1243985
vn 0.03262803 -0.9921113 -0.1210395
vn 0.04816573 -0.9921277 -0.1155978
vn 0.06277764 -0.9921409 -0.1082373
vn 0.07624938 -0.9921494 -0.09912421
vn 0.08841344 -0.9921523 -0.08841344
vn 0.09912422 -0.9921494 -0.07624939
vn 0.1082373 -0.9921409 -0.06277765
vn 0.1155978 -0.9921277 -0.04816573
vn 0.1210395 -0.9921113 -0.03262803
vn 0.1243985 -0.9920959 -0.01644939
vn 0.125539 -0.9920887 0
vn 0.01088141 -0.996549 -0.08229065
vn 0.02158353 -0.9965557 -0.08006794
vn 0.03186146 -0.9965628 -0.07646751
vn 0.04152688 -0.9965688 -0.07159805
vn 0.05043808 -0.9965725 -0.06556952
vn 0.05848438 -0.9965737 -0.05848438
vn 0.06556952 -0.9965725 -0.05043809
vn 0.07159805 -0.9965688 -0.04152688
vn 0.07646751 -0.9965628 -0.03186146
vn 0.08006794 -0.9965557 -0.02158353
vn 0.08229065 -0.996549 -0.01088141
vn 0.08304548 -0.9965457 0
vn 0.006899679 -0.9986139 -0.05217883
vn 0.01368562 -0.9986167 -0.05076924
vn 0.02020254 -0.9986196 -0.04848608
vn 0.02633103 -0.9986219 -0.04539832
vn 0.0319813 -0.9986233 -0.0415757
vn 0.03708319 -0.9986239 -0.03708319
vn 0.0415757 -0.9986233 -0.03198131
vn 0.04539833 -0.9986219 -0.02633104
vn 0.04848608 -0.9986196 -0.02020254
vn 0.05076924 -0.9986167 -0.01368562
vn 0.05217884 -0.998614 -0.00689968
vn 0.05265754 -0.9986126 0
vn 0.003960584 -0.9995435 -0.02995191
vn 0.007855865 -0.9995443 -0.02914272
vn 0.0115967 -0.9995453 -0.02783209
vn 0.01511457 -0.9995461 -0.0260596
vn 0.01835793 -0.9995466 -0.02386531
vn 0.02128651 -0.9995468 -0.02128651
vn 0.02386531 -0.9995466 -0.01835793
vn 0.02605961 -0.9995461 -0.01511457
vn 0.02783209 -0.9995453 -0.0115967
vn 0.02914272 -0.9995443 -0.007855865
vn 0.02995192 -0.9995435 -0.003960584
vn 0.03022674 -0.9995431 0
vn 0.001731096 -0.9999128 -0.01309142
vn 0.003433648 -0.9999131 -0.01273773
vn 0.005068692 -0.9999133 -0.01216486
vn 0.006606279 -0.9999133 -0.01139014
vn 0.008023882 -0.9999134 -0.01043105
vn 0.009303909 -0.9999135 -0.009303909
vn 0.01043105 -0.9999134 -0.008023884
vn 0.01139014 -0.9999133 -0.00660628
vn 0.01216486 -0.9999133 -0.005068692
vn 0.01273773 -0.9999131 -0.003433648
vn 0.01309142 -0.9999128 -0.001731096
vn 0.01321154 -0.9999128 0
vn 0 -0.2102294 0.9776521
vn 0.1281581 -0.2103232 0.9691953
vn 0.2544416 -0.210521 0.9438964
vn 0.3759784 -0.2107316 0.9023482
vn 0.4904328 -0.2109042 0.8455738
vn 0.595982 -0.2110139 0.7747765
vn 0.6911792 -0.2110514 0.6911792
vn 0.7747765 -0.2110139 0.595982
vn 0.8455738 -0.2109042 0.4904329
vn 0.9023482 -0.2107316 0.3759784
vn 0.9438964 -0.210521 0.2544417
vn 0.9691953 -0.2103234 0.128158
vn 0 -0.5278159 0.8493588
vn 0.1113282 -0.5279937 0.8419196
vn 0.2209771 -0.5283681 0.8197538
vn 0.3264489 -0.5287668 0.7834774
vn 0.4257398 -0.5290931 0.7340341
vn 0.5172996 -0.5293006 0.6724895
vn 0.5999025 -0.5293713 0.5999025
vn 0.6724895 -0.5293005 0.5172997
vn 0.7340341 -0.5290931 0.4257398
vn 0.7834774 -0.5287668 0.3264489
vn 0.8197538 -0.5283681 0.2209772
vn 0.8419195 -0.5279939 0.1113282
vn 0 -0.7808688 0.624695
vn 0.08186816 -0.781011 0.6191278
vn 0.1624485 -0.7813104 0.6026314
vn 0.2399014 -0.7816289 0.5757635
vn 0.3127797 -0.7818894 0.5392753
vn 0.3799777 -0.7820548 0.493971
vn 0.4406258 -0.7821111 0.4406258
vn 0.493971 -0.7820547 0.3799777
vn 0.5392754 -0.7818893 0.3127798
vn 0.5757635 -0.7816289 0.2399014
vn 0.6026313 -0.7813103 0.1624485
vn 0.6191278 -0.7810112 0.08186813
vn 0 -0.9071883 0.4207249
vn 0.05513177 -0.9072632 0.416934
vn 0.1093734 -0.9074208 0.40574
vn 0.161485 -0.9075884 0.3875639
vn 0.2105032 -0.9077255 0.3629365
vn 0.2556984 -0.9078124 0.3324079
vn 0.2964987 -0.9078419 0.2964987
vn 0.3324079 -0.9078124 0.2556984
vn 0.3629365 -0.9077255 0.2105032
vn 0.3875639 -0.9075884 0.161485
vn 0.4057401 -0.9074208 0.1093734
vn 0.4169339 -0.9072632 0.05513176
vn 0 -0.960138 0.2795264
vn 0.03662744 -0.960173 0.276995
vn 0.07265645 -0.9602466 0.269532
vn 0.1072629 -0.9603249 0.2574311
vn 0.1398105 -0.9603889 0.2410526
vn 0.1698187 -0.9604294 0.2207644
vn 0.1969121 -0.9604432 0.1969121
vn 0.2207644 -0.9604294 0.1698188
vn 0.2410526 -0.9603889 0.1398105
vn 0.2574311 -0.9603249 0.1072629
vn 0.269532 -0.9602466 0.07265645
vn 0.2769949 -0.960173 0.03662742
vn 0 -0.9823385 0.1871121
vn 0.02451753 -0.9823546 0.1854138
vn 0.04863243 -0.9823883 0.1804107
vn 0.07179299 -0.9824242 0.1723032
vn 0.09357417 -0.9824535 0.1613348
vn 0.1136559 -0.9824721 0.1477526
vn 0.1317878 -0.9824784 0.1317878
vn 0.1477526 -0.9824721 0.1136559
vn 0.1613348 -0.9824535 0.09357418
vn 0.1723032 -0.9824242 0.07179299
vn 0.1804107 -0.9823883 0.04863244
vn 0.1854138 -0.9823546 0.02451752
vn 0 -0.9920887 0.125539
vn 0.01644939 -0.9920959 0.1243985
vn 0.03262803 -0.9921113 0.1210395
vn 0.04816573 -0.9921277 0.1155978
vn 0.06277764 -0.9921409 0.1082373
vn 0.07624938 -0.9921494 0.09912421
vn 0.08841344 -0.9921523 0.08841344
vn 0.09912422 -0.9921494 0.07624939
vn 0.1082373 -0.9921409 0.06277765
vn 0.1155978 -0.9921277 0.04816573
vn 0.1210395 -0.9921113 0.03262803
vn 0.1243985 -0.9920959 0.01644939
vn 0 -0.9965457 0.08304548
vn 0.01088141 -0.996549 0.08229065
vn 0.02158353 -0.9965557 0.08006794
vn 0.03186146 -0.9965628 0.07646751
vn 0.04152688 -0.9965688 0.07159805
vn 0.05043808 -0.9965725 0.06556952
vn 0.05848438 -0.9965737 0.05848438
vn 0.06556952 -0.9965725 0.05043809
vn 0.07159805 -0.9965688 0.04152688
vn 0.07646751 -0.9965628 0.03186146
vn 0.08006794 -0.9965557 0.02158353
vn 0.08229065 -0.996549 0.01088141
vn 0 -0.9986126 0.05265754
vn 0.006899679 -0.9986139 0.05217883
vn 0.01368562 -0.9986167 0.05076924
vn 0.02020254 -0.9986196 0.04848608
vn 0.02633103 -0.9986219 0.04539832
vn 0.0319813 -0.9986233 0.0415757
vn 0.03708319 -0.9986239 0.03708319
vn 0.0415757 -0.9986233 0.03198131
vn 0.04539833 -0.9986219 0.02633104
vn 0.04848608 -0.9986196 0.02020254
vn 0.05076924 -0.9986167 0.01368562
vn 0.05217884 -0.998614 0.00689968
vn 0 -0.9995431 0.03022674
vn 0.003960584 -0.9995435 0.02995191
vn 0.007855865 -0.9995443 0.02914272
vn 0.0115967 -0.9995453 0.02783209
vn 0.01511457 -0.9995461 0.0260596
vn 0.01835793 -0.9995466 0.02386531
vn 0.02128651 -0.9995468 0.02128651
vn 0.02386531 -0.9995466 0.01835793
vn 0.02605961 -0.9995461 0.01511457
vn 0.02783209 -0.9995453 0.0115967
vn 0.02914272 -0.9995443 0.007855865
vn 0.02995192 -0.9995435 0.003960584
vn 0 -0.9999128 0.01321154
vn 0.001731096 -0.9999128 0.01309142
vn 0.003433648 -0.9999131 0.01273773
vn 0.005068692 -0.9999133 0.01216486
vn 0.006606279 -0.9999133 0.01139014
vn 0.008023882 -0.9999134 0.01043105
vn 0.009303909 -0.9999135 0.009303909
vn 0.01043105 -0.9999134 0.008023884
vn 0.01139014 -0.9999133 0.00660628
vn 0.01216486 -0.9999133 0.005068692
vn 0.01273773 -0.9999131 0.003433648
vn 0.01309142 -0.9999128 0.001731096
vn -0.9691953 -0.2103232 0.1281581
vn -0.9438964 -0.210521 0.2544416
vn -0.9023482 -0.2107316 0.3759784
vn -0.8455738 -0.2109042 0.4904328
vn -0.7747765 -0.2110139 0.595982
vn -0.6911792 -0.2110514 0.6911792
vn -0.595982 -0.2110139 0.7747765
vn -0.4904329 -0.2109042 0.8455738
vn -0.3759784 -0.2107316 0.9023482
vn -0.2544417 -0.210521 0.9438964
vn -0.128158 -0.2103234 0.9691953
vn -0.8419196 -0.5279937 0.1113282
vn -0.8197538 -0.5283681 0.2209771
vn -0.7834774 -0.5287668 0.3264489
vn -0.7340341 -0.5290931 0.4257398
vn -0.6724895 -0.5293006 0.5172996
vn -0.5999025 -0.5293713 0.5999025
vn -0.5172997 -0.5293005 0.6724895
vn -0.4257398 -0.5290931 0.7340341
vn -0.3264489 -0.5287668 0.7834774
vn -0.2209772 -0.5283681 0.8197538
vn -0.1113282 -0.5279939 0.8419195
vn -0.6191278 -0.781011 0.08186816
vn -0.6026314 -0.7813104 0.1624485
vn -0.5757635 -0.7816289 0.2399014
vn -0.5392753 -0.7818894 0.3127797
vn -0.493971 -0.7820548 0.3799777
vn -0.4406258 -0.7821111 0.4406258
vn -0.3799777 -0.7820547 0.493971
vn -0.3127798 -0.7818893 0.5392754
vn -0.2399014 -0.7816289 0.5757635
vn -0.1624485 -0.7813103 0.6026313
vn -0.08186813 -0.7810112 0.6191278
vn -0.416934 -0.9072632 0.05513177
vn -0.40574 -0.9074208 0.1093734
vn -0.3875639 -0.9075884 0.161485
vn -0.3629365 -0.9077255 0.2105032
vn -0.3324079 -0.9078124 0.2556984
vn -0.2964987 -0.9078419 0.2964987
vn -0.2556984 -0.9078124 0.3324079
vn -0.2105032 -0.9077255 0.3629365
vn -0.161485 -0.9075884 0.3875639
vn -0.1093734 -0.9074208 0.4057401
vn -0.05513176 -0.9072632 0.4169339
vn -0.276995 -0.960173 0.03662744
vn -0.269532 -0.9602466 0.07265645
vn -0.2574311 -0.9603249 0.1072629
vn -0.2410526 -0.9603889 0.1398105
vn -0.2207644 -0.9604294 0.1698187
vn -0.1969121 -0.9604432 0.1969121
vn -0.1698188 -0.9604294 0.2207644
vn -0.1398105 -0.9603889 0.2410526
vn -0.1072629 -0.9603249 0.2574311
vn -0.07265645 -0.9602466 0.269532
vn -0.03662742 -0.960173 0.2769949
vn -0.1854138 -0.9823546 0.02451753
vn -0.1804107 -0.9823883 0.04863243
vn -0.1723032 -0.9824242 0.07179299
vn -0.1613348 -0.9824535 0.09357417
vn -0.1477526 -0.9824721 0.1136559
vn -0.1317878 -0.9824784 0.1317878
vn -0.1136559 -0.9824721 0.1477526
vn -0.09357418 -0.9824535 0.1613348
vn -0.07179299 -0.9824242 0.1723032
vn -0.04863244 -0.9823883 0.1804107
vn -0.02451752 -0.9823546 0.1854138
vn -0.1243985 -0.9920959 0.01644939
vn -0.1210395 -0.9921113 0.03262803
vn -0.1155978 -0.9921277 0.04816573
vn -0.1082373 -0.9921409 0.06277764
vn -0.09912421 -0.9921494 0.07624938
vn -0.08841344 -0.9921523 0.08841344
vn -0.07624939 -0.9921494 0.09912422
vn -0.06277765 -0.9921409 0.1082373
vn -0.04816573 -0.9921277 0.1155978
vn -0.03262803 -0.9921113 0.1210395
vn -0.01644939 -0.9920959 0.1243985
vn -0.08229065 -0.996549 0.01088141
vn -0.08006794 -0.9965557 0.02158353
vn -0.07646751 -0.9965628 0.03186146
vn -0.07159805 -0.9965688 0.04152688
vn -0.06556952 -0.9965725 0.05043808
vn -0.05848438 -0.9965737 0.05848438
vn -0.05043809 -0.9965725 0.06556952
vn -0.04152688 -0.9965688 0.07159805
vn -0.03186146 -0.9965628 0.07646751
vn -0.02158353 -0.9965557 0.08006794
vn -0.01088141 -0.996549 0.08229065
vn -0.05217883 -0.9986139 0.006899679
vn -0.05076924 -0.9986167 0.01368562
vn -0.04848608 -0.9986196 0.02020254
vn -0.04539832 -0.9986219 0.02633103
vn -0.0415757 -0.9986233 0.0319813
vn -0.03708319 -0.9986239 0.03708319
vn -0.03198131 -0.9986233 0.0415757
vn -0.02633104 -0.9986219 0.04539833
vn -0.02020254 -0.9986196 0.04848608
vn -0.01368562 -0.9986167 0.05076924
vn -0.00689968 -0.998614 0.05217884
vn -0.02995191 -0.9995435 0.003960584
vn -0.02914272 -0.9995443 0.007855865
vn -0.02783209 -0.9995453 0.0115967
vn -0.0260596 -0.9995461 0.01511457
vn -0.02386531 -0.9995466 0.01835793
vn -0.02128651 -0.9995468 0.02128651
vn -0.01835793 -0.9995466 0.02386531
vn -0.01511457 -0.9995461 0.02605961
vn -0.0115967 -0.9995453 0.02783209
vn -0.007855865 -0.9995443 0.02914272
vn -0.003960584 -0.9995435 0.02995192
vn -0.01309142 -0.9999128 0.001731096
vn -0.01273773 -0.9999131 0.003433648
vn -0.01216486 -0.9999133 0.005068692
vn -0.01139014 -0.9999133 0.006606279
vn -0.01043105 -0.9999134 0.008023882
vn -0.009303909 -0.9999135 0.009303909
vn -0.008023884 -0.9999134 0.01043105
vn -0.00660628 -0.9999133 0.01139014
vn -0.005068692 -0.9999133 0.01216486
vn -0.003433648 -0.9999131 0.01273773
vn -0.001731096 -0.9999128 0.01309142

vt 0.125 1
vt 0.1347656 1
vt 0.1445313 1
vt 0.1542969 1
vt 0.1640625 1
vt 0.1738281 1
vt 0.1835938 1
vt 0.1933594 1
vt 0.203125 1
vt 0.2128906 1
vt 0.2226563 1
vt 0.2324219 1
vt 0.2421875 1
vt 0.125 0.9714369
vt 0.1347656 0.9714158
vt 0.1445313 0.9713563
vt 0.1542969 0.971262
vt 0.1640625 0.9711357
vt 0.1738281 0.9709805
vt 0.1835938 0.9708003
vt 0.1933594 0.9706012
vt 0.203125 0.9703932
vt 0.2128906 0.9701914
vt 0.2226563 0.9700159
vt 0.2324219 0.9698919
vt 0.2421875 0.9698454
vt 0.125 0.9451058
vt 0.1347656 0.9450622
vt 0.1445313 0.9449384
vt 0.1542969 0.9447424
vt 0.1640625 0.9444802
vt 0.1738281 0.9441577
vt 0.1835938 0.9437831
vt 0.1933594 0.9433694
vt 0.203125 0.9429374
vt 0.2128906 0.9425178
vt 0.2226563 0.9421533
vt 0.2324219 0.9418956
vt 0.2421875 0.9417989
vt 0.125 0.920759
vt 0.1347656 0.9206926
vt 0.1445313 0.9205046
vt 0.1542969 0.920207
vt 0.1640625 0.9198087
vt 0.1738281 0.9193189
vt 0.1835938 0.91875
vt 0.1933594 0.9181218
vt 0.203125 0.9174656
vt 0.2128906 0.9168284
vt 0.2226563 0.9162747
vt 0.2324219 0.9158834
vt 0.2421875 0.9157366
vt 0.125 0.8981482
vt 0.1347656 0.8980608
vt 0.1445313 0.8978133
vt 0.1542969 0.8974214
vt 0.1640625 0.8968969
vt 0.1738281 0.8962519
vt 0.1835938 0.8955027
vt 0.1933594 0.8946754
vt 0.203125 0.8938112
vt 0.2128906 0.8929722
vt 0.2226563 0.892243
vt 0.2324219 0.8917277
vt 0.2421875 0.8915344
vt 0.125 0.8770254
vt 0.1347656 0.8769204
vt 0.1445313 0.8766226
vt 0.1542969 0.876151
vt 0.1640625 0.87552
vt 0.1738281 0.8747439
vt 0.1835938 0.8738426
vt 0.1933594 0.8728472
vt 0.203125 0.8718076
vt 0.2128906 0.8707981
vt 0.2226563 0.8699208
vt 0.2324219 0.8693008
vt 0.2421875 0.8690683
vt 0.125 0.8571429
vt 0.1347656 0.857025
vt 0.1445313 0.8566908
vt 0.1542969 0.8561617
vt 0.1640625 0.8554536
vt 0.1738281 0.8545828
vt 0.1835938 0.8535714
vt 0.1933594 0.8524545
vt 0.203125 0.851288
vt 0.2128906 0.8501553
vt 0.2226563 0.8491709
vt 0.2324219 0.8484753
vt 0.2421875 0.8482143
vt 0.125 0.8382523
vt 0.1347656 0.8381281
vt 0.1445313 0.8377762
vt 0.1542969 0.8372189
vt 0.1640625 0.8364732
vt 0.1738281 0.835556
vt 0.1835938 0.8344908
vt 0.1933594 0.8333144
vt 0.203125 0.8320857
vt 0.2128906 0.8308927
vt 0.2226563 0.8298559
vt 0.2324219 0.8291233
vt 0.2421875 0.8288484
vt 0.125 0.8201058
vt 0.1347656 0.8199836
vt 0.1445313 0.8196369
vt 0.1542969 0.8190883
vt 0.1640625 0.818354
vt 0.1738281 0.817451
vt 0.1835938 0.8164021
vt 0.1933594 0.8152439
vt 0.203125 0.8140341
vt 0.2128906 0.8128594
vt 0.2226563 0.8118386
vt 0.2324219 0.8111172
vt 0.2421875 0.8108466
vt 0.125 0.8024554
vt 0.1347656 0.8023448
vt 0.1445313 0.8020315
vt 0.1542969 0.8015355
vt 0.1640625 0.8008717
vt 0.1738281 0.8000553
vt 0.1835938 0.7991071
vt 0.1933594 0.7980601
vt 0.203125 0.7969664
vt 0.2128906 0.7959045
vt 0.2226563 0.7949817
vt 0.2324219 0.7943295
vt 0.2421875 0.7940848
vt 0.125 0.7850529
vt 0.1347656 0.7849656
vt 0.1445313 0.784718
vt 0.1542969 0.7843261
vt 0.1640625 0.7838017
vt 0.1738281 0.7831566
vt 0.1835938 0.7824074
vt 0.1933594 0.7815801
vt 0.203125 0.780716
vt 0.2128906 0.7798769
vt 0.2226563 0.7791477
vt 0.2324219 0.7786325
vt 0.2421875 0.7784392
vt 0.125 0.7676505
vt 0.1347656 0.7675995
vt 0.1445313 0.7674547
vt 0.1542969 0.7672257
vt 0.1640625 0.7669193
vt 0.1738281 0.7665423
vt 0.1835938 0.7661045
vt 0.1933594 0.7656211
vt 0.203125 0.7651161
vt 0.2128906 0.7646257
vt 0.2226563 0.7641996
vt 0.2324219 0.7638985
vt 0.2421875 0.7637855
vt 0.125 0.75
vt 0.1347656 0.75
vt 0.1445313 0.75
vt 0.1542969 0.75
vt 0.1640625 0.75
vt 0.1738281 0.75
vt 0.1835938 0.75
vt 0.1933594 0.75
vt 0.203125 0.75
vt 0.2128906 0.75
vt 0.2226563 0.75
vt 0.2324219 0.75
vt 0.2421875 0.75
vt 0.1152344 1
vt 0.1054688 1
vt 0.09570313 1
vt 0.0859375 1
vt 0.07617188 1
vt 0.06640625 1
vt 0.05664063 1
vt 0.046875 1
vt 0.03710938 1
vt 0.02734375 1
vt 0.01757813 1
vt 0.0078125 1
vt 0.1152344 0.9714158
vt 0.1054688 0.9713563
vt 0.09570313 0.971262
vt 0.0859375 0.9711357
vt 0.07617188 0.9709805
vt 0.06640625 0.9708003
vt 0.05664063 0.9706012
vt 0.046875 0.9703932
vt 0.03710938 0.9701914
vt 0.02734375 0.9700159
vt 0.01757813 0.9698919
vt 0.0078125 0.9698454
vt 0.1152344 0.9450622
vt 0.1054688 0.9449384
vt 0.09570313 0.9447424
vt 0.0859375 0.9444802
vt 0.07617188 0.9441577
vt 0.06640625 0.9437831
vt 0.05664063 0.9433694
vt 0.046875 0.9429374
vt 0.03710938 0.9425178
vt 0.02734375 0.9421533
vt 0.01757813 0.9418956
vt 0.0078125 0.9417989
vt 0.1152344 0.9206926
vt 0.1054688 0.9205046
vt 0.09570313 0.920207
vt 0.0859375 0.9198087
vt 0.07617188 0.9193189
vt 0.06640625 0.91875
vt 0.05664063 0.9181218
vt 0.046875 0.9174656
vt 0.03710938 0.9168284
vt 0.02734375 0.9162747
vt 0.01757813 0.9158834
vt 0.0078125 0.9157366
vt 0.1152344 0.8980608
vt 0.1054688 0.8978133
vt 0.09570313 0.8974214
vt 0.0859375 0.8968969
vt 0.07617188 0.8962519
vt 0.06640625 0.8955027
vt 0.05664063 0.8946754
vt 0.046875 0.8938112
vt 0.03710938 0.8929722
vt 0.02734375 0.892243
vt 0.01757813 0.8917277
vt 0.0078125 0.8915344
vt 0.1152344 0.8769204
vt 0.1054688 0.8766226
vt 0.09570313 0.876151
vt 0.0859375 0.87552
vt 0.07617188 0.8747439
vt 0.06640625 0.8738426
vt 0.05664063 0.8728472
vt 0.046875 0.8718076
vt 0.03710938 0.8707981
vt 0.02734375 0.8699208
vt 0.01757813 0.8693008
vt 0.0078125 0.8690683
vt 0.1152344 0.857025
vt 0.1054688 0.8566908
vt 0.09570313 0.8561617
vt 0.0859375 0.8554536
vt 0.07617188 0.8545828
vt 0.06640625 0.8535714
vt 0.05664063 0.8524545
vt 0.046875 0.851288
vt 0.03710938 0.8501553
vt 0.02734375 0.8491709
vt 0.01757813 0.8484753
vt 0.0078125 0.8482143
vt 0.1152344 0.8381281
vt 0.1054688 0.8377762
vt 0.09570313 0.8372189
vt 0.0859375 0.8364732
vt 0.07617188 0.835556
vt 0.06640625 0.8344908
vt 0.05664063 0.8333144
vt 0.046875 0.8320857
vt 0.03710938 0.8308927
vt 0.02734375 0.8298559
vt 0.01757813 0.8291233
vt 0.0078125 0.8288484
vt 0.1152344 0.8199836
vt 0.1054688 0.8196369
vt 0.09570313 0.8190883
vt 0.0859375 0.818354
vt 0.07617188 0.817451
vt 0.06640625 0.8164021
vt 0.05664063 0.8152439
vt 0.046875 0.8140341
vt 0.03710938 0.8128594
vt 0.02734375 0.8118386
vt 0.01757813 0.8111172
vt 0.0078125 0.8108466
vt 0.1152344 0.8023448
vt 0.1054688 0.8020315
vt 0.09570313 0.8015355
vt 0.0859375 0.8008717
vt 0.07617188 0.8000553
vt 0.06640625 0.7991071
vt 0.05664063 0.7980601
vt 0.046875 0.7969664
vt 0.03710938 0.7959045
vt 0.02734375 0.7949817
vt 0.01757813 0.7943295
vt 0.0078125 0.7940848
vt 0.1152344 0.7849656
vt 0.1054688 0.784718
vt 0.09570313 0.7843261
vt 0.0859375 0.7838017
vt 0.07617188 0.7831566
vt 0.06640625 0.7824074
vt 0.05664063 0.7815801
vt 0.046875 0.780716
vt 0.03710938 0.7798769
vt 0.02734375 0.7791477
vt 0.01757813 0.7786325
vt 0.0078125 0.7784392
vt 0.1152344 0.7675995
vt 0.1054688 0.7674547
vt 0.09570313 0.7672257
vt 0.0859375 0.7669193
vt 0.07617188 0.7665423
vt 0.06640625 0.7661045
vt 0.05664063 0.7656211
vt 0.046875 0.7651161
vt 0.03710938 0.7646257
vt 0.02734375 0.7641996
vt 0.01757813 0.7638985
vt 0.0078125 0.7637855
vt 0.1152344 0.75
vt 0.1054688 0.75
vt 0.09570313 0.75
vt 0.0859375 0.75
vt 0.07617188 0.75
vt 0.06640625 0.75
vt 0.05664063 0.75
vt 0.046875 0.75
vt 0.03710938 0.75
vt 0.02734375 0.75
vt 0.01757813 0.75
vt 0.0078125 0.75
vt 0.125 0.7334712
vt 0.1347656 0.7335255
vt 0.1445313 0.7336794
vt 0.1542969 0.7339227
vt 0.1640625 0.7342479
vt 0.1738281 0.7346462
vt 0.1835938 0.7351061
vt 0.1933594 0.7356095
vt 0.203125 0.7361294
vt 0.2128906 0.7366278
vt 0.2226563 0.7370554
vt 0.2324219 0.7373543
vt 0.2421875 0.7374656
vt 0.125 0.7166411
vt 0.1347656 0.7167282
vt 0.1445313 0.7169747
vt 0.1542969 0.7173645
vt 0.1640625 0.7178848
vt 0.1738281 0.7185214
vt 0.1835938 0.7192554
vt 0.1933594 0.7200578
vt 0.203125 0.7208856
vt 0.2128906 0.7216784
vt 0.2226563 0.722358
vt 0.2324219 0.7228327
vt 0.2421875 0.7230096
vt 0.125 0.6994448
vt 0.1347656 0.6995466
vt 0.1445313 0.6998348
vt 0.1542969 0.7002899
vt 0.1640625 0.7008964
vt 0.1738281 0.7016375
vt 0.1835938 0.7024906
vt 0.1933594 0.7034215
vt 0.203125 0.7043805
vt 0.2128906 0.7052976
vt 0.2226563 0.7060829
vt 0.2324219 0.7066311
vt 0.2421875 0.7068352
vt 0.125 0.6818174
vt 0.1347656 0.6819194
vt 0.1445313 0.682208
vt 0.1542969 0.6826631
vt 0.1640625 0.6832684
vt 0.1738281 0.6840065
vt 0.1835938 0.684854
vt 0.1933594 0.6857769
vt 0.203125 0.6867255
vt 0.2128906 0.6876311
vt 0.2226563 0.6884052
vt 0.2324219 0.688945
vt 0.2421875 0.6891459
vt 0.125 0.6636941
vt 0.1347656 0.6637853
vt 0.1445313 0.664043
vt 0.1542969 0.6644486
vt 0.1640625 0.6649866
vt 0.1738281 0.6656404
vt 0.1835938 0.6663886
vt 0.1933594 0.6672006
vt 0.203125 0.6680325
vt 0.2128906 0.6688246
vt 0.2226563 0.6695
vt 0.2324219 0.6699702
vt 0.2421875 0.670145
vt 0.125 0.6450101
vt 0.1347656 0.645083
vt 0.1445313 0.6452885
vt 0.1542969 0.6456107
vt 0.1640625 0.6460364
vt 0.1738281 0.6465511
vt 0.1835938 0.6471369
vt 0.1933594 0.647769
vt 0.203125 0.6484133
vt 0.2128906 0.6490237
vt 0.2226563 0.6495423
vt 0.2324219 0.6499023
vt 0.2421875 0.6500361
vt 0.125 0.6257006
vt 0.1347656 0.625751
vt 0.1445313 0.6258928
vt 0.1542969 0.626114
vt 0.1640625 0.6264037
vt 0.1738281 0.6267506
vt 0.1835938 0.6271414
vt 0.1933594 0.6275586
vt 0.203125 0.6279794
vt 0.2128906 0.6283743
vt 0.2226563 0.6287073
vt 0.2324219 0.6289372
vt 0.2421875 0.6290222
vt 0.125 0.6057006
vt 0.1347656 0.6057281
vt 0.1445313 0.6058048
vt 0.1542969 0.6059227
vt 0.1640625 0.606074
vt 0.1738281 0.606251
vt 0.1835938 0.6064448
vt 0.1933594 0.6066458
vt 0.203125 0.6068425
vt 0.2128906 0.6070222
vt 0.2226563 0.60717
vt 0.2324219 0.6072704
vt 0.2421875 0.6073071
vt 0.125 0.5849454
vt 0.1347656 0.584953
vt 0.1445313 0.5849729
vt 0.1542969 0.5850012
vt 0.1640625 0.5850332
vt 0.1738281 0.5850642
vt 0.1835938 0.5850898
vt 0.1933594 0.585107
vt 0.203125 0.5851145
vt 0.2128906 0.5851129
vt 0.2226563 0.5851057
vt 0.2324219 0.5850975
vt 0.2421875 0.5850939
vt 0.125 0.5633702
vt 0.1347656 0.5633641
vt 0.1445313 0.5633458
vt 0.1542969 0.563314
vt 0.1640625 0.5632668
vt 0.1738281 0.563202
vt 0.1835938 0.5631189
vt 0.1933594 0.5630189
vt 0.203125 0.5629069
vt 0.2128906 0.5627924
vt 0.2226563 0.5626891
vt 0.2324219 0.5626144
vt 0.2421875 0.5625861
vt 0.125 0.5409099
vt 0.1347656 0.5409002
vt 0.1445313 0.5408719
vt 0.1542969 0.5408255
vt 0.1640625 0.5407605
vt 0.1738281 0.5406767
vt 0.1835938 0.5405748
vt 0.1933594 0.5404577
vt 0.203125 0.5403315
vt 0.2128906 0.5402061
vt 0.2226563 0.5400955
vt 0.2324219 0.5400167
vt 0.2421875 0.539987
vt 0.125 0.5175
vt 0.1347656 0.5175
vt 0.1445313 0.5175
vt 0.1542969 0.5175
vt 0.1640625 0.5175
vt 0.1738281 0.5175
vt 0.1835938 0.5175
vt 0.1933594 0.5175
vt 0.203125 0.5175
vt 0.2128906 0.5175
vt 0.2226563 0.5175
vt 0.2324219 0.5175
vt 0.2421875 0.5175
vt 0.1152344 0.7335255
vt 0.1054688 0.7336794
vt 0.09570313 0.7339227
vt 0.0859375 0.7342479
vt 0.07617188 0.7346462
vt 0.06640625 0.7351061
vt 0.05664063 0.7356095
vt 0.046875 0.7361294
vt 0.03710938 0.7366278
vt 0.02734375 0.7370554
vt 0.01757813 0.7373543
vt 0.0078125 0.7374656
vt 0.1152344 0.7167282
vt 0.1054688 0.7169747
vt 0.09570313 0.7173645
vt 0.0859375 0.7178848
vt 0.07617188 0.7185214
vt 0.06640625 0.7192554
vt 0.05664063 0.7200578
vt 0.046875 0.7208856
vt 0.03710938 0.7216784
vt 0.02734375 0.722358
vt 0.01757813 0.7228327
vt 0.0078125 0.7230096
vt 0.1152344 0.6995466
vt 0.1054688 0.6998348
vt 0.09570313 0.7002899
vt 0.0859375 0.7008964
vt 0.07617188 0.7016375
vt 0.06640625 0.7024906
vt 0.05664063 0.7034215
vt 0.046875 0.7043805
vt 0.03710938 0.7052976
vt 0.02734375 0.7060829
vt 0.01757813 0.7066311
vt 0.0078125 0.7068352
vt 0.1152344 0.6819194
vt 0.1054688 0.682208
vt 0.09570313 0.6826631
vt 0.0859375 0.6832684
vt 0.07617188 0.6840065
vt 0.06640625 0.684854
vt 0.05664063 0.6857769
vt 0.046875 0.6867255
vt 0.03710938 0.6876311
vt 0.02734375 0.6884052
vt 0.01757813 0.688945
vt 0.0078125 0.6891459
vt 0.1152344 0.6637853
vt 0.1054688 0.664043
vt 0.09570313 0.6644486
vt 0.0859375 0.6649866
vt 0.07617188 0.6656404
vt 0.06640625 0.6663886
vt 0.05664063 0.6672006
vt 0.046875 0.6680325
vt 0.03710938 0.6688246
vt 0.02734375 0.6695
vt 0.01757813 0.6699702
vt 0.0078125 0.670145
vt 0.1152344 0.645083
vt 0.1054688 0.6452885
vt 0.09570313 0.6456107
vt 0.0859375 0.6460364
vt 0.07617188 0.6465511
vt 0.06640625 0.6471369
vt 0.05664063 0.647769
vt 0.046875 0.6484133
vt 0.03710938 0.6490237
vt 0.02734375 0.6495423
vt 0.01757813 0.6499023
vt 0.0078125 0.6500361
vt 0.1152344 0.625751
vt 0.1054688 0.6258928
vt 0.09570313 0.626114
vt 0.0859375 0.6264037
vt 0.07617188 0.6267506
vt 0.06640625 0.6271414
vt 0.05664063 0.6275586
vt 0.046875 0.6279794
vt 0.03710938 0.6283743
vt 0.02734375 0.6287073
vt 0.01757813 0.6289372
vt 0.0078125 0.6290222
vt 0.1152344 0.6057281
vt 0.1054688 0.6058048
vt 0.09570313 0.6059227
vt 0.0859375 0.606074
vt 0.07617188 0.606251
vt 0.06640625 0.6064448
vt 0.05664063 0.6066458
vt 0.046875 0.6068425
vt 0.03710938 0.6070222
vt 0.02734375 0.60717
vt 0.01757813 0.6072704
vt 0.0078125 0.6073071
vt 0.1152344 0.584953
vt 0.1054688 0.5849729
vt 0.09570313 0.5850012
vt 0.0859375 0.5850332
vt 0.07617188 0.5850642
vt 0.06640625 0.5850898
vt 0.05664063 0.585107
vt 0.046875 0.5851145
vt 0.03710938 0.5851129
vt 0.02734375 0.5851057
vt 0.01757813 0.5850975
vt 0.0078125 0.5850939
vt 0.1152344 0.5633641
vt 0.1054688 0.5633458
vt 0.09570313 0.563314
vt 0.0859375 0.5632668
vt 0.07617188 0.563202
vt 0.06640625 0.5631189
vt 0.05664063 0.5630189
vt 0.046875 0.5629069
vt 0.03710938 0.5627924
vt 0.02734375 0.5626891
vt 0.01757813 0.5626144
vt 0.0078125 0.5625861
vt 0.1152344 0.5409002
vt 0.1054688 0.5408719
vt 0.09570313 0.5408255
vt 0.0859375 0.5407605
vt 0.07617188 0.5406767
vt 0.06640625 0.5405748
vt 0.05664063 0.5404577
vt 0.046875 0.5403315
vt 0.03710938 0.5402061
vt 0.02734375 0.5400955
vt 0.01757813 0.5400167
vt 0.0078125 0.539987
vt 0.1152344 0.5175
vt 0.1054688 0.5175
vt 0.09570313 0.5175
vt 0.0859375 0.5175
vt 0.07617188 0.5175
vt 0.06640625 0.5175
vt 0.05664063 0.5175
vt 0.046875 0.5175
vt 0.03710938 0.5175
vt 0.02734375 0.5175
vt 0.01757813 0.5175
vt 0.0078125 0.5175
vt 0.75 1
vt 0.7604167 1
vt 0.7708333 1
vt 0.78125 1
vt 0.7916667 1
vt 0.8020833 1
vt 0.8125 1
vt 0.8229167 1
vt 0.8333333 1
vt 0.84375 1
vt 0.8541667 1
vt 0.8645833 1
vt 0.875 1
vt 0.75 0.9932334
vt 0.7604167 0.993184
vt 0.7708333 0.9930435
vt 0.78125 0.9928385
vt 0.7916667 0.9926047
vt 0.8020833 0.9923773
vt 0.8125 0.992184
vt 0.8229167 0.9920387
vt 0.8333333 0.9919404
vt 0.84375 0.9918778
vt 0.8541667 0.9918371
vt 0.8645833 0.9918094
vt 0.875 0.991797
vt 0.75 0.9867486
vt 0.7604167 0.9866711
vt 0.7708333 0.9864518
vt 0.78125 0.9861326
vt 0.7916667 0.9857686
vt 0.8020833 0.9854141
vt 0.8125 0.9851111
vt 0.8229167 0.9848812
vt 0.8333333 0.9847235
vt 0.84375 0.9846213
vt 0.8541667 0.9845542
vt 0.8645833 0.9845092
vt 0.875 0.9844893
vt 0.75 0.9804893
vt 0.7604167 0.9804013
vt 0.7708333 0.980154
vt 0.78125 0.9797953
vt 0.7916667 0.9793866
vt 0.8020833 0.9789873
vt 0.8125 0.9786437
vt 0.8229167 0.9783797
vt 0.8333333 0.9781952
vt 0.84375 0.978073
vt 0.8541667 0.9779918
vt 0.8645833 0.9779379
vt 0.875 0.9779148
vt 0.75 0.9743989
vt 0.7604167 0.9743144
vt 0.7708333 0.9740793
vt 0.78125 0.9737397
vt 0.7916667 0.9733532
vt 0.8020833 0.9729741
vt 0.8125 0.9726443
vt 0.8229167 0.9723864
vt 0.8333333 0.9722013
vt 0.84375 0.9720752
vt 0.8541667 0.9719901
vt 0.8645833 0.9719346
vt 0.875 0.9719115
vt 0.75 0.9684213
vt 0.7604167 0.9683505
vt 0.7708333 0.9681565
vt 0.78125 0.9678789
vt 0.7916667 0.9675632
vt 0.8020833 0.9672514
vt 0.8125 0.9669756
vt 0.8229167 0.9667536
vt 0.8333333 0.9665879
vt 0.84375 0.9664704
vt 0.8541667 0.9663894
vt 0.8645833 0.9663377
vt 0.875 0.9663174
vt 0.75 0.9625
vt 0.7604167 0.9624494
vt 0.7708333 0.962315
vt 0.78125 0.9621258
vt 0.7916667 0.9619111
vt 0.8020833 0.9616963
vt 0.8125 0.9614999
vt 0.8229167 0.9613334
vt 0.8333333 0.9612007
vt 0.84375 0.9611008
vt 0.8541667 0.9610301
vt 0.8645833 0.9609862
vt 0.875 0.9609703
vt 0.75 0.9565787
vt 0.7604167 0.9565511
vt 0.7708333 0.9564837
vt 0.78125 0.9563935
vt 0.7916667 0.9562919
vt 0.8020833 0.9561858
vt 0.8125 0.9560797
vt 0.8229167 0.955978
vt 0.8333333 0.9558858
vt 0.84375 0.955809
vt 0.8541667 0.9557524
vt 0.8645833 0.9557188
vt 0.875 0.9557081
vt 0.75 0.950601
vt 0.7604167 0.9505957
vt 0.7708333 0.9505919
vt 0.78125 0.950595
vt 0.7916667 0.9505999
vt 0.8020833 0.950597
vt 0.8125 0.9505777
vt 0.8229167 0.9505396
vt 0.8333333 0.9504889
vt 0.84375 0.9504374
vt 0.8541667 0.9503968
vt 0.8645833 0.9503742
vt 0.875 0.9503689
vt 0.75 0.9445107
vt 0.7604167 0.9445229
vt 0.7708333 0.9445685
vt 0.78125 0.9446434
vt 0.7916667 0.9447301
vt 0.8020833 0.944807
vt 0.8125 0.9448562
vt 0.8229167 0.9448704
vt 0.8333333 0.9448559
vt 0.84375 0.9448282
vt 0.8541667 0.9448034
vt 0.8645833 0.9447913
vt 0.875 0.9447906
vt 0.75 0.9382513
vt 0.7604167 0.9382727
vt 0.7708333 0.9383426
vt 0.78125 0.9384516
vt 0.7916667 0.9385771
vt 0.8020833 0.9386928
vt 0.8125 0.9387777
vt 0.8229167 0.9388226
vt 0.8333333 0.9388329
vt 0.84375 0.938824
vt 0.8541667 0.9388126
vt 0.8645833 0.9388088
vt 0.875 0.9388111
vt 0.75 0.9317665
vt 0.7604167 0.9317851
vt 0.7708333 0.9318434
vt 0.78125 0.9319328
vt 0.7916667 0.9320354
vt 0.8020833 0.9321315
vt 0.8125 0.9322048
vt 0.8229167 0.9322484
vt 0.8333333 0.9322656
vt 0.84375 0.9322671
vt 0.8541667 0.9322647
vt 0.8645833 0.9322655
vt 0.875 0.9322682
vt 0.75 0.925
vt 0.7604167 0.925
vt 0.7708333 0.925
vt 0.78125 0.925
vt 0.7916667 0.925
vt 0.8020833 0.925
vt 0.8125 0.925
vt 0.8229167 0.925
vt 0.8333333 0.925
vt 0.84375 0.925
vt 0.8541667 0.925
vt 0.8645833 0.925
vt 0.875 0.925
vt 1 1
vt 0.9895833 1
vt 0.9791667 1
vt 0.96875 1
vt 0.9583333 1
vt 0.9479167 1
vt 0.9375 1
vt 0.9270833 1
vt 0.9166667 1
vt 0.90625 1
vt 0.8958333 1
vt 0.8854167 1
vt 1 0.9932334
vt 0.9895833 0.993184
vt 0.9791667 0.9930435
vt 0.96875 0.9928385
vt 0.9583333 0.9926047
vt 0.9479167 0.9923773
vt 0.9375 0.992184
vt 0.9270833 0.9920387
vt 0.9166667 0.9919404
vt 0.90625 0.9918778
vt 0.8958333 0.9918371
vt 0.8854167 0.9918094
vt 1 0.9867486
vt 0.9895833 0.9866711
vt 0.9791667 0.9864518
vt 0.96875 0.9861326
vt 0.9583333 0.9857686
vt 0.9479167 0.9854141
vt 0.9375 0.9851111
vt 0.9270833 0.9848812
vt 0.9166667 0.9847235
vt 0.90625 0.9846213
vt 0.8958333 0.9845542
vt 0.8854167 0.9845092
vt 1 0.9804893
vt 0.9895833 0.9804013
vt 0.9791667 0.980154
vt 0.96875 0.9797953
vt 0.9583333 0.9793866
vt 0.9479167 0.9789873
vt 0.9375 0.9786437
vt 0.9270833 0.9783797
vt 0.9166667 0.9781952
vt 0.90625 0.978073
vt 0.8958333 0.9779918
vt 0.8854167 0.9779379
vt 1 0.9743989
vt 0.9895833 0.9743144
vt 0.9791667 0.9740793
vt 0.96875 0.9737397
vt 0.9583333 0.9733532
vt 0.9479167 0.9729741
vt 0.9375 0.9726443
vt 0.9270833 0.9723864
vt 0.9166667 0.9722013
vt 0.90625 0.9720752
vt 0.8958333 0.9719901
vt 0.8854167 0.9719346
vt 1 0.9684213
vt 0.9895833 0.9683505
vt 0.9791667 0.9681565
vt 0.96875 0.9678789
vt 0.9583333 0.9675632
vt 0.9479167 0.9672514
vt 0.9375 0.9669756
vt 0.9270833 0.9667536
vt 0.9166667 0.9665879
vt 0.90625 0.9664704
vt 0.8958333 0.9663894
vt 0.8854167 0.9663377
vt 1 0.9625
vt 0.9895833 0.9624494
vt 0.9791667 0.962315
vt 0.96875 0.9621258
vt 0.9583333 0.9619111
vt 0.9479167 0.9616963
vt 0.9375 0.9614999
vt 0.9270833 0.9613334
vt 0.9166667 0.9612007
vt 0.90625 0.9611008
vt 0.8958333 0.9610301
vt 0.8854167 0.9609862
vt 1 0.9565787
vt 0.9895833 0.9565511
vt 0.9791667 0.9564837
vt 0.96875 0.9563935
vt 0.9583333 0.9562919
vt 0.9479167 0.9561858
vt 0.9375 0.9560797
vt 0.9270833 0.955978
vt 0.9166667 0.9558858
vt 0.90625 0.955809
vt 0.8958333 0.9557524
vt 0.8854167 0.9557188
vt 1 0.950601
vt 0.9895833 0.9505957
vt 0.9791667 0.9505919
vt 0.96875 0.950595
vt 0.9583333 0.9505999
vt 0.9479167 0.950597
vt 0.9375 0.9505777
vt 0.9270833 0.9505396
vt 0.9166667 0.9504889
vt 0.90625 0.9504374
vt 0.8958333 0.9503968
vt 0.8854167 0.9503742
vt 1 0.9445107
vt 0.9895833 0.9445229
vt 0.9791667 0.9445685
vt 0.96875 0.9446434
vt 0.9583333 0.9447301
vt 0.9479167 0.944807
vt 0.9375 0.9448562
vt 0.9270833 0.9448704
vt 0.9166667 0.9448559
vt 0.90625 0.9448282
vt 0.8958333 0.9448034
vt 0.8854167 0.9447913
vt 1 0.9382513
vt 0.9895833 0.9382727
vt 0.9791667 0.9383426
vt 0.96875 0.9384516
vt 0.9583333 0.9385771
vt 0.9479167 0.9386928
vt 0.9375 0.9387777
vt 0.9270833 0.9388226
vt 0.9166667 0.9388329
vt 0.90625 0.938824
vt 0.8958333 0.9388126
vt 0.8854167 0.9388088
vt 1 0.9317665
vt 0.9895833 0.9317851
vt 0.9791667 0.9318434
vt 0.96875 0.9319328
vt 0.9583333 0.9320354
vt 0.9479167 0.9321315
vt 0.9375 0.9322048
vt 0.9270833 0.9322484
vt 0.9166667 0.9322656
vt 0.90625 0.9322671
vt 0.8958333 0.9322647
vt 0.8854167 0.9322655
vt 1 0.925
vt 0.9895833 0.925
vt 0.9791667 0.925
vt 0.96875 0.925
vt 0.9583333 0.925
vt 0.9479167 0.925
vt 0.9375 0.925
vt 0.9270833 0.925
vt 0.9166667 0.925
vt 0.90625 0.925
vt 0.8958333 0.925
vt 0.8854167 0.925
vt 0.75 0.8995655
vt 0.7604167 0.8995729
vt 0.7708333 0.8995681
vt 0.78125 0.89952
vt 0.7916667 0.8994198
vt 0.8020833 0.8992774
vt 0.8125 0.8991109
vt 0.8229167 0.8989383
vt 0.8333333 0.8987747
vt 0.84375 0.8986313
vt 0.8541667 0.8985171
vt 0.8645833 0.8984407
vt 0.875 0.8984121
vt 0.75 0.8716654
vt 0.7604167 0.8716493
vt 0.7708333 0.871574
vt 0.78125 0.8714124
vt 0.7916667 0.8711667
vt 0.8020833 0.8708616
vt 0.8125 0.8705297
vt 0.8229167 0.8702008
vt 0.8333333 0.8698981
vt 0.84375 0.8696386
vt 0.8541667 0.8694355
vt 0.8645833 0.8693014
vt 0.875 0.8692521
vt 0.75 0.8415551
vt 0.7604167 0.8414936
vt 0.7708333 0.8413021
vt 0.78125 0.8409839
vt 0.7916667 0.8405664
vt 0.8020833 0.8400922
vt 0.8125 0.8396048
vt 0.8229167 0.8391402
vt 0.8333333 0.8387245
vt 0.84375 0.8383757
vt 0.8541667 0.8381077
vt 0.8645833 0.8379335
vt 0.875 0.8378703
vt 0.75 0.8094902
vt 0.7604167 0.8093703
vt 0.7708333 0.8090367
vt 0.78125 0.8085411
vt 0.7916667 0.8079446
vt 0.8020833 0.8073087
vt 0.8125 0.8066845
vt 0.8229167 0.8061094
vt 0.8333333 0.8056084
vt 0.84375 0.805197
vt 0.8541667 0.8048866
vt 0.8645833 0.8046882
vt 0.875 0.8046172
vt 0.75 0.7757265
vt 0.7604167 0.7755437
vt 0.7708333 0.7750624
vt 0.78125 0.7743906
vt 0.7916667 0.773627
vt 0.8020833 0.7728506
vt 0.8125 0.772117
vt 0.8229167 0.7714614
vt 0.8333333 0.7709042
vt 0.84375 0.7704563
vt 0.8541667 0.7701247
vt 0.8645833 0.7699165
vt 0.875 0.7698433
vt 0.75 0.7405194
vt 0.7604167 0.7402784
vt 0.7708333 0.7396635
vt 0.78125 0.738839
vt 0.7916667 0.7379394
vt 0.8020833 0.7370576
vt 0.8125 0.7362506
vt 0.8229167 0.735549
vt 0.8333333 0.7349664
vt 0.84375 0.7345079
vt 0.8541667 0.7341749
vt 0.8645833 0.7339699
vt 0.875 0.7338991
vt 0.75 0.7041247
vt 0.7604167 0.7038387
vt 0.7708333 0.7031245
vt 0.78125 0.7021932
vt 0.7916667 0.7012073
vt 0.8020833 0.7002692
vt 0.8125 0.6994337
vt 0.8229167 0.6987249
vt 0.8333333 0.6981494
vt 0.84375 0.6977057
vt 0.8541667 0.6973899
vt 0.8645833 0.6971994
vt 0.875 0.697135
vt 0.75 0.6667978
vt 0.7604167 0.6664892
vt 0.7708333 0.6657297
vt 0.78125 0.6647596
vt 0.7916667 0.6637566
vt 0.8020833 0.662825
vt 0.8125 0.6620145
vt 0.8229167 0.6613421
vt 0.8333333 0.6608076
vt 0.84375 0.6604038
vt 0.8541667 0.6601223
vt 0.8645833 0.6599562
vt 0.875 0.6599013
vt 0.75 0.6287944
vt 0.7604167 0.6284943
vt 0.7708333 0.6277635
vt 0.78125 0.626845
vt 0.7916667 0.625913
vt 0.8020833 0.6250646
vt 0.8125 0.6243414
vt 0.8229167 0.6237535
vt 0.8333333 0.6232955
vt 0.84375 0.6229564
vt 0.8541667 0.622725
vt 0.8645833 0.6225916
vt 0.875 0.6225487
vt 0.75 0.5903701
vt 0.7604167 0.5901183
vt 0.7708333 0.5895105
vt 0.78125 0.588756
vt 0.7916667 0.5880021
vt 0.8020833 0.5873274
vt 0.8125 0.5867627
vt 0.8229167 0.586312
vt 0.8333333 0.5859675
vt 0.84375 0.5857174
vt 0.8541667 0.5855505
vt 0.8645833 0.5854568
vt 0.875 0.5854275
vt 0.75 0.5517805
vt 0.7604167 0.5516258
vt 0.7708333 0.5512549
vt 0.78125 0.5507992
vt 0.7916667 0.5503495
vt 0.8020833 0.5499531
vt 0.8125 0.5496265
vt 0.8229167 0.5493702
vt 0.8333333 0.5491779
vt 0.84375 0.549041
vt 0.8541667 0.5489517
vt 0.8645833 0.5489029
vt 0.875 0.5488882
vt 0.75 0.5132812
vt 0.7604167 0.5132812
vt 0.7708333 0.5132812
vt 0.78125 0.5132812
vt 0.7916667 0.5132812
vt 0.8020833 0.5132812
vt 0.8125 0.5132812
vt 0.8229167 0.5132812
vt 0.8333333 0.5132812
vt 0.84375 0.5132812
vt 0.8541667 0.5132812
vt 0.8645833 0.5132812
vt 0.875 0.5132812
vt 1 0.8995655
vt 0.9895833 0.8995729
vt 0.9791667 0.8995681
vt 0.96875 0.89952
vt 0.9583333 0.8994198
vt 0.9479167 0.8992774
vt 0.9375 0.8991109
vt 0.9270833 0.8989383
vt 0.9166667 0.8987747
vt 0.90625 0.8986313
vt 0.8958333 0.8985171
vt 0.8854167 0.8984407
vt 1 0.8716654
vt 0.9895833 0.8716493
vt 0.9791667 0.871574
vt 0.96875 0.8714124
vt 0.9583333 0.8711667
vt 0.9479167 0.8708616
vt 0.9375 0.8705297
vt 0.9270833 0.8702008
vt 0.9166667 0.8698981
vt 0.90625 0.8696386
vt 0.8958333 0.8694355
vt 0.8854167 0.8693014
vt 1 0.8415551
vt 0.9895833 0.8414936
vt 0.9791667 0.8413021
vt 0.96875 0.8409839
vt 0.9583333 0.8405664
vt 0.9479167 0.8400922
vt 0.9375 0.8396048
vt 0.9270833 0.8391402
vt 0.9166667 0.8387245
vt 0.90625 0.8383757
vt 0.8958333 0.8381077
vt 0.8854167 0.8379335
vt 1 0.8094902
vt 0.9895833 0.8093703
vt 0.9791667 0.8090367
vt 0.96875 0.8085411
vt 0.9583333 0.8079446
vt 0.9479167 0.8073087
vt 0.9375 0.8066845
vt 0.9270833 0.8061094
vt 0.9166667 0.8056084
vt 0.90625 0.805197
vt 0.8958333 0.8048866
vt 0.8854167 0.8046882
vt 1 0.7757265
vt 0.9895833 0.7755437
vt 0.9791667 0.7750624
vt 0.96875 0.7743906
vt 0.9583333 0.773627
vt 0.9479167 0.7728506
vt 0.9375 0.772117
vt 0.9270833 0.7714614
vt 0.9166667 0.7709042
vt 0.90625 0.7704563
vt 0.8958333 0.7701247
vt 0.8854167 0.7699165
vt 1 0.7405194
vt 0.9895833 0.7402784
vt 0.9791667 0.7396635
vt 0.96875 0.738839
vt 0.9583333 0.7379394
vt 0.9479167 0.7370576
vt 0.9375 0.7362506
vt 0.9270833 0.735549
vt 0.9166667 0.7349664
vt 0.90625 0.7345079
vt 0.8958333 0.7341749
vt 0.8854167 0.7339699
vt 1 0.7041247
vt 0.9895833 0.7038387
vt 0.9791667 0.7031245
vt 0.96875 0.7021932
vt 0.9583333 0.7012073
vt 0.9479167 0.7002692
vt 0.9375 0.6994337
vt 0.9270833 0.6987249
vt 0.9166667 0.6981494
vt 0.90625 0.6977057
vt 0.8958333 0.6973899
vt 0.8854167 0.6971994
vt 1 0.6667978
vt 0.9895833 0.6664892
vt 0.9791667 0.6657297
vt 0.96875 0.6647596
vt 0.9583333 0.6637566
vt 0.9479167 0.662825
vt 0.9375 0.6620145
vt 0.9270833 0.6613421
vt 0.9166667 0.6608076
vt 0.90625 0.6604038
vt 0.8958333 0.6601223
vt 0.8854167 0.6599562
vt 1 0.6287944
vt 0.9895833 0.6284943
vt 0.9791667 0.6277635
vt 0.96875 0.626845
vt 0.9583333 0.625913
vt 0.9479167 0.6250646
vt 0.9375 0.6243414
vt 0.9270833 0.6237535
vt 0.9166667 0.6232955
vt 0.90625 0.6229564
vt 0.8958333 0.622725
vt 0.8854167 0.6225916
vt 1 0.5903701
vt 0.9895833 0.5901183
vt 0.9791667 0.5895105
vt 0.96875 0.588756
vt 0.9583333 0.5880021
vt 0.9479167 0.5873274
vt 0.9375 0.5867627
vt 0.9270833 0.586312
vt 0.9166667 0.5859675
vt 0.90625 0.5857174
vt 0.8958333 0.5855505
vt 0.8854167 0.5854568
vt 1 0.5517805
vt 0.9895833 0.5516258
vt 0.9791667 0.5512549
vt 0.96875 0.5507992
vt 0.9583333 0.5503495
vt 0.9479167 0.5499531
vt 0.9375 0.5496265
vt 0.9270833 0.5493702
vt 0.9166667 0.5491779
vt 0.90625 0.549041
vt 0.8958333 0.5489517
vt 0.8854167 0.5489029
vt 1 0.5132812
vt 0.9895833 0.5132812
vt 0.9791667 0.5132812
vt 0.96875 0.5132812
vt 0.9583333 0.5132812
vt 0.9479167 0.5132812
vt 0.9375 0.5132812
vt 0.9270833 0.5132812
vt 0.9166667 0.5132812
vt 0.90625 0.5132812
vt 0.8958333 0.5132812
vt 0.8854167 0.5132812
vt 0.375 0.75
vt 0.375 0.7261083
vt 0.3765594 0.7263104
vt 0.3780927 0.7269155
vt 0.3795739 0.7279155
vt 0.3809772 0.7292945
vt 0.3822782 0.7310297
vt 0.3834543 0.7330914
vt 0.3844851 0.7354436
vt 0.3853527 0.7380457
vt 0.3860423 0.7408523
vt 0.3865423 0.7438145
vt 0.3868448 0.7468812
vt 0.3869458 0.75
vt 0.375 0.7020409
vt 0.3781302 0.7024471
vt 0.381208 0.7036626
vt 0.3841809 0.7056708
vt 0.3869974 0.7084398
vt 0.3896087 0.7119232
vt 0.3919694 0.7160613
vt 0.3940384 0.7207826
vt 0.3957801 0.7260052
vt 0.3971646 0.7316383
vt 0.3981687 0.7375839
vt 0.3987765 0.7437395
vt 0.3989796 0.75
vt 0.375 0.6780881
vt 0.3796936 0.6786979
vt 0.3843083 0.680522
vt 0.3887655 0.6835345
vt 0.3929881 0.6876874
vt 0.396903 0.6929108
vt 0.4004423 0.6991153
vt 0.4035446 0.7061939
vt 0.4061563 0.7140238
vt 0.4082327 0.7224691
vt 0.409739 0.7313834
vt 0.410651 0.7406129
vt 0.4109559 0.75
vt 0.375 0.6545408
vt 0.3812304 0.6553512
vt 0.3873559 0.6577742
vt 0.393272 0.6617749
vt 0.3988767 0.6672888
vt 0.4040729 0.6742229
vt 0.4087706 0.6824588
vt 0.4128885 0.6918542
vt 0.4163556 0.7022467
vt 0.4191126 0.713456
vt 0.4211129 0.7252882
vt 0.4223244 0.7375393
vt 0.4227296 0.75
vt 0.375 0.6316894
vt 0.3827218 0.6326947
vt 0.3903133 0.6356999
vt 0.397645 0.6406604
vt 0.4045905 0.6474955
vt 0.4110298 0.6560901
vt 0.4168515 0.666297
vt 0.4219549 0.6779404
vt 0.4262522 0.690819
vt 0.4296698 0.7047101
vt 0.4321501 0.7193733
vt 0.4336526 0.7345565
vt 0.4341553 0.75
vt 0.375 0.6098246
vt 0.3841487 0.6110169
vt 0.3931429 0.6145797
vt 0.4018288 0.6204593
vt 0.4100569 0.6285593
vt 0.4176853 0.6387428
vt 0.4245822 0.6508355
vt 0.4306286 0.6646293
vt 0.4357204 0.6798862
vt 0.4397703 0.6963425
vt 0.4427101 0.7137142
vt 0.4444916 0.7317026
vt 0.4450877 0.75
vt 0.375 0.5892369
vt 0.3854924 0.5906056
vt 0.395807 0.5946944
vt 0.4057678 0.6014402
vt 0.4152033 0.6107315
vt 0.4239511 0.6224113
vt 0.4318602 0.6362795
vt 0.4387943 0.6520978
vt 0.4446342 0.6695933
vt 0.4492799 0.6884645
vt 0.4526528 0.7083859
vt 0.4546973 0.7290154
vt 0.4553816 0.75
vt 0.375 0.5702168
vt 0.3867336 0.5717489
vt 0.3982681 0.5763243
vt 0.4094064 0.5838712
vt 0.4199572 0.5942639
vt 0.4297387 0.6073261
vt 0.4385827 0.6228345
vt 0.4463369 0.6405225
vt 0.452868 0.6600857
vt 0.4580644 0.6811872
vt 0.4618378 0.7034637
vt 0.4641256 0.7265328
vt 0.4648916 0.75
vt 0.375 0.553055
vt 0.3878536 0.5547349
vt 0.4004886 0.5597504
vt 0.4126891 0.5680209
vt 0.4242457 0.5794079
vt 0.4349598 0.5937178
vt 0.4446471 0.6107059
vt 0.4531411 0.6300805
vt 0.4602961 0.6515086
vt 0.4659896 0.6746218
vt 0.4701248 0.6990228
vt 0.4726326 0.7242929
vt 0.4734725 0.75
vt 0.375 0.5380421
vt 0.3888333 0.5398517
vt 0.4024309 0.5452532
vt 0.4155603 0.5541577
vt 0.4279964 0.5664151
vt 0.4395258 0.5818167
vt 0.4499505 0.600099
vt 0.4590917 0.6209484
vt 0.4667925 0.6440072
vt 0.4729212 0.6688795
vt 0.4773734 0.6951382
vt 0.4800741 0.7223335
vt 0.480979 0.75
vt 0.375 0.5254685
vt 0.3896538 0.5273874
vt 0.4040573 0.5331132
vt 0.4179643 0.5425498
vt 0.4311366 0.555537
vt 0.4433484 0.5718532
vt 0.4543904 0.5912191
vt 0.4640734 0.6133032
vt 0.4722315 0.6377268
vt 0.4787251 0.6640713
vt 0.4834434 0.6918854
vt 0.4863063 0.7206925
vt 0.4872657 0.75
vt 0.375 0.515625
vt 0.390296 0.5176301
vt 0.4053304 0.5236111
vt 0.4198457 0.5334657
vt 0.4335938 0.5470253
vt 0.4463392 0.5640578
vt 0.4578641 0.5842718
vt 0.4679711 0.6073216
vt 0.4764874 0.6328126
vt 0.4832671 0.6603086
vt 0.4881944 0.6893393
vt 0.4911849 0.7194079
vt 0.4921875 0.75
vt 0.3868448 0.7531188
vt 0.3865423 0.7561855
vt 0.3860423 0.7591477
vt 0.3853527 0.7619543
vt 0.3844851 0.7645564
vt 0.3834543 0.7669086
vt 0.3822782 0.7689703
vt 0.3809772 0.7707055
vt 0.3795739 0.7720845
vt 0.3780927 0.7730845
vt 0.3765594 0.7736896
vt 0.375 0.7738917
vt 0.3987765 0.7562605
vt 0.3981687 0.7624161
vt 0.3971646 0.7683617
vt 0.3957801 0.7739948
vt 0.3940384 0.7792174
vt 0.3919694 0.7839387
vt 0.3896087 0.7880768
vt 0.3869974 0.7915602
vt 0.3841809 0.7943292
vt 0.381208 0.7963374
vt 0.3781302 0.7975529
vt 0.375 0.7979591
vt 0.410651 0.7593871
vt 0.409739 0.7686166
vt 0.4082327 0.7775309
vt 0.4061563 0.7859762
vt 0.4035446 0.7938061
vt 0.4004423 0.8008847
vt 0.396903 0.8070892
vt 0.3929881 0.8123126
vt 0.3887655 0.8164655
vt 0.3843083 0.819478
vt 0.3796935 0.8213021
vt 0.375 0.8219119
vt 0.4223244 0.7624608
vt 0.4211129 0.7747118
vt 0.4191125 0.786544
vt 0.4163556 0.7977533
vt 0.4128885 0.8081458
vt 0.4087706 0.8175412
vt 0.4040729 0.8257771
vt 0.3988767 0.8327112
vt 0.393272 0.8382251
vt 0.3873559 0.8422258
vt 0.3812304 0.8446488
vt 0.375 0.8454592
vt 0.4336526 0.7654436
vt 0.4321501 0.7806267
vt 0.4296698 0.79529
vt 0.4262522 0.809181
vt 0.4219549 0.8220596
vt 0.4168515 0.833703
vt 0.4110298 0.8439099
vt 0.4045905 0.8525045
vt 0.397645 0.8593397
vt 0.3903133 0.8643001
vt 0.3827218 0.8673053
vt 0.375 0.8683106
vt 0.4444916 0.7682975
vt 0.4427101 0.7862858
vt 0.4397703 0.8036575
vt 0.4357204 0.8201138
vt 0.4306286 0.8353707
vt 0.4245822 0.8491645
vt 0.4176853 0.8612572
vt 0.4100569 0.8714407
vt 0.4018287 0.8795407
vt 0.3931429 0.8854203
vt 0.3841487 0.8889831
vt 0.375 0.8901754
vt 0.4546972 0.7709846
vt 0.4526528 0.7916141
vt 0.4492799 0.8115355
vt 0.4446342 0.8304067
vt 0.4387943 0.8479023
vt 0.4318602 0.8637205
vt 0.4239511 0.8775887
vt 0.4152033 0.8892685
vt 0.4057677 0.8985599
vt 0.395807 0.9053057
vt 0.3854923 0.9093945
vt 0.375 0.9107631
vt 0.4641256 0.7734672
vt 0.4618378 0.7965363
vt 0.4580644 0.8188128
vt 0.452868 0.8399143
vt 0.4463369 0.8594775
vt 0.4385827 0.8771656
vt 0.4297388 0.8926739
vt 0.4199571 0.9057361
vt 0.4094064 0.9161288
vt 0.3982681 0.9236757
vt 0.3867336 0.9282511
vt 0.375 0.9297832
vt 0.4726326 0.7757071
vt 0.4701248 0.8009773
vt 0.4659895 0.8253782
vt 0.4602961 0.8484914
vt 0.4531411 0.8699195
vt 0.4446471 0.8892941
vt 0.4349598 0.9062822
vt 0.4242457 0.9205921
vt 0.4126891 0.9319791
vt 0.4004886 0.9402496
vt 0.3878535 0.9452651
vt 0.375 0.946945
vt 0.4800741 0.7776666
vt 0.4773734 0.8048618
vt 0.4729212 0.8311206
vt 0.4667925 0.8559928
vt 0.4590916 0.8790516
vt 0.4499505 0.8999011
vt 0.4395258 0.9181833
vt 0.4279964 0.9335849
vt 0.4155602 0.9458424
vt 0.4024309 0.9547468
vt 0.3888333 0.9601483
vt 0.375 0.9619579
vt 0.4863063 0.7793075
vt 0.4834434 0.8081147
vt 0.4787251 0.8359287
vt 0.4722315 0.8622732
vt 0.4640734 0.8866969
vt 0.4543904 0.9087809
vt 0.4433484 0.9281468
vt 0.4311366 0.944463
vt 0.4179643 0.9574503
vt 0.4040573 0.9668869
vt 0.3896537 0.9726126
vt 0.375 0.9745315
vt 0.4911849 0.7805921
vt 0.4881944 0.8106608
vt 0.4832671 0.8396914
vt 0.4764873 0.8671875
vt 0.4679711 0.8926785
vt 0.457864 0.9157282
vt 0.4463392 0.9359422
vt 0.4335938 0.9529747
vt 0.4198457 0.9665343
vt 0.4053304 0.9763889
vt 0.390296 0.9823699
vt 0.375 0.984375
vt 0.3630542 0.75
vt 0.3631552 0.7531188
vt 0.3634577 0.7561855
vt 0.3639577 0.7591477
vt 0.3646473 0.7619543
vt 0.3655149 0.7645564
vt 0.3665457 0.7669086
vt 0.3677218 0.7689703
vt 0.3690228 0.7707055
vt 0.3704261 0.7720845
vt 0.3719073 0.7730845
vt 0.3734406 0.7736896
vt 0.3510204 0.75
vt 0.3512235 0.7562605
vt 0.3518313 0.7624161
vt 0.3528354 0.7683617
vt 0.3542199 0.7739948
vt 0.3559616 0.7792174
vt 0.3580306 0.7839387
vt 0.3603913 0.7880768
vt 0.3630026 0.7915602
vt 0.3658191 0.7943292
vt 0.368792 0.7963374
vt 0.3718698 0.7975529
vt 0.3390441 0.75
vt 0.339349 0.7593871
vt 0.340261 0.7686166
vt 0.3417673 0.7775309
vt 0.3438437 0.7859762
vt 0.3464554 0.7938061
vt 0.3495577 0.8008847
vt 0.353097 0.8070892
vt 0.3570119 0.8123126
vt 0.3612345 0.8164655
vt 0.3656917 0.819478
vt 0.3703065 0.8213021
vt 0.3272704 0.75
vt 0.3276756 0.7624608
vt 0.3288871 0.7747118
vt 0.3308875 0.786544
vt 0.3336444 0.7977533
vt 0.3371115 0.8081458
vt 0.3412294 0.8175412
vt 0.3459271 0.8257771
vt 0.3511233 0.8327112
vt 0.356728 0.8382251
vt 0.3626441 0.8422258
vt 0.3687696 0.8446488
vt 0.3158447 0.75
vt 0.3163474 0.7654436
vt 0.3178499 0.7806267
vt 0.3203302 0.79529
vt 0.3237478 0.809181
vt 0.3280451 0.8220596
vt 0.3331485 0.833703
vt 0.3389702 0.8439099
vt 0.3454095 0.8525045
vt 0.352355 0.8593397
vt 0.3596867 0.8643001
vt 0.3672782 0.8673053
vt 0.3049123 0.75
vt 0.3055084 0.7682975
vt 0.3072899 0.7862858
vt 0.3102297 0.8036575
vt 0.3142796 0.8201138
vt 0.3193714 0.8353707
vt 0.3254178 0.8491645
vt 0.3323147 0.8612572
vt 0.3399431 0.8714407
vt 0.3481713 0.8795407
vt 0.3568571 0.8854203
vt 0.3658513 0.8889831
vt 0.2946184 0.75
vt 0.2953028 0.7709846
vt 0.2973472 0.7916141
vt 0.3007201 0.8115355
vt 0.3053658 0.8304067
vt 0.3112057 0.8479023
vt 0.3181398 0.8637205
vt 0.3260489 0.8775887
vt 0.3347967 0.8892685
vt 0.3442323 0.8985599
vt 0.354193 0.9053057
vt 0.3645077 0.9093945
vt 0.2851084 0.75
vt 0.2858744 0.7734672
vt 0.2881622 0.7965363
vt 0.2919356 0.8188128
vt 0.297132 0.8399143
vt 0.3036631 0.8594775
vt 0.3114173 0.8771656
vt 0.3202612 0.8926739
vt 0.3300429 0.9057361
vt 0.3405936 0.9161288
vt 0.3517319 0.9236757
vt 0.3632664 0.9282511
vt 0.2765275 0.75
vt 0.2773674 0.7757071
vt 0.2798752 0.8009773
vt 0.2840105 0.8253782
vt 0.2897039 0.8484914
vt 0.2968589 0.8699195
vt 0.3053529 0.8892941
vt 0.3150402 0.9062822
vt 0.3257543 0.9205921
vt 0.3373109 0.9319791
vt 0.3495114 0.9402496
vt 0.3621465 0.9452651
vt 0.269021 0.75
vt 0.2699259 0.7776666
vt 0.2726266 0.8048618
vt 0.2770788 0.8311206
vt 0.2832075 0.8559928
vt 0.2909084 0.8790516
vt 0.3000495 0.8999011
vt 0.3104742 0.9181833
vt 0.3220036 0.9335849
vt 0.3344398 0.9458424
vt 0.3475691 0.9547468
vt 0.3611667 0.9601483
vt 0.2627343 0.75
vt 0.2636937 0.7793075
vt 0.2665566 0.8081147
vt 0.2712749 0.8359287
vt 0.2777685 0.8622732
vt 0.2859266 0.8866969
vt 0.2956096 0.9087809
vt 0.3066516 0.9281468
vt 0.3188634 0.944463
vt 0.3320357 0.9574503
vt 0.3459427 0.9668869
vt 0.3603463 0.9726126
vt 0.2578125 0.75
vt 0.2588151 0.7805921
vt 0.2618056 0.8106608
vt 0.2667329 0.8396914
vt 0.2735127 0.8671875
vt 0.2820289 0.8926785
vt 0.292136 0.9157282
vt 0.3036608 0.9359422
vt 0.3164063 0.9529747
vt 0.3301543 0.9665343
vt 0.3446696 0.9763889
vt 0.359704 0.9823699
vt 0.3734406 0.7263104
vt 0.3719073 0.7269155
vt 0.3704261 0.7279155
vt 0.3690228 0.7292945
vt 0.3677218 0.7310297
vt 0.3665457 0.7330914
vt 0.3655149 0.7354436
vt 0.3646473 0.7380457
vt 0.3639577 0.7408523
vt 0.3634577 0.7438145
vt 0.3631552 0.7468812
vt 0.3718698 0.7024471
vt 0.368792 0.7036626
vt 0.3658191 0.7056708
vt 0.3630026 0.7084398
vt 0.3603913 0.7119232
vt 0.3580306 0.7160613
vt 0.3559616 0.7207826
vt 0.3542199 0.7260052
vt 0.3528354 0.7316383
vt 0.3518313 0.7375839
vt 0.3512235 0.7437395
vt 0.3703064 0.6786979
vt 0.3656917 0.680522
vt 0.3612345 0.6835345
vt 0.3570119 0.6876874
vt 0.353097 0.6929108
vt 0.3495577 0.6991153
vt 0.3464554 0.7061939
vt 0.3438437 0.7140238
vt 0.3417673 0.7224691
vt 0.340261 0.7313834
vt 0.339349 0.7406129
vt 0.3687696 0.6553512
vt 0.3626441 0.6577742
vt 0.356728 0.6617749
vt 0.3511233 0.6672888
vt 0.3459271 0.6742229
vt 0.3412294 0.6824588
vt 0.3371115 0.6918542
vt 0.3336444 0.7022467
vt 0.3308874 0.713456
vt 0.3288871 0.7252882
vt 0.3276756 0.7375393
vt 0.3672782 0.6326947
vt 0.3596867 0.6356999
vt 0.352355 0.6406604
vt 0.3454095 0.6474955
vt 0.3389702 0.6560901
vt 0.3331485 0.666297
vt 0.3280451 0.6779404
vt 0.3237478 0.690819
vt 0.3203302 0.7047101
vt 0.3178499 0.7193733
vt 0.3163474 0.7345565
vt 0.3658513 0.6110169
vt 0.3568571 0.6145797
vt 0.3481712 0.6204593
vt 0.3399431 0.6285593
vt 0.3323147 0.6387428
vt 0.3254178 0.6508355
vt 0.3193714 0.6646293
vt 0.3142796 0.6798862
vt 0.3102297 0.6963425
vt 0.3072899 0.7137142
vt 0.3055084 0.7317026
vt 0.3645076 0.5906056
vt 0.354193 0.5946944
vt 0.3442322 0.6014402
vt 0.3347967 0.6107315
vt 0.3260489 0.6224113
vt 0.3181398 0.6362795
vt 0.3112057 0.6520978
vt 0.3053658 0.6695933
vt 0.3007201 0.6884645
vt 0.2973472 0.7083859
vt 0.2953027 0.7290154
vt 0.3632664 0.5717489
vt 0.3517319 0.5763243
vt 0.3405936 0.5838712
vt 0.3300428 0.5942639
vt 0.3202613 0.6073261
vt 0.3114173 0.6228345
vt 0.3036631 0.6405225
vt 0.297132 0.6600857
vt 0.2919356 0.6811872
vt 0.2881622 0.7034637
vt 0.2858744 0.7265328
vt 0.3621464 0.5547349
vt 0.3495114 0.5597504
vt 0.3373109 0.5680209
vt 0.3257543 0.5794079
vt 0.3150402 0.5937178
vt 0.3053529 0.6107059
vt 0.2968589 0.6300805
vt 0.2897039 0.6515086
vt 0.2840104 0.6746218
vt 0.2798752 0.6990228
vt 0.2773674 0.7242929
vt 0.3611667 0.5398517
vt 0.3475691 0.5452532
vt 0.3344397 0.5541577
vt 0.3220036 0.5664151
vt 0.3104742 0.5818167
vt 0.3000495 0.600099
vt 0.2909083 0.6209484
vt 0.2832075 0.6440072
vt 0.2770788 0.6688795
vt 0.2726266 0.6951382
vt 0.2699259 0.7223335
vt 0.3603462 0.5273874
vt 0.3459427 0.5331132
vt 0.3320357 0.5425498
vt 0.3188634 0.555537
vt 0.3066516 0.5718532
vt 0.2956096 0.5912191
vt 0.2859266 0.6133032
vt 0.2777685 0.6377268
vt 0.2712749 0.6640713
vt 0.2665566 0.6918854
vt 0.2636937 0.7206925
vt 0.359704 0.5176301
vt 0.3446696 0.5236111
vt 0.3301543 0.5334657
vt 0.3164063 0.5470253
vt 0.3036608 0.5640578
vt 0.2921359 0.5842718
vt 0.2820289 0.6073216
vt 0.2735126 0.6328126
vt 0.2667329 0.6603086
vt 0.2618056 0.6893393
vt 0.2588151 0.7194079
vt 0.625 0.7139423
vt 0.6273533 0.7142508
vt 0.6296662 0.715171
vt 0.6318994 0.716687
vt 0.6340144 0.7187731
vt 0.6359752 0.7213935
vt 0.6377483 0.7245034
vt 0.6393033 0.7280495
vt 0.6406134 0.7319711
vt 0.6416565 0.7362013
vt 0.6424145 0.7406676
vt 0.6428746 0.7452935
vt 0.6430289 0.75
vt 0.625 0.7020669
vt 0.6281282 0.7024778
vt 0.6312026 0.7037027
vt 0.6341708 0.7057196
vt 0.6369818 0.7084938
vt 0.6395878 0.7119775
vt 0.6419444 0.7161112
vt 0.6440113 0.7208243
vt 0.6457531 0.7260364
vt 0.6471402 0.7316585
vt 0.6481487 0.7375947
vt 0.6487611 0.7437436
vt 0.6489666 0.75
vt 0.625 0.6871595
vt 0.6291011 0.6876981
vt 0.6331317 0.6893037
vt 0.637023 0.6919478
vt 0.6407084 0.6955845
vt 0.644125 0.7001517
vt 0.6472145 0.705571
vt 0.6499242 0.71175
vt 0.6522077 0.7185832
vt 0.6540261 0.725954
vt 0.6553481 0.7337365
vt 0.6561509 0.7417978
vt 0.6564202 0.75
vt 0.625 0.6698761
vt 0.6302291 0.6705621
vt 0.6353685 0.6726081
vt 0.6403304 0.6759782
vt 0.6450299 0.6806145
vt 0.6493866 0.6864374
vt 0.6533262 0.6933476
vt 0.6567813 0.7012267
vt 0.6596928 0.7099402
vt 0.6620109 0.7193391
vt 0.6636959 0.7292629
vt 0.6647189 0.7395418
vt 0.665062 0.75
vt 0.625 0.6508725
vt 0.6314694 0.6517204
vt 0.6378281 0.6542498
vt 0.6439673 0.6584176
vt 0.6497821 0.6641524
vt 0.6551728 0.6713561
vt 0.6600472 0.6799055
vt 0.664322 0.6896544
vt 0.6679238 0.7004359
vt 0.6707912 0.7120653
vt 0.6728751 0.7243438
vt 0.6741398 0.7370613
vt 0.6745638 0.75
vt 0.625 0.6308047
vt 0.6327791 0.6318233
vt 0.6404254 0.634863
vt 0.6478081 0.6398727
vt 0.6548007 0.6467674
vt 0.6612834 0.6554291
vt 0.6671451 0.6657098
vt 0.6722854 0.6774333
vt 0.6766163 0.6903986
vt 0.6800637 0.7043838
vt 0.6825686 0.7191491
vt 0.6840883 0.7344418
vt 0.6845977 0.75
vt 0.625 0.6103284
vt 0.6341155 0.6115212
vt 0.6430756 0.6150815
vt 0.6517271 0.6209503
vt 0.6599215 0.6290284
vt 0.6675184 0.6391779
vt 0.6743875 0.651225
vt 0.680411 0.6649632
vt 0.6854858 0.6801571
vt 0.6895248 0.6965459
vt 0.6924593 0.7138487
vt 0.6942394 0.731769
vt 0.6948358 0.75
vt 0.625 0.5900997
vt 0.6354358 0.5914647
vt 0.6456938 0.5955395
vt 0.6555985 0.6022572
vt 0.6649802 0.6115046
vt 0.6736778 0.6231238
vt 0.681542 0.6369159
vt 0.6884381 0.6526444
vt 0.6942477 0.6700397
vt 0.6988714 0.688803
vt 0.7022303 0.7086124
vt 0.7042676 0.7291285
vt 0.7049502 0.75
vt 0.625 0.5707743
vt 0.6366971 0.5723041
vt 0.6481949 0.5768708
vt 0.6592969 0.5844
vt 0.6698126 0.5947647
vt 0.6795615 0.6077881
vt 0.6883764 0.6232472
vt 0.696106 0.6408769
vt 0.7026176 0.6603749
vt 0.7078 0.6814063
vt 0.7115646 0.7036102
vt 0.7138479 0.7266059
vt 0.7146128 0.75
vt 0.625 0.5530083
vt 0.6378565 0.5546899
vt 0.6504941 0.5597097
vt 0.6626964 0.5679855
vt 0.6742544 0.5793779
vt 0.6849695 0.5936923
vt 0.6946582 0.6106837
vt 0.7031538 0.6300609
vt 0.7103111 0.6514913
vt 0.7160072 0.6746072
vt 0.7201452 0.6990118
vt 0.7226551 0.724287
vt 0.7234958 0.75
vt 0.625 0.5374575
vt 0.6388714 0.5392725
vt 0.6525064 0.54469
vt 0.6656715 0.5536205
vt 0.6781414 0.565913
vt 0.6897019 0.5813577
vt 0.7001549 0.5996902
vt 0.7093211 0.6205962
vt 0.7170435 0.6437174
vt 0.7231898 0.668657
vt 0.727655 0.6949873
vt 0.7303637 0.7222573
vt 0.7312713 0.75
vt 0.625 0.5247778
vt 0.6396989 0.5267025
vt 0.6541467 0.5324458
vt 0.6680965 0.5419117
vt 0.6813092 0.5549392
vt 0.6935585 0.5713058
vt 0.7046344 0.5907313
vt 0.7143471 0.6128831
vt 0.7225304 0.6373816
vt 0.7290442 0.663807
vt 0.7337771 0.6917065
vt 0.7366488 0.7206023
vt 0.7376111 0.75
vt 0.625 0.515625
vt 0.640296 0.5176301
vt 0.6553304 0.5236111
vt 0.6698457 0.5334657
vt 0.6835938 0.5470253
vt 0.6963392 0.5640578
vt 0.707864 0.5842718
vt 0.7179711 0.6073216
vt 0.7264873 0.6328126
vt 0.7332671 0.6603086
vt 0.7381944 0.6893393
vt 0.7411849 0.7194079
vt 0.7421875 0.75
vt 0.6428746 0.7547065
vt 0.6424145 0.7593324
vt 0.6416565 0.7637987
vt 0.6406134 0.7680289
vt 0.6393033 0.7719505
vt 0.6377483 0.7754967
vt 0.6359752 0.7786065
vt 0.6340144 0.7812269
vt 0.6318994 0.783313
vt 0.6296662 0.784829
vt 0.6273533 0.7857492
vt 0.625 0.7860577
vt 0.6487611 0.7562564
vt 0.6481487 0.7624053
vt 0.6471402 0.7683415
vt 0.6457531 0.7739636
vt 0.6440113 0.7791757
vt 0.6419444 0.7838888
vt 0.6395879 0.7880225
vt 0.6369818 0.7915062
vt 0.6341708 0.7942804
vt 0.6312026 0.7962973
vt 0.6281282 0.7975222
vt 0.625 0.7979331
vt 0.6561509 0.7582022
vt 0.6553481 0.7662635
vt 0.6540261 0.774046
vt 0.6522077 0.7814168
vt 0.6499242 0.78825
vt 0.6472145 0.794429
vt 0.644125 0.7998483
vt 0.6407084 0.8044155
vt 0.637023 0.8080522
vt 0.6331317 0.8106963
vt 0.6291011 0.8123019
vt 0.625 0.8128405
vt 0.6647189 0.7604582
vt 0.6636959 0.7707371
vt 0.6620109 0.7806609
vt 0.6596928 0.7900598
vt 0.6567813 0.7987733
vt 0.6533262 0.8066524
vt 0.6493866 0.8135626
vt 0.6450299 0.8193856
vt 0.6403304 0.8240218
vt 0.6353685 0.8273919
vt 0.6302291 0.8294379
vt 0.625 0.8301239
vt 0.6741398 0.7629387
vt 0.6728751 0.7756562
vt 0.6707912 0.7879347
vt 0.6679238 0.7995641
vt 0.664322 0.8103456
vt 0.6600472 0.8200945
vt 0.6551728 0.8286439
vt 0.6497821 0.8358476
vt 0.6439673 0.8415824
vt 0.6378281 0.8457502
vt 0.6314694 0.8482796
vt 0.625 0.8491275
vt 0.6840883 0.7655582
vt 0.6825685 0.7808509
vt 0.6800637 0.7956162
vt 0.6766163 0.8096014
vt 0.6722854 0.8225667
vt 0.6671451 0.8342903
vt 0.6612834 0.8445709
vt 0.6548007 0.8532326
vt 0.6478081 0.8601273
vt 0.6404254 0.8651371
vt 0.6327791 0.8681767
vt 0.625 0.8691953
vt 0.6942394 0.7682311
vt 0.6924592 0.7861513
vt 0.6895248 0.8034541
vt 0.6854858 0.8198429
vt 0.680411 0.8350368
vt 0.6743875 0.848775
vt 0.6675184 0.8608221
vt 0.6599215 0.8709716
vt 0.651727 0.8790497
vt 0.6430756 0.8849185
vt 0.6341155 0.8884788
vt 0.625 0.8896716
vt 0.7042676 0.7708716
vt 0.7022303 0.7913876
vt 0.6988714 0.811197
vt 0.6942477 0.8299603
vt 0.6884381 0.8473556
vt 0.681542 0.8630842
vt 0.6736778 0.8768762
vt 0.6649802 0.8884954
vt 0.6555985 0.8977428
vt 0.6456938 0.9044606
vt 0.6354358 0.9085353
vt 0.625 0.9099003
vt 0.7138479 0.7733941
vt 0.7115646 0.7963899
vt 0.7078 0.8185937
vt 0.7026176 0.8396251
vt 0.696106 0.8591231
vt 0.6883764 0.8767529
vt 0.6795616 0.8922119
vt 0.6698126 0.9052353
vt 0.6592969 0.9156
vt 0.6481949 0.9231292
vt 0.6366971 0.9276959
vt 0.625 0.9292257
vt 0.7226551 0.7757131
vt 0.7201452 0.8009882
vt 0.7160072 0.8253928
vt 0.7103111 0.8485087
vt 0.7031538 0.8699392
vt 0.6946582 0.8893163
vt 0.6849696 0.9063077
vt 0.6742544 0.9206222
vt 0.6626964 0.9320145
vt 0.6504941 0.9402904
vt 0.6378565 0.9453101
vt 0.625 0.9469917
vt 0.7303637 0.7777428
vt 0.727655 0.8050127
vt 0.7231897 0.8313431
vt 0.7170435 0.8562827
vt 0.7093211 0.8794038
vt 0.7001549 0.9003099
vt 0.6897019 0.9186423
vt 0.6781414 0.934087
vt 0.6656715 0.9463795
vt 0.6525063 0.95531
vt 0.6388714 0.9607275
vt 0.625 0.9625425
vt 0.7366487 0.7793977
vt 0.7337771 0.8082935
vt 0.7290441 0.836193
vt 0.7225304 0.8626184
vt 0.7143471 0.887117
vt 0.7046343 0.9092687
vt 0.6935585 0.9286942
vt 0.6813092 0.9450608
vt 0.6680965 0.9580884
vt 0.6541467 0.9675542
vt 0.6396988 0.9732975
vt 0.625 0.9752222
vt 0.7411849 0.7805921
vt 0.7381944 0.8106608
vt 0.7332671 0.8396914
vt 0.7264873 0.8671875
vt 0.7179711 0.8926785
vt 0.707864 0.9157282
vt 0.6963392 0.9359422
vt 0.6835938 0.9529747
vt 0.6698457 0.9665343
vt 0.6553304 0.9763889
vt 0.640296 0.9823699
vt 0.625 0.984375
vt 0.6069711 0.75
vt 0.6071254 0.7547065
vt 0.6075855 0.7593324
vt 0.6083435 0.7637987
vt 0.6093866 0.7680289
vt 0.6106967 0.7719505
vt 0.6122517 0.7754967
vt 0.6140248 0.7786065
vt 0.6159856 0.7812269
vt 0.6181006 0.783313
vt 0.6203338 0.784829
vt 0.6226467 0.7857492
vt 0.6010334 0.75
vt 0.6012389 0.7562564
vt 0.6018513 0.7624053
vt 0.6028598 0.7683415
vt 0.6042469 0.7739636
vt 0.6059887 0.7791757
vt 0.6080556 0.7838888
vt 0.6104121 0.7880225
vt 0.6130182 0.7915062
vt 0.6158292 0.7942804
vt 0.6187974 0.7962973
vt 0.6218718 0.7975222
vt 0.5935798 0.75
vt 0.5938491 0.7582022
vt 0.5946519 0.7662635
vt 0.5959739 0.774046
vt 0.5977923 0.7814168
vt 0.6000758 0.78825
vt 0.6027855 0.794429
vt 0.605875 0.7998483
vt 0.6092916 0.8044155
vt 0.612977 0.8080522
vt 0.6168683 0.8106963
vt 0.6208989 0.8123019
vt 0.584938 0.75
vt 0.5852811 0.7604582
vt 0.5863041 0.7707371
vt 0.5879891 0.7806609
vt 0.5903072 0.7900598
vt 0.5932187 0.7987733
vt 0.5966738 0.8066524
vt 0.6006134 0.8135626
vt 0.6049701 0.8193856
vt 0.6096696 0.8240218
vt 0.6146315 0.8273919
vt 0.6197709 0.8294379
vt 0.5754362 0.75
vt 0.5758602 0.7629387
vt 0.5771249 0.7756562
vt 0.5792088 0.7879347
vt 0.5820762 0.7995641
vt 0.585678 0.8103456
vt 0.5899528 0.8200945
vt 0.5948272 0.8286439
vt 0.6002179 0.8358476
vt 0.6060327 0.8415824
vt 0.6121719 0.8457502
vt 0.6185306 0.8482796
vt 0.5654023 0.75
vt 0.5659117 0.7655582
vt 0.5674315 0.7808509
vt 0.5699363 0.7956162
vt 0.5733837 0.8096014
vt 0.5777146 0.8225667
vt 0.5828549 0.8342903
vt 0.5887166 0.8445709
vt 0.5951993 0.8532326
vt 0.6021919 0.8601273
vt 0.6095746 0.8651371
vt 0.6172209 0.8681767
vt 0.5551642 0.75
vt 0.5557606 0.7682311
vt 0.5575408 0.7861513
vt 0.5604752 0.8034541
vt 0.5645142 0.8198429
vt 0.569589 0.8350368
vt 0.5756125 0.848775
vt 0.5824816 0.8608221
vt 0.5900785 0.8709716
vt 0.598273 0.8790497
vt 0.6069244 0.8849185
vt 0.6158845 0.8884788
vt 0.5450498 0.75
vt 0.5457324 0.7708716
vt 0.5477697 0.7913876
vt 0.5511286 0.811197
vt 0.5557523 0.8299603
vt 0.5615619 0.8473556
vt 0.568458 0.8630842
vt 0.5763222 0.8768762
vt 0.5850198 0.8884954
vt 0.5944015 0.8977428
vt 0.6043062 0.9044606
vt 0.6145642 0.9085353
vt 0.5353872 0.75
vt 0.5361521 0.7733941
vt 0.5384354 0.7963899
vt 0.5422 0.8185937
vt 0.5473824 0.8396251
vt 0.553894 0.8591231
vt 0.5616236 0.8767529
vt 0.5704384 0.8922119
vt 0.5801874 0.9052353
vt 0.5907031 0.9156
vt 0.6018051 0.9231292
vt 0.6133029 0.9276959
vt 0.5265042 0.75
vt 0.5273449 0.7757131
vt 0.5298548 0.8009882
vt 0.5339928 0.8253928
vt 0.5396889 0.8485087
vt 0.5468462 0.8699392
vt 0.5553418 0.8893163
vt 0.5650304 0.9063077
vt 0.5757456 0.9206222
vt 0.5873036 0.9320145
vt 0.5995059 0.9402904
vt 0.6121435 0.9453101
vt 0.5187287 0.75
vt 0.5196363 0.7777428
vt 0.522345 0.8050127
vt 0.5268103 0.8313431
vt 0.5329565 0.8562827
vt 0.5406789 0.8794038
vt 0.5498451 0.9003099
vt 0.5602981 0.9186423
vt 0.5718586 0.934087
vt 0.5843285 0.9463795
vt 0.5974937 0.95531
vt 0.6111286 0.9607275
vt 0.5123889 0.75
vt 0.5133513 0.7793977
vt 0.5162229 0.8082935
vt 0.5209559 0.836193
vt 0.5274696 0.8626184
vt 0.5356529 0.887117
vt 0.5453657 0.9092687
vt 0.5564415 0.9286942
vt 0.5686908 0.9450608
vt 0.5819035 0.9580884
vt 0.5958533 0.9675542
vt 0.6103012 0.9732975
vt 0.5078125 0.75
vt 0.5088151 0.7805921
vt 0.5118056 0.8106608
vt 0.5167329 0.8396914
vt 0.5235127 0.8671875
vt 0.5320289 0.8926785
vt 0.542136 0.9157282
vt 0.5536608 0.9359422
vt 0.5664063 0.9529747
vt 0.5801543 0.9665343
vt 0.5946696 0.9763889
vt 0.609704 0.9823699
vt 0.6226467 0.7142508
vt 0.6203338 0.715171
vt 0.6181006 0.716687
vt 0.6159856 0.7187731
vt 0.6140248 0.7213935
vt 0.6122517 0.7245034
vt 0.6106967 0.7280495
vt 0.6093866 0.7319711
vt 0.6083435 0.7362013
vt 0.6075855 0.7406676
vt 0.6071254 0.7452935
vt 0.6218718 0.7024778
vt 0.6187974 0.7037027
vt 0.6158292 0.7057196
vt 0.6130182 0.7084938
vt 0.6104122 0.7119775
vt 0.6080556 0.7161112
vt 0.6059887 0.7208243
vt 0.6042469 0.7260364
vt 0.6028598 0.7316585
vt 0.6018513 0.7375947
vt 0.6012389 0.7437436
vt 0.6208989 0.6876981
vt 0.6168683 0.6893037
vt 0.612977 0.6919478
vt 0.6092916 0.6955845
vt 0.605875 0.7001517
vt 0.6027855 0.705571
vt 0.6000758 0.71175
vt 0.5977923 0.7185832
vt 0.5959739 0.725954
vt 0.5946519 0.7337365
vt 0.5938491 0.7417978
vt 0.6197709 0.6705621
vt 0.6146315 0.6726081
vt 0.6096696 0.6759782
vt 0.6049701 0.6806145
vt 0.6006134 0.6864374
vt 0.5966738 0.6933476
vt 0.5932187 0.7012267
vt 0.5903072 0.7099402
vt 0.5879891 0.7193391
vt 0.5863041 0.7292629
vt 0.5852811 0.7395418
vt 0.6185306 0.6517204
vt 0.6121719 0.6542498
vt 0.6060327 0.6584176
vt 0.6002179 0.6641524
vt 0.5948272 0.6713561
vt 0.5899528 0.6799055
vt 0.585678 0.6896544
vt 0.5820762 0.7004359
vt 0.5792088 0.7120653
vt 0.5771249 0.7243438
vt 0.5758602 0.7370613
vt 0.6172209 0.6318233
vt 0.6095746 0.634863
vt 0.6021919 0.6398727
vt 0.5951993 0.6467674
vt 0.5887166 0.6554291
vt 0.5828549 0.6657098
vt 0.5777146 0.6774333
vt 0.5733837 0.6903986
vt 0.5699363 0.7043838
vt 0.5674314 0.7191491
vt 0.5659117 0.7344418
vt 0.6158845 0.6115212
vt 0.6069244 0.6150815
vt 0.5982729 0.6209503
vt 0.5900785 0.6290284
vt 0.5824816 0.6391779
vt 0.5756125 0.651225
vt 0.569589 0.6649632
vt 0.5645142 0.6801571
vt 0.5604752 0.6965459
vt 0.5575407 0.7138487
vt 0.5557606 0.731769
vt 0.6145642 0.5914647
vt 0.6043062 0.5955395
vt 0.5944015 0.6022572
vt 0.5850198 0.6115046
vt 0.5763222 0.6231238
vt 0.568458 0.6369159
vt 0.5615619 0.6526444
vt 0.5557523 0.6700397
vt 0.5511286 0.688803
vt 0.5477697 0.7086124
vt 0.5457324 0.7291285
vt 0.6133029 0.5723041
vt 0.6018051 0.5768708
vt 0.5907031 0.5844
vt 0.5801874 0.5947647
vt 0.5704385 0.6077881
vt 0.5616236 0.6232472
vt 0.553894 0.6408769
vt 0.5473824 0.6603749
vt 0.5422 0.6814063
vt 0.5384354 0.7036102
vt 0.5361521 0.7266059
vt 0.6121435 0.5546899
vt 0.5995059 0.5597097
vt 0.5873036 0.5679855
vt 0.5757456 0.5793779
vt 0.5650305 0.5936923
vt 0.5553418 0.6106837
vt 0.5468462 0.6300609
vt 0.5396889 0.6514913
vt 0.5339928 0.6746072
vt 0.5298548 0.6990118
vt 0.5273449 0.724287
vt 0.6111286 0.5392725
vt 0.5974936 0.54469
vt 0.5843285 0.5536205
vt 0.5718586 0.565913
vt 0.5602981 0.5813577
vt 0.5498451 0.5996902
vt 0.5406789 0.6205962
vt 0.5329565 0.6437174
vt 0.5268102 0.668657
vt 0.522345 0.6949873
vt 0.5196363 0.7222573
vt 0.6103011 0.5267025
vt 0.5958533 0.5324458
vt 0.5819035 0.5419117
vt 0.5686908 0.5549392
vt 0.5564415 0.5713058
vt 0.5453656 0.5907313
vt 0.5356529 0.6128831
vt 0.5274696 0.6373816
vt 0.5209558 0.663807
vt 0.5162229 0.6917065
vt 0.5133512 0.7206023
vt 0.609704 0.5176301
vt 0.5946696 0.5236111
vt 0.5801543 0.5334657
vt 0.5664063 0.5470253
vt 0.5536608 0.5640578
vt 0.542136 0.5842718
vt 0.5320289 0.6073216
vt 0.5235127 0.6328126
vt 0.5167329 0.6603086
vt 0.5118056 0.6893393
vt 0.5088151 0.7194079
vt 0 0.5
vt 0.02083333 0.5
vt 0.04166667 0.5
vt 0.0625 0.5
vt 0.08333334 0.5
vt 0.1041667 0.5
vt 0.125 0.5
vt 0.1458333 0.5
vt 0.1666667 0.5
vt 0.1875 0.5
vt 0.2083333 0.5
vt 0.2291667 0.5
vt 0.25 0.5
vt 0 0.4960135
vt 0.02083333 0.4960138
vt 0.04166667 0.4960144
vt 0.0625 0.496015
vt 0.08333334 0.4960155
vt 0.1041667 0.4960158
vt 0.125 0.4960159
vt 0.1458333 0.4960158
vt 0.1666667 0.4960155
vt 0.1875 0.496015
vt 0.2083333 0.4960144
vt 0.2291667 0.4960138
vt 0.25 0.4960135
vt 0 0.4922923
vt 0.02083333 0.4922928
vt 0.04166667 0.4922937
vt 0.0625 0.4922945
vt 0.08333334 0.4922953
vt 0.1041667 0.4922957
vt 0.125 0.4922959
vt 0.1458333 0.4922957
vt 0.1666667 0.4922953
vt 0.1875 0.4922945
vt 0.2083333 0.4922937
vt 0.2291667 0.4922928
vt 0.25 0.4922923
vt 0 0.4887835
vt 0.02083333 0.488784
vt 0.04166667 0.4887848
vt 0.0625 0.4887857
vt 0.08333334 0.4887865
vt 0.1041667 0.4887869
vt 0.125 0.4887871
vt 0.1458333 0.4887869
vt 0.1666667 0.4887865
vt 0.1875 0.4887857
vt 0.2083333 0.4887848
vt 0.2291667 0.4887839
vt 0.25 0.4887835
vt 0 0.4854339
vt 0.02083333 0.4854342
vt 0.04166667 0.4854349
vt 0.0625 0.4854356
vt 0.08333334 0.4854362
vt 0.1041667 0.4854366
vt 0.125 0.4854367
vt 0.1458333 0.4854366
vt 0.1666667 0.4854362
vt 0.1875 0.4854356
vt 0.2083333 0.4854349
vt 0.2291667 0.4854342
vt 0.25 0.4854339
vt 0 0.4821904
vt 0.02083333 0.4821906
vt 0.04166667 0.482191
vt 0.0625 0.4821914
vt 0.08333334 0.4821917
vt 0.1041667 0.4821919
vt 0.125 0.4821919
vt 0.1458333 0.4821919
vt 0.1666667 0.4821917
vt 0.1875 0.4821914
vt 0.2083333 0.482191
vt 0.2291667 0.4821906
vt 0.25 0.4821904
vt 0 0.479
vt 0.02083333 0.479
vt 0.04166667 0.479
vt 0.0625 0.479
vt 0.08333334 0.479
vt 0.1041667 0.479
vt 0.125 0.479
vt 0.1458333 0.479
vt 0.1666667 0.479
vt 0.1875 0.479
vt 0.2083333 0.479
vt 0.2291667 0.479
vt 0.25 0.479
vt 0 0.4758096
vt 0.02083333 0.4758094
vt 0.04166667 0.475809
vt 0.0625 0.4758086
vt 0.08333334 0.4758083
vt 0.1041667 0.4758081
vt 0.125 0.4758081
vt 0.1458333 0.4758081
vt 0.1666667 0.4758083
vt 0.1875 0.4758086
vt 0.2083333 0.475809
vt 0.2291667 0.4758094
vt 0.25 0.4758096
vt 0 0.4725661
vt 0.02083333 0.4725658
vt 0.04166667 0.4725651
vt 0.0625 0.4725644
vt 0.08333334 0.4725638
vt 0.1041667 0.4725634
vt 0.125 0.4725633
vt 0.1458333 0.4725634
vt 0.1666667 0.4725638
vt 0.1875 0.4725644
vt 0.2083333 0.4725651
vt 0.2291667 0.4725658
vt 0.25 0.4725661
vt 0 0.4692165
vt 0.02083333 0.4692161
vt 0.04166667 0.4692152
vt 0.0625 0.4692143
vt 0.08333334 0.4692135
vt 0.1041667 0.4692131
vt 0.125 0.4692129
vt 0.1458333 0.4692131
vt 0.1666667 0.4692135
vt 0.1875 0.4692143
vt 0.2083333 0.4692152
vt 0.2291667 0.4692161
vt 0.25 0.4692165
vt 0 0.4657077
vt 0.02083333 0.4657072
vt 0.04166667 0.4657063
vt 0.0625 0.4657055
vt 0.08333334 0.4657047
vt 0.1041667 0.4657043
vt 0.125 0.4657041
vt 0.1458333 0.4657043
vt 0.1666667 0.4657047
vt 0.1875 0.4657055
vt 0.2083333 0.4657063
vt 0.2291667 0.4657072
vt 0.25 0.4657077
vt 0 0.4619865
vt 0.02083333 0.4619862
vt 0.04166667 0.4619856
vt 0.0625 0.461985
vt 0.08333334 0.4619845
vt 0.1041667 0.4619842
vt 0.125 0.4619841
vt 0.1458333 0.4619842
vt 0.1666667 0.4619845
vt 0.1875 0.461985
vt 0.2083333 0.4619856
vt 0.2291667 0.4619862
vt 0.25 0.4619865
vt 0 0.458
vt 0.02083333 0.458
vt 0.04166667 0.458
vt 0.0625 0.458
vt 0.08333334 0.458
vt 0.1041667 0.458
vt 0.125 0.458
vt 0.1458333 0.458
vt 0.1666667 0.458
vt 0.1875 0.458
vt 0.2083333 0.458
vt 0.2291667 0.458
vt 0.25 0.458
vt 0.2708333 0.5
vt 0.2916667 0.5
vt 0.3125 0.5
vt 0.3333333 0.5
vt 0.3541667 0.5
vt 0.375 0.5
vt 0.3958333 0.5
vt 0.4166667 0.5
vt 0.4375 0.5
vt 0.4583333 0.5
vt 0.4791667 0.5
vt 0.5 0.5
vt 0.2708333 0.4960138
vt 0.2916667 0.4960144
vt 0.3125 0.496015
vt 0.3333333 0.4960155
vt 0.3541667 0.4960158
vt 0.375 0.4960159
vt 0.3958333 0.4960158
vt 0.4166667 0.4960155
vt 0.4375 0.496015
vt 0.4583333 0.4960144
vt 0.4791667 0.4960138
vt 0.5 0.4960135
vt 0.2708333 0.4922928
vt 0.2916667 0.4922937
vt 0.3125 0.4922945
vt 0.3333333 0.4922953
vt 0.3541667 0.4922957
vt 0.375 0.4922959
vt 0.3958333 0.4922957
vt 0.4166667 0.4922953
vt 0.4375 0.4922945
vt 0.4583333 0.4922937
vt 0.4791667 0.4922928
vt 0.5 0.4922923
vt 0.2708333 0.488784
vt 0.2916667 0.4887848
vt 0.3125 0.4887857
vt 0.3333333 0.4887865
vt 0.3541667 0.4887869
vt 0.375 0.4887871
vt 0.3958333 0.4887869
vt 0.4166667 0.4887865
vt 0.4375 0.4887857
vt 0.4583333 0.4887848
vt 0.4791667 0.4887839
vt 0.5 0.4887835
vt 0.2708333 0.4854342
vt 0.2916667 0.4854349
vt 0.3125 0.4854356
vt 0.3333333 0.4854362
vt 0.3541667 0.4854366
vt 0.375 0.4854367
vt 0.3958333 0.4854366
vt 0.4166667 0.4854362
vt 0.4375 0.4854356
vt 0.4583333 0.4854349
vt 0.4791667 0.4854342
vt 0.5 0.4854339
vt 0.2708333 0.4821906
vt 0.2916667 0.482191
vt 0.3125 0.4821914
vt 0.3333333 0.4821917
vt 0.3541667 0.4821919
vt 0.375 0.4821919
vt 0.3958333 0.4821919
vt 0.4166667 0.4821917
vt 0.4375 0.4821914
vt 0.4583333 0.482191
vt 0.4791667 0.4821906
vt 0.5 0.4821904
vt 0.2708333 0.479
vt 0.2916667 0.479
vt 0.3125 0.479
vt 0.3333333 0.479
vt 0.3541667 0.479
vt 0.375 0.479
vt 0.3958333 0.479
vt 0.4166667 0.479
vt 0.4375 0.479
vt 0.4583333 0.479
vt 0.4791667 0.479
vt 0.5 0.479
vt 0.2708333 0.4758094
vt 0.2916667 0.475809
vt 0.3125 0.4758086
vt 0.3333333 0.4758083
vt 0.3541667 0.4758081
vt 0.375 0.4758081
vt 0.3958333 0.4758081
vt 0.4166667 0.4758083
vt 0.4375 0.4758086
vt 0.4583333 0.475809
vt 0.4791667 0.4758094
vt 0.5 0.4758096
vt 0.2708333 0.4725658
vt 0.2916667 0.4725651
vt 0.3125 0.4725644
vt 0.3333333 0.4725638
vt 0.3541667 0.4725634
vt 0.375 0.4725633
vt 0.3958333 0.4725634
vt 0.4166667 0.4725638
vt 0.4375 0.4725644
vt 0.4583333 0.4725651
vt 0.4791667 0.4725658
vt 0.5 0.4725661
vt 0.2708333 0.4692161
vt 0.2916667 0.4692152
vt 0.3125 0.4692143
vt 0.3333333 0.4692135
vt 0.3541667 0.4692131
vt 0.375 0.4692129
vt 0.3958333 0.4692131
vt 0.4166667 0.4692135
vt 0.4375 0.4692143
vt 0.4583333 0.4692152
vt 0.4791667 0.4692161
vt 0.5 0.4692165
vt 0.2708333 0.4657072
vt 0.2916667 0.4657063
vt 0.3125 0.4657055
vt 0.3333333 0.4657047
vt 0.3541667 0.4657043
vt 0.375 0.4657041
vt 0.3958333 0.4657043
vt 0.4166667 0.4657047
vt 0.4375 0.4657055
vt 0.4583333 0.4657063
vt 0.4791667 0.4657072
vt 0.5 0.4657077
vt 0.2708333 0.4619862
vt 0.2916667 0.4619856
vt 0.3125 0.461985
vt 0.3333333 0.4619845
vt 0.3541667 0.4619842
vt 0.375 0.4619841
vt 0.3958333 0.4619842
vt 0.4166667 0.4619845
vt 0.4375 0.461985
vt 0.4583333 0.4619856
vt 0.4791667 0.4619862
vt 0.5 0.4619865
vt 0.2708333 0.458
vt 0.2916667 0.458
vt 0.3125 0.458
vt 0.3333333 0.458
vt 0.3541667 0.458
vt 0.375 0.458
vt 0.3958333 0.458
vt 0.4166667 0.458
vt 0.4375 0.458
vt 0.4583333 0.458
vt 0.4791667 0.458
vt 0.5 0.458
vt 0.75 0.5
vt 0.7291666 0.5
vt 0.7083334 0.5
vt 0.6875 0.5
vt 0.6666666 0.5
vt 0.6458334 0.5
vt 0.625 0.5
vt 0.6041667 0.5
vt 0.5833333 0.5
vt 0.5625 0.5
vt 0.5416667 0.5
vt 0.5208333 0.5
vt 0.75 0.4960135
vt 0.7291666 0.4960138
vt 0.7083334 0.4960144
vt 0.6875 0.496015
vt 0.6666666 0.4960155
vt 0.6458334 0.4960158
vt 0.625 0.4960159
vt 0.6041667 0.4960158
vt 0.5833333 0.4960155
vt 0.5625 0.496015
vt 0.5416667 0.4960144
vt 0.5208333 0.4960138
vt 0.75 0.4922923
vt 0.7291666 0.4922928
vt 0.7083334 0.4922937
vt 0.6875 0.4922945
vt 0.6666666 0.4922953
vt 0.6458334 0.4922957
vt 0.625 0.4922959
vt 0.6041667 0.4922957
vt 0.5833333 0.4922953
vt 0.5625 0.4922945
vt 0.5416667 0.4922937
vt 0.5208333 0.4922928
vt 0.75 0.4887835
vt 0.7291666 0.488784
vt 0.7083334 0.4887848
vt 0.6875 0.4887857
vt 0.6666666 0.4887865
vt 0.6458334 0.4887869
vt 0.625 0.4887871
vt 0.6041667 0.4887869
vt 0.5833333 0.4887865
vt 0.5625 0.4887857
vt 0.5416667 0.4887848
vt 0.5208333 0.4887839
vt 0.75 0.4854339
vt 0.7291666 0.4854342
vt 0.7083334 0.4854349
vt 0.6875 0.4854356
vt 0.6666666 0.4854362
vt 0.6458334 0.4854366
vt 0.625 0.4854367
vt 0.6041667 0.4854366
vt 0.5833333 0.4854362
vt 0.5625 0.4854356
vt 0.5416667 0.4854349
vt 0.5208333 0.4854342
vt 0.75 0.4821904
vt 0.7291666 0.4821906
vt 0.7083334 0.482191
vt 0.6875 0.4821914
vt 0.6666666 0.4821917
vt 0.6458334 0.4821919
vt 0.625 0.4821919
vt 0.6041667 0.4821919
vt 0.5833333 0.4821917
vt 0.5625 0.4821914
vt 0.5416667 0.482191
vt 0.5208333 0.4821906
vt 0.75 0.479
vt 0.7291666 0.479
vt 0.7083334 0.479
vt 0.6875 0.479
vt 0.6666666 0.479
vt 0.6458334 0.479
vt 0.625 0.479
vt 0.6041667 0.479
vt 0.5833333 0.479
vt 0.5625 0.479
vt 0.5416667 0.479
vt 0.5208333 0.479
vt 0.75 0.4758096
vt 0.7291666 0.4758094
vt 0.7083334 0.475809
vt 0.6875 0.4758086
vt 0.6666666 0.4758083
vt 0.6458334 0.4758081
vt 0.625 0.4758081
vt 0.6041667 0.4758081
vt 0.5833333 0.4758083
vt 0.5625 0.4758086
vt 0.5416667 0.475809
vt 0.5208333 0.4758094
vt 0.75 0.4725661
vt 0.7291666 0.4725658
vt 0.7083334 0.4725651
vt 0.6875 0.4725644
vt 0.6666666 0.4725638
vt 0.6458334 0.4725634
vt 0.625 0.4725633
vt 0.6041667 0.4725634
vt 0.5833333 0.4725638
vt 0.5625 0.4725644
vt 0.5416667 0.4725651
vt 0.5208333 0.4725658
vt 0.75 0.4692165
vt 0.7291666 0.4692161
vt 0.7083334 0.4692152
vt 0.6875 0.4692143
vt 0.6666666 0.4692135
vt 0.6458334 0.4692131
vt 0.625 0.4692129
vt 0.6041667 0.4692131
vt 0.5833333 0.4692135
vt 0.5625 0.4692143
vt 0.5416667 0.4692152
vt 0.5208333 0.4692161
vt 0.75 0.4657077
vt 0.7291666 0.4657072
vt 0.7083334 0.4657063
vt 0.6875 0.4657055
vt 0.6666666 0.4657047
vt 0.6458334 0.4657043
vt 0.625 0.4657041
vt 0.6041667 0.4657043
vt 0.5833333 0.4657047
vt 0.5625 0.4657055
vt 0.5416667 0.4657063
vt 0.5208333 0.4657072
vt 0.75 0.4619865
vt 0.7291666 0.4619862
vt 0.7083334 0.4619856
vt 0.6875 0.461985
vt 0.6666666 0.4619845
vt 0.6458334 0.4619842
vt 0.625 0.4619841
vt 0.6041667 0.4619842
vt 0.5833333 0.4619845
vt 0.5625 0.461985
vt 0.5416667 0.4619856
vt 0.5208333 0.4619862
vt 0.75 0.458
vt 0.7291666 0.458
vt 0.7083334 0.458
vt 0.6875 0.458
vt 0.6666666 0.458
vt 0.6458334 0.458
vt 0.625 0.458
vt 0.6041667 0.458
vt 0.5833333 0.458
vt 0.5625 0.458
vt 0.5416667 0.458
vt 0.5208333 0.458
vt 1 0.5
vt 0.9791667 0.5
vt 0.9583333 0.5
vt 0.9375 0.5
vt 0.9166667 0.5
vt 0.8958333 0.5
vt 0.875 0.5
vt 0.8541667 0.5
vt 0.8333333 0.5
vt 0.8125 0.5
vt 0.7916667 0.5
vt 0.7708333 0.5
vt 1 0.4960135
vt 0.9791667 0.4960138
vt 0.9583333 0.4960144
vt 0.9375 0.496015
vt 0.9166667 0.4960155
vt 0.8958333 0.4960158
vt 0.875 0.4960159
vt 0.8541667 0.4960158
vt 0.8333333 0.4960155
vt 0.8125 0.496015
vt 0.7916667 0.4960144
vt 0.7708333 0.4960138
vt 1 0.4922923
vt 0.9791667 0.4922928
vt 0.9583333 0.4922937
vt 0.9375 0.4922945
vt 0.9166667 0.4922953
vt 0.8958333 0.4922957
vt 0.875 0.4922959
vt 0.8541667 0.4922957
vt 0.8333333 0.4922953
vt 0.8125 0.4922945
vt 0.7916667 0.4922937
vt 0.7708333 0.4922928
vt 1 0.4887835
vt 0.9791667 0.488784
vt 0.9583333 0.4887848
vt 0.9375 0.4887857
vt 0.9166667 0.4887865
vt 0.8958333 0.4887869
vt 0.875 0.4887871
vt 0.8541667 0.4887869
vt 0.8333333 0.4887865
vt 0.8125 0.4887857
vt 0.7916667 0.4887848
vt 0.7708333 0.4887839
vt 1 0.4854339
vt 0.9791667 0.4854342
vt 0.9583333 0.4854349
vt 0.9375 0.4854356
vt 0.9166667 0.4854362
vt 0.8958333 0.4854366
vt 0.875 0.4854367
vt 0.8541667 0.4854366
vt 0.8333333 0.4854362
vt 0.8125 0.4854356
vt 0.7916667 0.4854349
vt 0.7708333 0.4854342
vt 1 0.4821904
vt 0.9791667 0.4821906
vt 0.9583333 0.482191
vt 0.9375 0.4821914
vt 0.9166667 0.4821917
vt 0.8958333 0.4821919
vt 0.875 0.4821919
vt 0.8541667 0.4821919
vt 0.8333333 0.4821917
vt 0.8125 0.4821914
vt 0.7916667 0.482191
vt 0.7708333 0.4821906
vt 1 0.479
vt 0.9791667 0.479
vt 0.9583333 0.479
vt 0.9375 0.479
vt 0.9166667 0.479
vt 0.8958333 0.479
vt 0.875 0.479
vt 0.8541667 0.479
vt 0.8333333 0.479
vt 0.8125 0.479
vt 0.7916667 0.479
vt 0.7708333 0.479
vt 1 0.4758096
vt 0.9791667 0.4758094
vt 0.9583333 0.475809
vt 0.9375 0.4758086
vt 0.9166667 0.4758083
vt 0.8958333 0.4758081
vt 0.875 0.4758081
vt 0.8541667 0.4758081
vt 0.8333333 0.4758083
vt 0.8125 0.4758086
vt 0.7916667 0.475809
vt 0.7708333 0.4758094
vt 1 0.4725661
vt 0.9791667 0.4725658
vt 0.9583333 0.4725651
vt 0.9375 0.4725644
vt 0.9166667 0.4725638
vt 0.8958333 0.4725634
vt 0.875 0.4725633
vt 0.8541667 0.4725634
vt 0.8333333 0.4725638
vt 0.8125 0.4725644
vt 0.7916667 0.4725651
vt 0.7708333 0.4725658
vt 1 0.4692165
vt 0.9791667 0.4692161
vt 0.9583333 0.4692152
vt 0.9375 0.4692143
vt 0.9166667 0.4692135
vt 0.8958333 0.4692131
vt 0.875 0.4692129
vt 0.8541667 0.4692131
vt 0.8333333 0.4692135
vt 0.8125 0.4692143
vt 0.7916667 0.4692152
vt 0.7708333 0.4692161
vt 1 0.4657077
vt 0.9791667 0.4657072
vt 0.9583333 0.4657063
vt 0.9375 0.4657055
vt 0.9166667 0.4657047
vt 0.8958333 0.4657043
vt 0.875 0.4657041
vt 0.8541667 0.4657043
vt 0.8333333 0.4657047
vt 0.8125 0.4657055
vt 0.7916667 0.4657063
vt 0.7708333 0.4657072
vt 1 0.4619865
vt 0.9791667 0.4619862
vt 0.9583333 0.4619856
vt 0.9375 0.461985
vt 0.9166667 0.4619845
vt 0.8958333 0.4619842
vt 0.875 0.4619841
vt 0.8541667 0.4619842
vt 0.8333333 0.4619845
vt 0.8125 0.461985
vt 0.7916667 0.4619856
vt 0.7708333 0.4619862
vt 1 0.458
vt 0.9791667 0.458
vt 0.9583333 0.458
vt 0.9375 0.458
vt 0.9166667 0.458
vt 0.8958333 0.458
vt 0.875 0.458
vt 0.8541667 0.458
vt 0.8333333 0.458
vt 0.8125 0.458
vt 0.7916667 0.458
vt 0.7708333 0.458
vt 0 0.4411758
vt 0.02083333 0.4411756
vt 0.04166667 0.441175
vt 0.0625 0.4411744
vt 0.08333334 0.441174
vt 0.1041667 0.4411737
vt 0.125 0.4411736
vt 0.1458333 0.4411737
vt 0.1666667 0.441174
vt 0.1875 0.4411744
vt 0.2083333 0.441175
vt 0.2291667 0.4411756
vt 0.25 0.4411758
vt 0 0.4243968
vt 0.02083333 0.4243962
vt 0.04166667 0.4243951
vt 0.0625 0.4243941
vt 0.08333334 0.4243931
vt 0.1041667 0.4243926
vt 0.125 0.4243924
vt 0.1458333 0.4243926
vt 0.1666667 0.4243932
vt 0.1875 0.4243941
vt 0.2083333 0.4243951
vt 0.2291667 0.4243962
vt 0.25 0.4243968
vt 0 0.4077078
vt 0.02083333 0.407707
vt 0.04166667 0.4077055
vt 0.0625 0.4077039
vt 0.08333334 0.4077026
vt 0.1041667 0.4077018
vt 0.125 0.4077015
vt 0.1458333 0.4077017
vt 0.1666667 0.4077026
vt 0.1875 0.4077039
vt 0.2083333 0.4077055
vt 0.2291667 0.407707
vt 0.25 0.4077078
vt 0 0.3911541
vt 0.02083333 0.3911531
vt 0.04166667 0.3911511
vt 0.0625 0.3911491
vt 0.08333334 0.3911475
vt 0.1041667 0.3911464
vt 0.125 0.3911461
vt 0.1458333 0.3911464
vt 0.1666667 0.3911475
vt 0.1875 0.3911491
vt 0.2083333 0.3911511
vt 0.2291667 0.3911531
vt 0.25 0.3911541
vt 0 0.3747806
vt 0.02083333 0.3747795
vt 0.04166667 0.3747772
vt 0.0625 0.3747749
vt 0.08333334 0.3747729
vt 0.1041667 0.3747717
vt 0.125 0.3747713
vt 0.1458333 0.3747717
vt 0.1666667 0.3747729
vt 0.1875 0.3747749
vt 0.2083333 0.3747772
vt 0.2291667 0.3747795
vt 0.25 0.3747806
vt 0 0.3586324
vt 0.02083333 0.3586313
vt 0.04166667 0.3586288
vt 0.0625 0.3586262
vt 0.08333334 0.3586242
vt 0.1041667 0.3586228
vt 0.125 0.3586224
vt 0.1458333 0.3586228
vt 0.1666667 0.3586242
vt 0.1875 0.3586262
vt 0.2083333 0.3586288
vt 0.2291667 0.3586313
vt 0.25 0.3586324
vt 0 0.3427548
vt 0.02083333 0.3427535
vt 0.04166667 0.342751
vt 0.0625 0.3427483
vt 0.08333334 0.3427463
vt 0.1041667 0.3427448
vt 0.125 0.3427444
vt 0.1458333 0.3427448
vt 0.1666667 0.3427463
vt 0.1875 0.3427483
vt 0.2083333 0.342751
vt 0.2291667 0.3427535
vt 0.25 0.3427548
vt 0 0.3271925
vt 0.02083333 0.3271914
vt 0.04166667 0.3271889
vt 0.0625 0.3271864
vt 0.08333334 0.3271843
vt 0.1041667 0.327183
vt 0.125 0.3271826
vt 0.1458333 0.327183
vt 0.1666667 0.3271843
vt 0.1875 0.3271864
vt 0.2083333 0.3271889
vt 0.2291667 0.3271914
vt 0.25 0.3271925
vt 0 0.3119909
vt 0.02083333 0.3119898
vt 0.04166667 0.3119877
vt 0.0625 0.3119854
vt 0.08333334 0.3119836
vt 0.1041667 0.3119825
vt 0.125 0.311982
vt 0.1458333 0.3119825
vt 0.1666667 0.3119836
vt 0.1875 0.3119854
vt 0.2083333 0.3119877
vt 0.2291667 0.3119898
vt 0.25 0.3119909
vt 0 0.2971949
vt 0.02083333 0.2971941
vt 0.04166667 0.2971924
vt 0.0625 0.2971907
vt 0.08333334 0.2971892
vt 0.1041667 0.2971883
vt 0.125 0.297188
vt 0.1458333 0.2971883
vt 0.1666667 0.2971892
vt 0.1875 0.2971907
vt 0.2083333 0.2971924
vt 0.2291667 0.2971941
vt 0.25 0.2971949
vt 0 0.2828496
vt 0.02083333 0.2828491
vt 0.04166667 0.2828481
vt 0.0625 0.2828471
vt 0.08333334 0.2828463
vt 0.1041667 0.2828458
vt 0.125 0.2828456
vt 0.1458333 0.2828458
vt 0.1666667 0.2828463
vt 0.1875 0.2828471
vt 0.2083333 0.2828481
vt 0.2291667 0.2828491
vt 0.25 0.2828496
vt 0 0.269
vt 0.02083333 0.269
vt 0.04166667 0.269
vt 0.0625 0.269
vt 0.08333334 0.269
vt 0.1041667 0.269
vt 0.125 0.269
vt 0.1458333 0.269
vt 0.1666667 0.269
vt 0.1875 0.269
vt 0.2083333 0.269
vt 0.2291667 0.269
vt 0.25 0.269
vt 0.2708333 0.4411756
vt 0.2916667 0.441175
vt 0.3125 0.4411744
vt 0.3333333 0.441174
vt 0.3541667 0.4411737
vt 0.375 0.4411736
vt 0.3958333 0.4411737
vt 0.4166667 0.441174
vt 0.4375 0.4411744
vt 0.4583333 0.441175
vt 0.4791667 0.4411756
vt 0.5 0.4411758
vt 0.2708333 0.4243962
vt 0.2916667 0.4243951
vt 0.3125 0.4243941
vt 0.3333333 0.4243931
vt 0.3541667 0.4243926
vt 0.375 0.4243924
vt 0.3958333 0.4243926
vt 0.4166667 0.4243932
vt 0.4375 0.4243941
vt 0.4583333 0.4243951
vt 0.4791667 0.4243962
vt 0.5 0.4243968
vt 0.2708333 0.407707
vt 0.2916667 0.4077055
vt 0.3125 0.4077039
vt 0.3333333 0.4077026
vt 0.3541667 0.4077018
vt 0.375 0.4077015
vt 0.3958333 0.4077017
vt 0.4166667 0.4077026
vt 0.4375 0.4077039
vt 0.4583333 0.4077055
vt 0.4791667 0.407707
vt 0.5 0.4077078
vt 0.2708333 0.3911531
vt 0.2916667 0.3911511
vt 0.3125 0.3911491
vt 0.3333333 0.3911475
vt 0.3541667 0.3911464
vt 0.375 0.3911461
vt 0.3958333 0.3911464
vt 0.4166667 0.3911475
vt 0.4375 0.3911491
vt 0.4583333 0.3911511
vt 0.4791667 0.3911531
vt 0.5 0.3911541
vt 0.2708333 0.3747795
vt 0.2916667 0.3747772
vt 0.3125 0.3747749
vt 0.3333333 0.3747729
vt 0.3541667 0.3747717
vt 0.375 0.3747713
vt 0.3958333 0.3747717
vt 0.4166667 0.3747729
vt 0.4375 0.3747749
vt 0.4583333 0.3747772
vt 0.4791667 0.3747795
vt 0.5 0.3747806
vt 0.2708333 0.3586313
vt 0.2916667 0.3586288
vt 0.3125 0.3586262
vt 0.3333333 0.3586242
vt 0.3541667 0.3586228
vt 0.375 0.3586224
vt 0.3958333 0.3586228
vt 0.4166667 0.3586242
vt 0.4375 0.3586262
vt 0.4583333 0.3586288
vt 0.4791667 0.3586313
vt 0.5 0.3586324
vt 0.2708333 0.3427535
vt 0.2916667 0.342751
vt 0.3125 0.3427483
vt 0.3333333 0.3427463
vt 0.3541667 0.3427448
vt 0.375 0.3427444
vt 0.3958333 0.3427448
vt 0.4166667 0.3427463
vt 0.4375 0.3427483
vt 0.4583333 0.342751
vt 0.4791667 0.3427535
vt 0.5 0.3427548
vt 0.2708333 0.3271914
vt 0.2916667 0.3271889
vt 0.3125 0.3271864
vt 0.3333333 0.3271843
vt 0.3541667 0.327183
vt 0.375 0.3271826
vt 0.3958333 0.327183
vt 0.4166667 0.3271843
vt 0.4375 0.3271864
vt 0.4583333 0.3271889
vt 0.4791667 0.3271914
vt 0.5 0.3271925
vt 0.2708333 0.3119898
vt 0.2916667 0.3119877
vt 0.3125 0.3119854
vt 0.3333333 0.3119836
vt 0.3541667 0.3119825
vt 0.375 0.311982
vt 0.3958333 0.3119825
vt 0.4166667 0.3119836
vt 0.4375 0.3119854
vt 0.4583333 0.3119877
vt 0.4791667 0.3119898
vt 0.5 0.3119909
vt 0.2708333 0.2971941
vt 0.2916667 0.2971924
vt 0.3125 0.2971907
vt 0.3333333 0.2971892
vt 0.3541667 0.2971883
vt 0.375 0.297188
vt 0.3958333 0.2971883
vt 0.4166667 0.2971892
vt 0.4375 0.2971907
vt 0.4583333 0.2971924
vt 0.4791667 0.2971941
vt 0.5 0.2971949
vt 0.2708333 0.2828491
vt 0.2916667 0.2828481
vt 0.3125 0.2828471
vt 0.3333333 0.2828463
vt 0.3541667 0.2828458
vt 0.375 0.2828456
vt 0.3958333 0.2828458
vt 0.4166667 0.2828463
vt 0.4375 0.2828471
vt 0.4583333 0.2828481
vt 0.4791667 0.2828491
vt 0.5 0.2828496
vt 0.2708333 0.269
vt 0.2916667 0.269
vt 0.3125 0.269
vt 0.3333333 0.269
vt 0.3541667 0.269
vt 0.375 0.269
vt 0.3958333 0.269
vt 0.4166667 0.269
vt 0.4375 0.269
vt 0.4583333 0.269
vt 0.4791667 0.269
vt 0.5 0.269
vt 0.75 0.4411758
vt 0.7291666 0.4411756
vt 0.7083334 0.441175
vt 0.6875 0.4411744
vt 0.6666666 0.441174
vt 0.6458334 0.4411737
vt 0.625 0.4411736
vt 0.6041667 0.4411737
vt 0.5833333 0.441174
vt 0.5625 0.4411744
vt 0.5416667 0.441175
vt 0.5208333 0.4411756
vt 0.75 0.4243968
vt 0.7291666 0.4243962
vt 0.7083334 0.4243951
vt 0.6875 0.4243941
vt 0.6666666 0.4243931
vt 0.6458334 0.4243926
vt 0.625 0.4243924
vt 0.6041667 0.4243926
vt 0.5833333 0.4243932
vt 0.5625 0.4243941
vt 0.5416667 0.4243951
vt 0.5208333 0.4243962
vt 0.75 0.4077078
vt 0.7291666 0.407707
vt 0.7083334 0.4077055
vt 0.6875 0.4077039
vt 0.6666666 0.4077026
vt 0.6458334 0.4077018
vt 0.625 0.4077015
vt 0.6041667 0.4077017
vt 0.5833333 0.4077026
vt 0.5625 0.4077039
vt 0.5416667 0.4077055
vt 0.5208333 0.407707
vt 0.75 0.3911541
vt 0.7291666 0.3911531
vt 0.7083334 0.3911511
vt 0.6875 0.3911491
vt 0.6666666 0.3911475
vt 0.6458334 0.3911464
vt 0.625 0.3911461
vt 0.6041667 0.3911464
vt 0.5833333 0.3911475
vt 0.5625 0.3911491
vt 0.5416667 0.3911511
vt 0.5208333 0.3911531
vt 0.75 0.3747806
vt 0.7291666 0.3747795
vt 0.7083334 0.3747772
vt 0.6875 0.3747749
vt 0.6666666 0.3747729
vt 0.6458334 0.3747717
vt 0.625 0.3747713
vt 0.6041667 0.3747717
vt 0.5833333 0.3747729
vt 0.5625 0.3747749
vt 0.5416667 0.3747772
vt 0.5208333 0.3747795
vt 0.75 0.3586324
vt 0.7291666 0.3586313
vt 0.7083334 0.3586288
vt 0.6875 0.3586262
vt 0.6666666 0.3586242
vt 0.6458334 0.3586228
vt 0.625 0.3586224
vt 0.6041667 0.3586228
vt 0.5833333 0.3586242
vt 0.5625 0.3586262
vt 0.5416667 0.3586288
vt 0.5208333 0.3586313
vt 0.75 0.3427548
vt 0.7291666 0.3427535
vt 0.7083334 0.342751
vt 0.6875 0.3427483
vt 0.6666666 0.3427463
vt 0.6458334 0.3427448
vt 0.625 0.3427444
vt 0.6041667 0.3427448
vt 0.5833333 0.3427463
vt 0.5625 0.3427483
vt 0.5416667 0.342751
vt 0.5208333 0.3427535
vt 0.75 0.3271925
vt 0.7291666 0.3271914
vt 0.7083334 0.3271889
vt 0.6875 0.3271864
vt 0.6666666 0.3271843
vt 0.6458334 0.327183
vt 0.625 0.3271826
vt 0.6041667 0.327183
vt 0.5833333 0.3271843
vt 0.5625 0.3271864
vt 0.5416667 0.3271889
vt 0.5208333 0.3271914
vt 0.75 0.3119909
vt 0.7291666 0.3119898
vt 0.7083334 0.3119877
vt 0.6875 0.3119854
vt 0.6666666 0.3119836
vt 0.6458334 0.3119825
vt 0.625 0.311982
vt 0.6041667 0.3119825
vt 0.5833333 0.3119836
vt 0.5625 0.3119854
vt 0.5416667 0.3119877
vt 0.5208333 0.3119898
vt 0.75 0.2971949
vt 0.7291666 0.2971941
vt 0.7083334 0.2971924
vt 0.6875 0.2971907
vt 0.6666666 0.2971892
vt 0.6458334 0.2971883
vt 0.625 0.297188
vt 0.6041667 0.2971883
vt 0.5833333 0.2971892
vt 0.5625 0.2971907
vt 0.5416667 0.2971924
vt 0.5208333 0.2971941
vt 0.75 0.2828496
vt 0.7291666 0.2828491
vt 0.7083334 0.2828481
vt 0.6875 0.2828471
vt 0.6666666 0.2828463
vt 0.6458334 0.2828458
vt 0.625 0.2828456
vt 0.6041667 0.2828458
vt 0.5833333 0.2828463
vt 0.5625 0.2828471
vt 0.5416667 0.2828481
vt 0.5208333 0.2828491
vt 0.75 0.269
vt 0.7291666 0.269
vt 0.7083334 0.269
vt 0.6875 0.269
vt 0.6666666 0.269
vt 0.6458334 0.269
vt 0.625 0.269
vt 0.6041667 0.269
vt 0.5833333 0.269
vt 0.5625 0.269
vt 0.5416667 0.269
vt 0.5208333 0.269
vt 1 0.4411758
vt 0.9791667 0.4411756
vt 0.9583333 0.441175
vt 0.9375 0.4411744
vt 0.9166667 0.441174
vt 0.8958333 0.4411737
vt 0.875 0.4411736
vt 0.8541667 0.4411737
vt 0.8333333 0.441174
vt 0.8125 0.4411744
vt 0.7916667 0.441175
vt 0.7708333 0.4411756
vt 1 0.4243968
vt 0.9791667 0.4243962
vt 0.9583333 0.4243951
vt 0.9375 0.4243941
vt 0.9166667 0.4243931
vt 0.8958333 0.4243926
vt 0.875 0.4243924
vt 0.8541667 0.4243926
vt 0.8333333 0.4243932
vt 0.8125 0.4243941
vt 0.7916667 0.4243951
vt 0.7708333 0.4243962
vt 1 0.4077078
vt 0.9791667 0.407707
vt 0.9583333 0.4077055
vt 0.9375 0.4077039
vt 0.9166667 0.4077026
vt 0.8958333 0.4077018
vt 0.875 0.4077015
vt 0.8541667 0.4077017
vt 0.8333333 0.4077026
vt 0.8125 0.4077039
vt 0.7916667 0.4077055
vt 0.7708333 0.407707
vt 1 0.3911541
vt 0.9791667 0.3911531
vt 0.9583333 0.3911511
vt 0.9375 0.3911491
vt 0.9166667 0.3911475
vt 0.8958333 0.3911464
vt 0.875 0.3911461
vt 0.8541667 0.3911464
vt 0.8333333 0.3911475
vt 0.8125 0.3911491
vt 0.7916667 0.3911511
vt 0.7708333 0.3911531
vt 1 0.3747806
vt 0.9791667 0.3747795
vt 0.9583333 0.3747772
vt 0.9375 0.3747749
vt 0.9166667 0.3747729
vt 0.8958333 0.3747717
vt 0.875 0.3747713
vt 0.8541667 0.3747717
vt 0.8333333 0.3747729
vt 0.8125 0.3747749
vt 0.7916667 0.3747772
vt 0.7708333 0.3747795
vt 1 0.3586324
vt 0.9791667 0.3586313
vt 0.9583333 0.3586288
vt 0.9375 0.3586262
vt 0.9166667 0.3586242
vt 0.8958333 0.3586228
vt 0.875 0.3586224
vt 0.8541667 0.3586228
vt 0.8333333 0.3586242
vt 0.8125 0.3586262
vt 0.7916667 0.3586288
vt 0.7708333 0.3586313
vt 1 0.3427548
vt 0.9791667 0.3427535
vt 0.9583333 0.342751
vt 0.9375 0.3427483
vt 0.9166667 0.3427463
vt 0.8958333 0.3427448
vt 0.875 0.3427444
vt 0.8541667 0.3427448
vt 0.8333333 0.3427463
vt 0.8125 0.3427483
vt 0.7916667 0.342751
vt 0.7708333 0.3427535
vt 1 0.3271925
vt 0.9791667 0.3271914
vt 0.9583333 0.3271889
vt 0.9375 0.3271864
vt 0.9166667 0.3271843
vt 0.8958333 0.327183
vt 0.875 0.3271826
vt 0.8541667 0.327183
vt 0.8333333 0.3271843
vt 0.8125 0.3271864
vt 0.7916667 0.3271889
vt 0.7708333 0.3271914
vt 1 0.3119909
vt 0.9791667 0.3119898
vt 0.9583333 0.3119877
vt 0.9375 0.3119854
vt 0.9166667 0.3119836
vt 0.8958333 0.3119825
vt 0.875 0.311982
vt 0.8541667 0.3119825
vt 0.8333333 0.3119836
vt 0.8125 0.3119854
vt 0.7916667 0.3119877
vt 0.7708333 0.3119898
vt 1 0.2971949
vt 0.9791667 0.2971941
vt 0.9583333 0.2971924
vt 0.9375 0.2971907
vt 0.9166667 0.2971892
vt 0.8958333 0.2971883
vt 0.875 0.297188
vt 0.8541667 0.2971883
vt 0.8333333 0.2971892
vt 0.8125 0.2971907
vt 0.7916667 0.2971924
vt 0.7708333 0.2971941
vt 1 0.2828496
vt 0.9791667 0.2828491
vt 0.9583333 0.2828481
vt 0.9375 0.2828471
vt 0.9166667 0.2828463
vt 0.8958333 0.2828458
vt 0.875 0.2828456
vt 0.8541667 0.2828458
vt 0.8333333 0.2828463
vt 0.8125 0.2828471
vt 0.7916667 0.2828481
vt 0.7708333 0.2828491
vt 1 0.269
vt 0.9791667 0.269
vt 0.9583333 0.269
vt 0.9375 0.269
vt 0.9166667 0.269
vt 0.8958333 0.269
vt 0.875 0.269
vt 0.8541667 0.269
vt 0.8333333 0.269
vt 0.8125 0.269
vt 0.7916667 0.269
vt 0.7708333 0.269
vt 0 0.255146
vt 0.02083333 0.2551479
vt 0.04166667 0.2551517
vt 0.0625 0.2551557
vt 0.08333334 0.255159
vt 0.1041667 0.255161
vt 0.125 0.2551617
vt 0.1458333 0.255161
vt 0.1666667 0.255159
vt 0.1875 0.2551557
vt 0.2083333 0.2551517
vt 0.2291667 0.2551479
vt 0.25 0.255146
vt 0 0.2415075
vt 0.02083333 0.2415105
vt 0.04166667 0.2415167
vt 0.0625 0.2415233
vt 0.08333334 0.2415285
vt 0.1041667 0.2415318
vt 0.125 0.241533
vt 0.1458333 0.2415318
vt 0.1666667 0.2415285
vt 0.1875 0.2415233
vt 0.2083333 0.2415167
vt 0.2291667 0.2415105
vt 0.25 0.2415075
vt 0 0.2282345
vt 0.02083333 0.2282381
vt 0.04166667 0.2282455
vt 0.0625 0.2282532
vt 0.08333334 0.2282595
vt 0.1041667 0.2282634
vt 0.125 0.2282648
vt 0.1458333 0.2282634
vt 0.1666667 0.2282595
vt 0.1875 0.2282532
vt 0.2083333 0.2282455
vt 0.2291667 0.2282381
vt 0.25 0.2282345
vt 0 0.2154772
vt 0.02083333 0.2154809
vt 0.04166667 0.2154885
vt 0.0625 0.2154964
vt 0.08333334 0.2155028
vt 0.1041667 0.2155069
vt 0.125 0.2155082
vt 0.1458333 0.2155069
vt 0.1666667 0.2155028
vt 0.1875 0.2154964
vt 0.2083333 0.2154885
vt 0.2291667 0.2154809
vt 0.25 0.2154772
vt 0 0.2033858
vt 0.02083333 0.2033892
vt 0.04166667 0.2033962
vt 0.0625 0.2034035
vt 0.08333334 0.2034093
vt 0.1041667 0.2034131
vt 0.125 0.2034143
vt 0.1458333 0.2034131
vt 0.1666667 0.2034093
vt 0.1875 0.2034035
vt 0.2083333 0.2033962
vt 0.2291667 0.2033892
vt 0.25 0.2033858
vt 0 0.1921104
vt 0.02083333 0.1921132
vt 0.04166667 0.192119
vt 0.0625 0.1921251
vt 0.08333334 0.19213
vt 0.1041667 0.1921331
vt 0.125 0.1921341
vt 0.1458333 0.1921331
vt 0.1666667 0.19213
vt 0.1875 0.1921251
vt 0.2083333 0.192119
vt 0.2291667 0.1921132
vt 0.25 0.1921104
vt 0 0.181801
vt 0.02083333 0.1818031
vt 0.04166667 0.1818075
vt 0.0625 0.181812
vt 0.08333334 0.1818156
vt 0.1041667 0.1818179
vt 0.125 0.1818187
vt 0.1458333 0.1818179
vt 0.1666667 0.1818156
vt 0.1875 0.181812
vt 0.2083333 0.1818075
vt 0.2291667 0.1818031
vt 0.25 0.181801
vt 0 0.1726079
vt 0.02083333 0.1726092
vt 0.04166667 0.172612
vt 0.0625 0.1726148
vt 0.08333334 0.1726172
vt 0.1041667 0.1726186
vt 0.125 0.1726191
vt 0.1458333 0.1726186
vt 0.1666667 0.1726172
vt 0.1875 0.1726148
vt 0.2083333 0.172612
vt 0.2291667 0.1726092
vt 0.25 0.1726079
vt 0 0.1646811
vt 0.02083333 0.1646817
vt 0.04166667 0.164683
vt 0.0625 0.1646844
vt 0.08333334 0.1646855
vt 0.1041667 0.1646862
vt 0.125 0.1646864
vt 0.1458333 0.1646862
vt 0.1666667 0.1646855
vt 0.1875 0.1646844
vt 0.2083333 0.164683
vt 0.2291667 0.1646817
vt 0.25 0.1646811
vt 0 0.1581707
vt 0.02083333 0.1581708
vt 0.04166667 0.1581711
vt 0.0625 0.1581713
vt 0.08333334 0.1581715
vt 0.1041667 0.1581716
vt 0.125 0.1581716
vt 0.1458333 0.1581716
vt 0.1666667 0.1581715
vt 0.1875 0.1581713
vt 0.2083333 0.1581711
vt 0.2291667 0.1581708
vt 0.25 0.1581707
vt 0 0.153227
vt 0.02083333 0.1532269
vt 0.04166667 0.1532266
vt 0.0625 0.1532263
vt 0.08333334 0.153226
vt 0.1041667 0.1532258
vt 0.125 0.1532258
vt 0.1458333 0.1532258
vt 0.1666667 0.153226
vt 0.1875 0.1532263
vt 0.2083333 0.1532266
vt 0.2291667 0.1532269
vt 0.25 0.153227
vt 0 0.15
vt 0.02083333 0.15
vt 0.04166667 0.15
vt 0.0625 0.15
vt 0.08333334 0.15
vt 0.1041667 0.15
vt 0.125 0.15
vt 0.1458333 0.15
vt 0.1666667 0.15
vt 0.1875 0.15
vt 0.2083333 0.15
vt 0.2291667 0.15
vt 0.25 0.15
vt 0.2708333 0.2551479
vt 0.2916667 0.2551517
vt 0.3125 0.2551557
vt 0.3333333 0.255159
vt 0.3541667 0.255161
vt 0.375 0.2551617
vt 0.3958333 0.255161
vt 0.4166667 0.255159
vt 0.4375 0.2551557
vt 0.4583333 0.2551517
vt 0.4791667 0.2551479
vt 0.5 0.255146
vt 0.2708333 0.2415105
vt 0.2916667 0.2415167
vt 0.3125 0.2415233
vt 0.3333333 0.2415285
vt 0.3541667 0.2415318
vt 0.375 0.241533
vt 0.3958333 0.2415318
vt 0.4166667 0.2415285
vt 0.4375 0.2415233
vt 0.4583333 0.2415167
vt 0.4791667 0.2415105
vt 0.5 0.2415075
vt 0.2708333 0.2282381
vt 0.2916667 0.2282455
vt 0.3125 0.2282532
vt 0.3333333 0.2282595
vt 0.3541667 0.2282634
vt 0.375 0.2282648
vt 0.3958333 0.2282634
vt 0.4166667 0.2282595
vt 0.4375 0.2282532
vt 0.4583333 0.2282455
vt 0.4791667 0.2282381
vt 0.5 0.2282345
vt 0.2708333 0.2154809
vt 0.2916667 0.2154885
vt 0.3125 0.2154964
vt 0.3333333 0.2155028
vt 0.3541667 0.2155069
vt 0.375 0.2155082
vt 0.3958333 0.2155069
vt 0.4166667 0.2155028
vt 0.4375 0.2154964
vt 0.4583333 0.2154885
vt 0.4791667 0.2154809
vt 0.5 0.2154772
vt 0.2708333 0.2033892
vt 0.2916667 0.2033962
vt 0.3125 0.2034035
vt 0.3333333 0.2034093
vt 0.3541667 0.2034131
vt 0.375 0.2034143
vt 0.3958333 0.2034131
vt 0.4166667 0.2034093
vt 0.4375 0.2034035
vt 0.4583333 0.2033962
vt 0.4791667 0.2033892
vt 0.5 0.2033858
vt 0.2708333 0.1921132
vt 0.2916667 0.192119
vt 0.3125 0.1921251
vt 0.3333333 0.19213
vt 0.3541667 0.1921331
vt 0.375 0.1921341
vt 0.3958333 0.1921331
vt 0.4166667 0.19213
vt 0.4375 0.1921251
vt 0.4583333 0.192119
vt 0.4791667 0.1921132
vt 0.5 0.1921104
vt 0.2708333 0.1818031
vt 0.2916667 0.1818075
vt 0.3125 0.181812
vt 0.3333333 0.1818156
vt 0.3541667 0.1818179
vt 0.375 0.1818187
vt 0.3958333 0.1818179
vt 0.4166667 0.1818156
vt 0.4375 0.181812
vt 0.4583333 0.1818075
vt 0.4791667 0.1818031
vt 0.5 0.181801
vt 0.2708333 0.1726092
vt 0.2916667 0.172612
vt 0.3125 0.1726148
vt 0.3333333 0.1726172
vt 0.3541667 0.1726186
vt 0.375 0.1726191
vt 0.3958333 0.1726186
vt 0.4166667 0.1726172
vt 0.4375 0.1726148
vt 0.4583333 0.172612
vt 0.4791667 0.1726092
vt 0.5 0.1726079
vt 0.2708333 0.1646817
vt 0.2916667 0.164683
vt 0.3125 0.1646844
vt 0.3333333 0.1646855
vt 0.3541667 0.1646862
vt 0.375 0.1646864
vt 0.3958333 0.1646862
vt 0.4166667 0.1646855
vt 0.4375 0.1646844
vt 0.4583333 0.164683
vt 0.4791667 0.1646817
vt 0.5 0.1646811
vt 0.2708333 0.1581708
vt 0.2916667 0.1581711
vt 0.3125 0.1581713
vt 0.3333333 0.1581715
vt 0.3541667 0.1581716
vt 0.375 0.1581716
vt 0.3958333 0.1581716
vt 0.4166667 0.1581715
vt 0.4375 0.1581713
vt 0.4583333 0.1581711
vt 0.4791667 0.1581708
vt 0.5 0.1581707
vt 0.2708333 0.1532269
vt 0.2916667 0.1532266
vt 0.3125 0.1532263
vt 0.3333333 0.153226
vt 0.3541667 0.1532258
vt 0.375 0.1532258
vt 0.3958333 0.1532258
vt 0.4166667 0.153226
vt 0.4375 0.1532263
vt 0.4583333 0.1532266
vt 0.4791667 0.1532269
vt 0.5 0.153227
vt 0.2708333 0.15
vt 0.2916667 0.15
vt 0.3125 0.15
vt 0.3333333 0.15
vt 0.3541667 0.15
vt 0.375 0.15
vt 0.3958333 0.15
vt 0.4166667 0.15
vt 0.4375 0.15
vt 0.4583333 0.15
vt 0.4791667 0.15
vt 0.5 0.15
vt 0.75 0.255146
vt 0.7291666 0.2551479
vt 0.7083334 0.2551517
vt 0.6875 0.2551557
vt 0.6666666 0.255159
vt 0.6458334 0.255161
vt 0.625 0.2551617
vt 0.6041667 0.255161
vt 0.5833333 0.255159
vt 0.5625 0.2551557
vt 0.5416667 0.2551517
vt 0.5208333 0.2551479
vt 0.75 0.2415075
vt 0.7291666 0.2415105
vt 0.7083334 0.2415167
vt 0.6875 0.2415233
vt 0.6666666 0.2415285
vt 0.6458334 0.2415318
vt 0.625 0.241533
vt 0.6041667 0.2415318
vt 0.5833333 0.2415285
vt 0.5625 0.2415233
vt 0.5416667 0.2415167
vt 0.5208333 0.2415105
vt 0.75 0.2282345
vt 0.7291666 0.2282381
vt 0.7083334 0.2282455
vt 0.6875 0.2282532
vt 0.6666666 0.2282595
vt 0.6458334 0.2282634
vt 0.625 0.2282648
vt 0.6041667 0.2282634
vt 0.5833333 0.2282595
vt 0.5625 0.2282532
vt 0.5416667 0.2282455
vt 0.5208333 0.2282381
vt 0.75 0.2154772
vt 0.7291666 0.2154809
vt 0.7083334 0.2154885
vt 0.6875 0.2154964
vt 0.6666666 0.2155028
vt 0.6458334 0.2155069
vt 0.625 0.2155082
vt 0.6041667 0.2155069
vt 0.5833333 0.2155028
vt 0.5625 0.2154964
vt 0.5416667 0.2154885
vt 0.5208333 0.2154809
vt 0.75 0.2033858
vt 0.7291666 0.2033892
vt 0.7083334 0.2033962
vt 0.6875 0.2034035
vt 0.6666666 0.2034093
vt 0.6458334 0.2034131
vt 0.625 0.2034143
vt 0.6041667 0.2034131
vt 0.5833333 0.2034093
vt 0.5625 0.2034035
vt 0.5416667 0.2033962
vt 0.5208333 0.2033892
vt 0.75 0.1921104
vt 0.7291666 0.1921132
vt 0.7083334 0.192119
vt 0.6875 0.1921251
vt 0.6666666 0.19213
vt 0.6458334 0.1921331
vt 0.625 0.1921341
vt 0.6041667 0.1921331
vt 0.5833333 0.19213
vt 0.5625 0.1921251
vt 0.5416667 0.192119
vt 0.5208333 0.1921132
vt 0.75 0.181801
vt 0.7291666 0.1818031
vt 0.7083334 0.1818075
vt 0.6875 0.181812
vt 0.6666666 0.1818156
vt 0.6458334 0.1818179
vt 0.625 0.1818187
vt 0.6041667 0.1818179
vt 0.5833333 0.1818156
vt 0.5625 0.181812
vt 0.5416667 0.1818075
vt 0.5208333 0.1818031
vt 0.75 0.1726079
vt 0.7291666 0.1726092
vt 0.7083334 0.172612
vt 0.6875 0.1726148
vt 0.6666666 0.1726172
vt 0.6458334 0.1726186
vt 0.625 0.1726191
vt 0.6041667 0.1726186
vt 0.5833333 0.1726172
vt 0.5625 0.1726148
vt 0.5416667 0.172612
vt 0.5208333 0.1726092
vt 0.75 0.1646811
vt 0.7291666 0.1646817
vt 0.7083334 0.164683
vt 0.6875 0.1646844
vt 0.6666666 0.1646855
vt 0.6458334 0.1646862
vt 0.625 0.1646864
vt 0.6041667 0.1646862
vt 0.5833333 0.1646855
vt 0.5625 0.1646844
vt 0.5416667 0.164683
vt 0.5208333 0.1646817
vt 0.75 0.1581707
vt 0.7291666 0.1581708
vt 0.7083334 0.1581711
vt 0.6875 0.1581713
vt 0.6666666 0.1581715
vt 0.6458334 0.1581716
vt 0.625 0.1581716
vt 0.6041667 0.1581716
vt 0.5833333 0.1581715
vt 0.5625 0.1581713
vt 0.5416667 0.1581711
vt 0.5208333 0.1581708
vt 0.75 0.153227
vt 0.7291666 0.1532269
vt 0.7083334 0.1532266
vt 0.6875 0.1532263
vt 0.6666666 0.153226
vt 0.6458334 0.1532258
vt 0.625 0.1532258
vt 0.6041667 0.1532258
vt 0.5833333 0.153226
vt 0.5625 0.1532263
vt 0.5416667 0.1532266
vt 0.5208333 0.1532269
vt 0.75 0.15
vt 0.7291666 0.15
vt 0.7083334 0.15
vt 0.6875 0.15
vt 0.6666666 0.15
vt 0.6458334 0.15
vt 0.625 0.15
vt 0.6041667 0.15
vt 0.5833333 0.15
vt 0.5625 0.15
vt 0.5416667 0.15
vt 0.5208333 0.15
vt 1 0.255146
vt 0.9791667 0.2551479
vt 0.9583333 0.2551517
vt 0.9375 0.2551557
vt 0.9166667 0.255159
vt 0.8958333 0.255161
vt 0.875 0.2551617
vt 0.8541667 0.255161
vt 0.8333333 0.255159
vt 0.8125 0.2551557
vt 0.7916667 0.2551517
vt 0.7708333 0.2551479
vt 1 0.2415075
vt 0.9791667 0.2415105
vt 0.9583333 0.2415167
vt 0.9375 0.2415233
vt 0.9166667 0.2415285
vt 0.8958333 0.2415318
vt 0.875 0.241533
vt 0.8541667 0.2415318
vt 0.8333333 0.2415285
vt 0.8125 0.2415233
vt 0.7916667 0.2415167
vt 0.7708333 0.2415105
vt 1 0.2282345
vt 0.9791667 0.2282381
vt 0.9583333 0.2282455
vt 0.9375 0.2282532
vt 0.9166667 0.2282595
vt 0.8958333 0.2282634
vt 0.875 0.2282648
vt 0.8541667 0.2282634
vt 0.8333333 0.2282595
vt 0.8125 0.2282532
vt 0.7916667 0.2282455
vt 0.7708333 0.2282381
vt 1 0.2154772
vt 0.9791667 0.2154809
vt 0.9583333 0.2154885
vt 0.9375 0.2154964
vt 0.9166667 0.2155028
vt 0.8958333 0.2155069
vt 0.875 0.2155082
vt 0.8541667 0.2155069
vt 0.8333333 0.2155028
vt 0.8125 0.2154964
vt 0.7916667 0.2154885
vt 0.7708333 0.2154809
vt 1 0.2033858
vt 0.9791667 0.2033892
vt 0.9583333 0.2033962
vt 0.9375 0.2034035
vt 0.9166667 0.2034093
vt 0.8958333 0.2034131
vt 0.875 0.2034143
vt 0.8541667 0.2034131
vt 0.8333333 0.2034093
vt 0.8125 0.2034035
vt 0.7916667 0.2033962
vt 0.7708333 0.2033892
vt 1 0.1921104
vt 0.9791667 0.1921132
vt 0.9583333 0.192119
vt 0.9375 0.1921251
vt 0.9166667 0.19213
vt 0.8958333 0.1921331
vt 0.875 0.1921341
vt 0.8541667 0.1921331
vt 0.8333333 0.19213
vt 0.8125 0.1921251
vt 0.7916667 0.192119
vt 0.7708333 0.1921132
vt 1 0.181801
vt 0.9791667 0.1818031
vt 0.9583333 0.1818075
vt 0.9375 0.181812
vt 0.9166667 0.1818156
vt 0.8958333 0.1818179
vt 0.875 0.1818187
vt 0.8541667 0.1818179
vt 0.8333333 0.1818156
vt 0.8125 0.181812
vt 0.7916667 0.1818075
vt 0.7708333 0.1818031
vt 1 0.1726079
vt 0.9791667 0.1726092
vt 0.9583333 0.172612
vt 0.9375 0.1726148
vt 0.9166667 0.1726172
vt 0.8958333 0.1726186
vt 0.875 0.1726191
vt 0.8541667 0.1726186
vt 0.8333333 0.1726172
vt 0.8125 0.1726148
vt 0.7916667 0.172612
vt 0.7708333 0.1726092
vt 1 0.1646811
vt 0.9791667 0.1646817
vt 0.9583333 0.164683
vt 0.9375 0.1646844
vt 0.9166667 0.1646855
vt 0.8958333 0.1646862
vt 0.875 0.1646864
vt 0.8541667 0.1646862
vt 0.8333333 0.1646855
vt 0.8125 0.1646844
vt 0.7916667 0.164683
vt 0.7708333 0.1646817
vt 1 0.1581707
vt 0.9791667 0.1581708
vt 0.9583333 0.1581711
vt 0.9375 0.1581713
vt 0.9166667 0.1581715
vt 0.8958333 0.1581716
vt 0.875 0.1581716
vt 0.8541667 0.1581716
vt 0.8333333 0.1581715
vt 0.8125 0.1581713
vt 0.7916667 0.1581711
vt 0.7708333 0.1581708
vt 1 0.153227
vt 0.9791667 0.1532269
vt 0.9583333 0.1532266
vt 0.9375 0.1532263
vt 0.9166667 0.153226
vt 0.8958333 0.1532258
vt 0.875 0.1532258
vt 0.8541667 0.1532258
vt 0.8333333 0.153226
vt 0.8125 0.1532263
vt 0.7916667 0.1532266
vt 0.7708333 0.1532269
vt 1 0.15
vt 0.9791667 0.15
vt 0.9583333 0.15
vt 0.9375 0.15
vt 0.9166667 0.15
vt 0.8958333 0.15
vt 0.875 0.15
vt 0.8541667 0.15
vt 0.8333333 0.15
vt 0.8125 0.15
vt 0.7916667 0.15
vt 0.7708333 0.15
vt 0 0.1476128
vt 0.02083333 0.1476138
vt 0.04166667 0.1476157
vt 0.0625 0.1476178
vt 0.08333334 0.1476194
vt 0.1041667 0.1476205
vt 0.125 0.1476209
vt 0.1458333 0.1476205
vt 0.1666667 0.1476194
vt 0.1875 0.1476178
vt 0.2083333 0.1476157
vt 0.2291667 0.1476138
vt 0.25 0.1476128
vt 0 0.1447285
vt 0.02083333 0.1447303
vt 0.04166667 0.1447341
vt 0.0625 0.1447381
vt 0.08333334 0.1447413
vt 0.1041667 0.1447433
vt 0.125 0.144744
vt 0.1458333 0.1447433
vt 0.1666667 0.1447413
vt 0.1875 0.1447381
vt 0.2083333 0.1447341
vt 0.2291667 0.1447303
vt 0.25 0.1447285
vt 0 0.1409446
vt 0.02083333 0.1409472
vt 0.04166667 0.1409526
vt 0.0625 0.1409582
vt 0.08333334 0.1409628
vt 0.1041667 0.1409656
vt 0.125 0.1409666
vt 0.1458333 0.1409656
vt 0.1666667 0.1409628
vt 0.1875 0.1409582
vt 0.2083333 0.1409526
vt 0.2291667 0.1409472
vt 0.25 0.1409446
vt 0 0.1358585
vt 0.02083333 0.1358618
vt 0.04166667 0.1358685
vt 0.0625 0.1358756
vt 0.08333334 0.1358812
vt 0.1041667 0.1358848
vt 0.125 0.135886
vt 0.1458333 0.1358848
vt 0.1666667 0.1358812
vt 0.1875 0.1358756
vt 0.2083333 0.1358685
vt 0.2291667 0.1358618
vt 0.25 0.1358585
vt 0 0.129068
vt 0.02083333 0.1290718
vt 0.04166667 0.1290795
vt 0.0625 0.1290875
vt 0.08333334 0.1290941
vt 0.1041667 0.1290982
vt 0.125 0.1290995
vt 0.1458333 0.1290982
vt 0.1666667 0.129094
vt 0.1875 0.1290875
vt 0.2083333 0.1290795
vt 0.2291667 0.1290718
vt 0.25 0.129068
vt 0 0.1201704
vt 0.02083333 0.1201745
vt 0.04166667 0.1201828
vt 0.0625 0.1201915
vt 0.08333334 0.1201985
vt 0.1041667 0.1202029
vt 0.125 0.1202044
vt 0.1458333 0.1202029
vt 0.1666667 0.1201985
vt 0.1875 0.1201915
vt 0.2083333 0.1201828
vt 0.2291667 0.1201745
vt 0.25 0.1201704
vt 0 0.1087634
vt 0.02083333 0.1087675
vt 0.04166667 0.108776
vt 0.0625 0.1087848
vt 0.08333334 0.1087919
vt 0.1041667 0.1087964
vt 0.125 0.1087979
vt 0.1458333 0.1087964
vt 0.1666667 0.1087919
vt 0.1875 0.1087848
vt 0.2083333 0.108776
vt 0.2291667 0.1087675
vt 0.25 0.1087634
vt 0 0.09444439
vt 0.02083333 0.09444833
vt 0.04166667 0.09445637
vt 0.0625 0.09446478
vt 0.08333334 0.09447163
vt 0.1041667 0.09447592
vt 0.125 0.09447736
vt 0.1458333 0.09447592
vt 0.1666667 0.09447163
vt 0.1875 0.09446478
vt 0.2083333 0.09445637
vt 0.2291667 0.09444833
vt 0.25 0.09444439
vt 0 0.07681108
vt 0.02083333 0.07681453
vt 0.04166667 0.07682157
vt 0.0625 0.07682896
vt 0.08333334 0.07683492
vt 0.1041667 0.07683873
vt 0.125 0.07683998
vt 0.1458333 0.07683873
vt 0.1666667 0.07683492
vt 0.1875 0.07682896
vt 0.2083333 0.07682157
vt 0.2291667 0.07681453
vt 0.25 0.07681108
vt 0 0.05546087
vt 0.02083333 0.05546349
vt 0.04166667 0.05546898
vt 0.0625 0.05547464
vt 0.08333334 0.05547929
vt 0.1041667 0.05548215
vt 0.125 0.05548316
vt 0.1458333 0.05548215
vt 0.1666667 0.05547929
vt 0.1875 0.05547464
vt 0.2083333 0.05546898
vt 0.2291667 0.05546349
vt 0.25 0.05546087
vt 0 0.02999133
vt 0.02083333 0.02999282
vt 0.04166667 0.02999592
vt 0.0625 0.0299992
vt 0.08333334 0.03000182
vt 0.1041667 0.03000349
vt 0.125 0.03000402
vt 0.1458333 0.03000349
vt 0.1666667 0.03000182
vt 0.1875 0.0299992
vt 0.2083333 0.02999592
vt 0.2291667 0.02999282
vt 0.25 0.02999133
vt 0.01041667 0
vt 0.03125 0
vt 0.05208334 0
vt 0.07291667 0
vt 0.09375 0
vt 0.1145833 0
vt 0.1354167 0
vt 0.15625 0
vt 0.1770833 0
vt 0.1979167 0
vt 0.21875 0
vt 0.2395833 0
vt 0.2708333 0.1476138
vt 0.2916667 0.1476157
vt 0.3125 0.1476178
vt 0.3333333 0.1476194
vt 0.3541667 0.1476205
vt 0.375 0.1476209
vt 0.3958333 0.1476205
vt 0.4166667 0.1476194
vt 0.4375 0.1476178
vt 0.4583333 0.1476157
vt 0.4791667 0.1476138
vt 0.5 0.1476128
vt 0.2708333 0.1447303
vt 0.2916667 0.1447341
vt 0.3125 0.1447381
vt 0.3333333 0.1447413
vt 0.3541667 0.1447433
vt 0.375 0.144744
vt 0.3958333 0.1447433
vt 0.4166667 0.1447413
vt 0.4375 0.1447381
vt 0.4583333 0.1447341
vt 0.4791667 0.1447303
vt 0.5 0.1447285
vt 0.2708333 0.1409472
vt 0.2916667 0.1409526
vt 0.3125 0.1409582
vt 0.3333333 0.1409628
vt 0.3541667 0.1409656
vt 0.375 0.1409666
vt 0.3958333 0.1409656
vt 0.4166667 0.1409628
vt 0.4375 0.1409582
vt 0.4583333 0.1409526
vt 0.4791667 0.1409472
vt 0.5 0.1409446
vt 0.2708333 0.1358618
vt 0.2916667 0.1358685
vt 0.3125 0.1358756
vt 0.3333333 0.1358812
vt 0.3541667 0.1358848
vt 0.375 0.135886
vt 0.3958333 0.1358848
vt 0.4166667 0.1358812
vt 0.4375 0.1358756
vt 0.4583333 0.1358685
vt 0.4791667 0.1358618
vt 0.5 0.1358585
vt 0.2708333 0.1290718
vt 0.2916667 0.1290795
vt 0.3125 0.1290875
vt 0.3333333 0.1290941
vt 0.3541667 0.1290982
vt 0.375 0.1290995
vt 0.3958333 0.1290982
vt 0.4166667 0.129094
vt 0.4375 0.1290875
vt 0.4583333 0.1290795
vt 0.4791667 0.1290718
vt 0.5 0.129068
vt 0.2708333 0.1201745
vt 0.2916667 0.1201828
vt 0.3125 0.1201915
vt 0.3333333 0.1201985
vt 0.3541667 0.1202029
vt 0.375 0.1202044
vt 0.3958333 0.1202029
vt 0.4166667 0.1201985
vt 0.4375 0.1201915
vt 0.4583333 0.1201828
vt 0.4791667 0.1201745
vt 0.5 0.1201704
vt 0.2708333 0.1087675
vt 0.2916667 0.108776
vt 0.3125 0.1087848
vt 0.3333333 0.1087919
vt 0.3541667 0.1087964
vt 0.375 0.1087979
vt 0.3958333 0.1087964
vt 0.4166667 0.1087919
vt 0.4375 0.1087848
vt 0.4583333 0.108776
vt 0.4791667 0.1087675
vt 0.5 0.1087634
vt 0.2708333 0.09444833
vt 0.2916667 0.09445637
vt 0.3125 0.09446478
vt 0.3333333 0.09447163
vt 0.3541667 0.09447592
vt 0.375 0.09447736
vt 0.3958333 0.09447592
vt 0.4166667 0.09447163
vt 0.4375 0.09446478
vt 0.4583333 0.09445637
vt 0.4791667 0.09444833
vt 0.5 0.09444439
vt 0.2708333 0.07681453
vt 0.2916667 0.07682157
vt 0.3125 0.07682896
vt 0.3333333 0.07683492
vt 0.3541667 0.07683873
vt 0.375 0.07683998
vt 0.3958333 0.07683873
vt 0.4166667 0.07683492
vt 0.4375 0.07682896
vt 0.4583333 0.07682157
vt 0.4791667 0.07681453
vt 0.5 0.07681108
vt 0.2708333 0.05546349
vt 0.2916667 0.05546898
vt 0.3125 0.05547464
vt 0.3333333 0.05547929
vt 0.3541667 0.05548215
vt 0.375 0.05548316
vt 0.3958333 0.05548215
vt 0.4166667 0.05547929
vt 0.4375 0.05547464
vt 0.4583333 0.05546898
vt 0.4791667 0.05546349
vt 0.5 0.05546087
vt 0.2708333 0.02999282
vt 0.2916667 0.02999592
vt 0.3125 0.0299992
vt 0.3333333 0.03000182
vt 0.3541667 0.03000349
vt 0.375 0.03000402
vt 0.3958333 0.03000349
vt 0.4166667 0.03000182
vt 0.4375 0.0299992
vt 0.4583333 0.02999592
vt 0.4791667 0.02999282
vt 0.5 0.02999133
vt 0.2604167 0
vt 0.28125 0
vt 0.3020833 0
vt 0.3229167 0
vt 0.34375 0
vt 0.3645833 0
vt 0.3854167 0
vt 0.40625 0
vt 0.4270833 0
vt 0.4479167 0
vt 0.46875 0
vt 0.4895833 0
vt 0.75 0.1476128
vt 0.7291666 0.1476138
vt 0.7083334 0.1476157
vt 0.6875 0.1476178
vt 0.6666666 0.1476194
vt 0.6458334 0.1476205
vt 0.625 0.1476209
vt 0.6041667 0.1476205
vt 0.5833333 0.1476194
vt 0.5625 0.1476178
vt 0.5416667 0.1476157
vt 0.5208333 0.1476138
vt 0.75 0.1447285
vt 0.7291666 0.1447303
vt 0.7083334 0.1447341
vt 0.6875 0.1447381
vt 0.6666666 0.1447413
vt 0.6458334 0.1447433
vt 0.625 0.144744
vt 0.6041667 0.1447433
vt 0.5833333 0.1447413
vt 0.5625 0.1447381
vt 0.5416667 0.1447341
vt 0.5208333 0.1447303
vt 0.75 0.1409446
vt 0.7291666 0.1409472
vt 0.7083334 0.1409526
vt 0.6875 0.1409582
vt 0.6666666 0.1409628
vt 0.6458334 0.1409656
vt 0.625 0.1409666
vt 0.6041667 0.1409656
vt 0.5833333 0.1409628
vt 0.5625 0.1409582
vt 0.5416667 0.1409526
vt 0.5208333 0.1409472
vt 0.75 0.1358585
vt 0.7291666 0.1358618
vt 0.7083334 0.1358685
vt 0.6875 0.1358756
vt 0.6666666 0.1358812
vt 0.6458334 0.1358848
vt 0.625 0.135886
vt 0.6041667 0.1358848
vt 0.5833333 0.1358812
vt 0.5625 0.1358756
vt 0.5416667 0.1358685
vt 0.5208333 0.1358618
vt 0.75 0.129068
vt 0.7291666 0.1290718
vt 0.7083334 0.1290795
vt 0.6875 0.1290875
vt 0.6666666 0.1290941
vt 0.6458334 0.1290982
vt 0.625 0.1290995
vt 0.6041667 0.1290982
vt 0.5833333 0.129094
vt 0.5625 0.1290875
vt 0.5416667 0.1290795
vt 0.5208333 0.1290718
vt 0.75 0.1201704
vt 0.7291666 0.1201745
vt 0.7083334 0.1201828
vt 0.6875 0.1201915
vt 0.6666666 0.1201985
vt 0.6458334 0.1202029
vt 0.625 0.1202044
vt 0.6041667 0.1202029
vt 0.5833333 0.1201985
vt 0.5625 0.1201915
vt 0.5416667 0.1201828
vt 0.5208333 0.1201745
vt 0.75 0.1087634
vt 0.7291666 0.1087675
vt 0.7083334 0.108776
vt 0.6875 0.1087848
vt 0.6666666 0.1087919
vt 0.6458334 0.1087964
vt 0.625 0.1087979
vt 0.6041667 0.1087964
vt 0.5833333 0.1087919
vt 0.5625 0.1087848
vt 0.5416667 0.108776
vt 0.5208333 0.1087675
vt 0.75 0.09444439
vt 0.7291666 0.09444833
vt 0.7083334 0.09445637
vt 0.6875 0.09446478
vt 0.6666666 0.09447163
vt 0.6458334 0.09447592
vt 0.625 0.09447736
vt 0.6041667 0.09447592
vt 0.5833333 0.09447163
vt 0.5625 0.09446478
vt 0.5416667 0.09445637
vt 0.5208333 0.09444833
vt 0.75 0.07681108
vt 0.7291666 0.07681453
vt 0.7083334 0.07682157
vt 0.6875 0.07682896
vt 0.6666666 0.07683492
vt 0.6458334 0.07683873
vt 0.625 0.07683998
vt 0.6041667 0.07683873
vt 0.5833333 0.07683492
vt 0.5625 0.07682896
vt 0.5416667 0.07682157
vt 0.5208333 0.07681453
vt 0.75 0.05546087
vt 0.7291666 0.05546349
vt 0.7083334 0.05546898
vt 0.6875 0.05547464
vt 0.6666666 0.05547929
vt 0.6458334 0.05548215
vt 0.625 0.05548316
vt 0.6041667 0.05548215
vt 0.5833333 0.05547929
vt 0.5625 0.05547464
vt 0.5416667 0.05546898
vt 0.5208333 0.05546349
vt 0.75 0.02999133
vt 0.7291666 0.02999282
vt 0.7083334 0.02999592
vt 0.6875 0.0299992
vt 0.6666666 0.03000182
vt 0.6458334 0.03000349
vt 0.625 0.03000402
vt 0.6041667 0.03000349
vt 0.5833333 0.03000182
vt 0.5625 0.0299992
vt 0.5416667 0.02999592
vt 0.5208333 0.02999282
vt 0.7395833 0
vt 0.71875 0
vt 0.6979167 0
vt 0.6770833 0
vt 0.65625 0
vt 0.6354167 0
vt 0.6145834 0
vt 0.59375 0
vt 0.5729166 0
vt 0.5520834 0
vt 0.53125 0
vt 0.5104166 0
vt 1 0.1476128
vt 0.9791667 0.1476138
vt 0.9583333 0.1476157
vt 0.9375 0.1476178
vt 0.9166667 0.1476194
vt 0.8958333 0.1476205
vt 0.875 0.1476209
vt 0.8541667 0.1476205
vt 0.8333333 0.1476194
vt 0.8125 0.1476178
vt 0.7916667 0.1476157
vt 0.7708333 0.1476138
vt 1 0.1447285
vt 0.9791667 0.1447303
vt 0.9583333 0.1447341
vt 0.9375 0.1447381
vt 0.9166667 0.1447413
vt 0.8958333 0.1447433
vt 0.875 0.144744
vt 0.8541667 0.1447433
vt 0.8333333 0.1447413
vt 0.8125 0.1447381
vt 0.7916667 0.1447341
vt 0.7708333 0.1447303
vt 1 0.1409446
vt 0.9791667 0.1409472
vt 0.9583333 0.1409526
vt 0.9375 0.1409582
vt 0.9166667 0.1409628
vt 0.8958333 0.1409656
vt 0.875 0.1409666
vt 0.8541667 0.1409656
vt 0.8333333 0.1409628
vt 0.8125 0.1409582
vt 0.7916667 0.1409526
vt 0.7708333 0.1409472
vt 1 0.1358585
vt 0.9791667 0.1358618
vt 0.9583333 0.1358685
vt 0.9375 0.1358756
vt 0.9166667 0.1358812
vt 0.8958333 0.1358848
vt 0.875 0.135886
vt 0.8541667 0.1358848
vt 0.8333333 0.1358812
vt 0.8125 0.1358756
vt 0.7916667 0.1358685
vt 0.7708333 0.1358618
vt 1 0.129068
vt 0.9791667 0.1290718
vt 0.9583333 0.1290795
vt 0.9375 0.1290875
vt 0.9166667 0.1290941
vt 0.8958333 0.1290982
vt 0.875 0.1290995
vt 0.8541667 0.1290982
vt 0.8333333 0.129094
vt 0.8125 0.1290875
vt 0.7916667 0.1290795
vt 0.7708333 0.1290718
vt 1 0.1201704
vt 0.9791667 0.1201745
vt 0.9583333 0.1201828
vt 0.9375 0.1201915
vt 0.9166667 0.1201985
vt 0.8958333 0.1202029
vt 0.875 0.1202044
vt 0.8541667 0.1202029
vt 0.8333333 0.1201985
vt 0.8125 0.1201915
vt 0.7916667 0.1201828
vt 0.7708333 0.1201745
vt 1 0.1087634
vt 0.9791667 0.1087675
vt 0.9583333 0.108776
vt 0.9375 0.1087848
vt 0.9166667 0.1087919
vt 0.8958333 0.1087964
vt 0.875 0.1087979
vt 0.8541667 0.1087964
vt 0.8333333 0.1087919
vt 0.8125 0.1087848
vt 0.7916667 0.108776
vt 0.7708333 0.1087675
vt 1 0.09444439
vt 0.9791667 0.09444833
vt 0.9583333 0.09445637
vt 0.9375 0.09446478
vt 0.9166667 0.09447163
vt 0.8958333 0.09447592
vt 0.875 0.09447736
vt 0.8541667 0.09447592
vt 0.8333333 0.09447163
vt 0.8125 0.09446478
vt 0.7916667 0.09445637
vt 0.7708333 0.09444833
vt 1 0.07681108
vt 0.9791667 0.07681453
vt 0.9583333 0.07682157
vt 0.9375 0.07682896
vt 0.9166667 0.07683492
vt 0.8958333 0.07683873
vt 0.875 0.07683998
vt 0.8541667 0.07683873
vt 0.8333333 0.07683492
vt 0.8125 0.07682896
vt 0.7916667 0.07682157
vt 0.7708333 0.07681453
vt 1 0.05546087
vt 0.9791667 0.05546349
vt 0.9583333 0.05546898
vt 0.9375 0.05547464
vt 0.9166667 0.05547929
vt 0.8958333 0.05548215
vt 0.875 0.05548316
vt 0.8541667 0.05548215
vt 0.8333333 0.05547929
vt 0.8125 0.05547464
vt 0.7916667 0.05546898
vt 0.7708333 0.05546349
vt 1 0.02999133
vt 0.9791667 0.02999282
vt 0.9583333 0.02999592
vt 0.9375 0.0299992
vt 0.9166667 0.03000182
vt 0.8958333 0.03000349
vt 0.875 0.03000402
vt 0.8541667 0.03000349
vt 0.8333333 0.03000182
vt 0.8125 0.0299992
vt 0.7916667 0.02999592
vt 0.7708333 0.02999282
vt 0.9895833 0
vt 0.96875 0
vt 0.9479167 0
vt 0.9270833 0
vt 0.90625 0
vt 0.8854167 0
vt 0.8645834 0
vt 0.84375 0
vt 0.8229166 0
vt 0.8020834 0
vt 0.78125 0
vt 0.7604166 0

f 2/2/2 15/15/15 14/14/14 1/1/1
f 3/3/3 16/16/16 15/15/15 2/2/2
f 4/4/4 17/17/17 16/16/16 3/3/3
f 5/5/5 18/18/18 17/17/17 4/4/4
f 6/6/6 19/19/19 18/18/18 5/5/5
f 7/7/7 20/20/20 19/19/19 6/6/6
f 8/8/8 21/21/21 20/20/20 7/7/7
f 9/9/9 22/22/22 21/21/21 8/8/8
f 10/10/10 23/23/23 22/22/22 9/9/9
f 11/11/11 24/24/24 23/23/23 10/10/10
f 12/12/12 25/25/25 24/24/24 11/11/11
f 13/13/13 26/26/26 25/25/25 12/12/12
f 15/15/15 28/28/28 27/27/27 14/14/14
f 16/16/16 29/29/29 28/28/28 15/15/15
f 17/17/17 30/30/30 29/29/29 16/16/16
f 18/18/18 31/31/31 30/30/30 17/17/17
f 19/19/19 32/32/32 31/31/31 18/18/18
f 20/20/20 33/33/33 32/32/32 19/19/19
f 21/21/21 34/34/34 33/33/33 20/20/20
f 22/22/22 35/35/35 34/34/34 21/21/21
f 23/23/23 36/36/36 35/35/35 22/22/22
f 24/24/24 37/37/37 36/36/36 23/23/23
f 25/25/25 38/38/38 37/37/37 24/24/24
f 26/26/26 39/39/39 38/38/38 25/25/25
f 28/28/28 41/41/41 40/40/40 27/27/27
f 29/29/29 42/42/42 41/41/41 28/28/28
f 30/30/30 43/43/43 42/42/42 29/29/29
f 31/31/31 44/44/44 43/43/43 30/30/30
f 32/32/32 45/45/45 44/44/44 31/31/31
f 33/33/33 46/46/46 45/45/45 32/32/32
f 34/34/34 47/47/47 46/46/46 33/33/33
f 35/35/35 48/48/48 47/47/47 34/34/34
f 36/36/36 49/49/49 48/48/48 35/35/35
f 37/37/37 50/50/50 49/49/49 36/36/36
f 38/38/38 51/51/51 50/50/50 37/37/37
f 39/39/39 52/52/52 51/51/51 38/38/38
f 41/41/41 54/54/54 53/53/53 40/40/40
f 42/42/42 55/55/55 54/54/54 41/41/41
f 43/43/43 56/56/56 55/55/55 42/42/42
f 44/44/44 57/57/57 56/56/56 43/43/43
f 45/45/45 58/58/58 57/57/57 44/44/44
f 46/46/46 59/59/59 58/58/58 45/45/45
f 47/47/47 60/60/60 59/59/59 46/46/46
f 48/48/48 61/61/61 60/60/60 47/47/47
f 49/49/49 62/62/62 61/61/61 48/48/48
f 50/50/50 63/63/63 62/62/62 49/49/49
f 51/51/51 64/64/64 63/63/63 50/50/50
f 52/52/52 65/65/65 64/64/64 51/51/51
f 54/54/54 67/67/67 66/66/66 53/53/53
f 55/55/55 68/68/68 67/67/67 54/54/54
f 56/56/56 69/69/69 68/68/68 55/55/55
f 57/57/57 70/70/70 69/69/69 56/56/56
f 58/58/58 71/71/71 70/70/70 57/57/57
f 59/59/59 72/72/72 71/71/71 58/58/58
f 60/60/60 73/73/73 72/72/72 59/59/59
f 61/61/61 74/74/74 73/73/73 60/60/60
f 62/62/62 75/75/75 74/74/74 61/61/61
f 63/63/63 76/76/76 75/75/75 62/62/62
f 64/64/64 77/77/77 76/76/76 63/63/63
f 65/65/65 78/78/78 77/77/77 64/64/64
f 67/67/67 80/80/80 79/79/79 66/66/66
f 68/68/68 81/81/81 80/80/80 67/67/67
f 69/69/69 82/82/82 81/81/81 68/68/68
f 70/70/70 83/83/83 82/82/82 69/69/69
f 71/71/71 84/84/84 83/83/83 70/70/70
f 72/72/72 85/85/85 84/84/84 71/71/71
f 73/73/73 86/86/86 85/85/85 72/72/72
f 74/74/74 87/87/87 86/86/86 73/73/73
f 75/75/75 88/88/88 87/87/87 74/74/74
f 76/76/76 89/89/89 88/88/88 75/75/75
f 77/77/77 90/90/90 89/89/89 76/76/76
f 78/78/78 91/91/91 90/90/90 77/77/77
f 80/80/80 93/93/93 92/92/92 79/79/79
f 81/81/81 94/94/94 93/93/93 80/80/80
f 82/82/82 95/95/95 94/94/94 81/81/81
f 83/83/83 96/96/96 95/95/95 82/82/82
f 84/84/84 97/97/97 96/96/96 83/83/83
f 85/85/85 98/98/98 97/97/97 84/84/84
f 86/86/86 99/99/99 98/98/98 85/85/85
f 87/87/87 100/100/100 99/99/99 86/86/86
f 88/88/88 101/101/101 100/100/100 87/87/87
f 89/89/89 102/102/102 101/101/101 88/88/88
f 90/90/90 103/103/103 102/102/102 89/89/89
f 91/91/91 104/104/104 103/103/103 90/90/90
f 93/93/93 106/106/106 105/105/105 92/92/92
f 94/94/94 107/107/107 106/106/106 93/93/93
f 95/95/95 108/108/108 107/107/107 94/94/94
f 96/96/96 109/109/109 108/108/108 95/95/95
f 97/97/97 110/110/110 109/109/109 96/96/96
f 98/98/98 111/111/111 110/110/110 97/97/97
f 99/99/99 112/112/112 111/111/111 98/98/98
f 100/100/100 113/113/113 112/112/112 99/99/99
f 101/101/101 114/114/114 113/113/113 100/100/100
f 102/102/102 115/115/115 114/114/114 101/101/101
f 103/103/103 116/116/116 115/115/115 102/102/102
f 104/104/104 117/117/117 116/116/116 103/103/103
f 106/106/106 119/119/119 118/118/118 105/105/105
f 107/107/107 120/120/120 119/119/119 106/106/106
f 108/108/108 121/121/121 120/120/120 107/107/107
f 109/109/109 122/122/122 121/121/121 108/108/108
f 110/110/110 123/123/123 122/122/122 109/109/109
f 111/111/111 124/124/124 123/123/123 110/110/110
f 112/112/112 125/125/125 124/124/124 111/111/111
f 113/113/113 126/126/126 125/125/125 112/112/112
f 114/114/114 127/127/127 126/126/126 113/113/113
f 115/115/115 128/128/128 127/127/127 114/114/114
f 116/116/116 129/129/129 128/128/128 115/115/115
f 117/117/117 130/130/130 129/129/129 116/116/116
f 119/119/119 132/132/132 131/131/131 118/118/118
f 120/120/120 133/133/133 132/132/132 119/119/119
f 121/121/121 134/134/134 133/133/133 120/120/120
f 122/122/122 135/135/135 134/134/134 121/121/121
f 123/123/123 136/136/136 135/135/135 122/122/122
f 124/124/124 137/137/137 136/136/136 123/123/123
f 125/125/125 138/138/138 137/137/137 124/124/124
f 126/126/126 139/139/139 138/138/138 125/125/125
f 127/127/127 140/140/140 139/139/139 126/126/126
f 128/128/128 141/141/141 140/140/140 127/127/127
f 129/129/129 142/142/142 141/141/141 128/128/128
f 130/130/130 143/143/143 142/142/142 129/129/129
f 132/132/132 145/145/145 144/144/144 131/131/131
f 133/133/133 146/146/146 145/145/145 132/132/132
f 134/134/134 147/147/147 146/146/146 133/133/133
f 135/135/135 148/148/148 147/147/147 134/134/134
f 136/136/136 149/149/149 148/148/148 135/135/135
f 137/137/137 150/150/150 149/149/149 136/136/136
f 138/138/138 151/151/151 150/150/150 137/137/137
f 139/139/139 152/152/152 151/151/151 138/138/138
f 140/140/140 153/153/153 152/152/152 139/139/139
f 141/141/141 154/154/154 153/153/153 140/140/140
f 142/142/142 155/155/155 154/154/154 141/141/141
f 143/143/143 156/156/156 155/155/155 142/142/142
f 145/145/145 158/158/158 157/157/157 144/144/144
f 146/146/146 159/159/159 158/158/158 145/145/145
f 147/147/147 160/160/160 159/159/159 146/146/146
f 148/148/148 161/161/161 160/160/160 147/147/147
f 149/149/149 162/162/162 161/161/161 148/148/148
f 150/150/150 163/163/163 162/162/162 149/149/149
f 151/151/151 164/164/164 163/163/163 150/150/150
f 152/152/152 165/165/165 164/164/164 151/151/151
f 153/153/153 166/166/166 165/165/165 152/152/152
f 154/154/154 167/167/167 166/166/166 153/153/153
f 155/155/155 168/168/168 167/167/167 154/154/154
f 156/156/156 169/169/169 168/168/168 155/155/155
f 14/14/14 181/182/181 170/170/170 1/1/1
f 181/182/181 182/183/182 171/171/171 170/170/170
f 182/183/182 183/184/183 172/172/172 171/171/171
f 183/184/183 184/185/184 173/173/173 172/172/172
f 184/185/184 185/186/185 174/174/174 173/173/173
f 185/186/185 186/187/186 175/175/175 174/174/174
f 186/187/186 187/188/187 176/176/176 175/175/175
f 187/188/187 188/189/188 177/177/177 176/176/176
f 188/189/188 189/190/189 178/178/178 177/177/177
f 189/190/189 190/191/190 179/179/179 178/178/178
f 190/191/190 191/192/191 180/180/180 179/179/179
f 191/192/191 26/193/26 13/181/13 180/180/180
f 27/27/27 192/194/192 181/182/181 14/14/14
f 192/194/192 193/195/193 182/183/182 181/182/181
f 193/195/193 194/196/194 183/184/183 182/183/182
f 194/196/194 195/197/195 184/185/184 183/184/183
f 195/197/195 196/198/196 185/186/185 184/185/184
f 196/198/196 197/199/197 186/187/186 185/186/185
f 197/199/197 198/200/198 187/188/187 186/187/186
f 198/200/198 199/201/199 188/189/188 187/188/187
f 199/201/199 200/202/200 189/190/189 188/189/188
f 200/202/200 201/203/201 190/191/190 189/190/189
f 201/203/201 202/204/202 191/192/191 190/191/190
f 202/204/202 39/205/39 26/193/26 191/192/191
f 40/40/40 203/206/203 192/194/192 27/27/27
f 203/206/203 204/207/204 193/195/193 192/194/192
f 204/207/204 205/208/205 194/196/194 193/195/193
f 205/208/205 206/209/206 195/197/195 194/196/194
f 206/209/206 207/210/207 196/198/196 195/197/195
f 207/210/207 208/211/208 197/199/197 196/198/196
f 208/211/208 209/212/209 198/200/198 197/199/197
f 209/212/209 210/213/210 199/201/199 198/200/198
f 210/213/210 211/214/211 200/202/200 199/201/199
f 211/214/211 212/215/212 201/203/201 200/202/200
f 212/215/212 213/216/213 202/204/202 201/203/201
f 213/216/213 52/217/52 39/205/39 202/204/202
f 53/53/53 214/218/214 203/206/203 40/40/40
f 214/218/214 215/219/215 204/207/204 203/206/203
f 215/219/215 216/220/216 205/208/205 204/207/204
f 216/220/216 217/221/217 206/209/206 205/208/205
f 217/221/217 218/222/218 207/210/207 206/209/206
f 218/222/218 219/223/219 208/211/208 207/210/207
f 219/223/219 220/224/220 209/212/209 208/211/208
f 220/224/220 221/225/221 210/213/210 209/212/209
f 221/225/221 222/226/222 211/214/211 210/213/210
f 222/226/222 223/227/223 212/215/212 211/214/211
f 223/227/223 224/228/224 213/216/213 212/215/212
f 224/228/224 65/229/65 52/217/52 213/216/213
f 66/66/66 225/230/225 214/218/214 53/53/53
f 225/230/225 226/231/226 215/219/215 214/218/214
f 226/231/226 227/232/227 216/220/216 215/219/215
f 227/232/227 228/233/228 217/221/217 216/220/216
f 228/233/228 229/234/229 218/222/218 217/221/217
f 229/234/229 230/235/230 219/223/219 218/222/218
f 230/235/230 231/236/231 220/224/220 219/223/219
f 231/236/231 232/237/232 221/225/221 220/224/220
f 232/237/232 233/238/233 222/226/222 221/225/221
f 233/238/233 234/239/234 223/227/223 222/226/222
f 234/239/234 235/240/235 224/228/224 223/227/223
f 235/240/235 78/241/78 65/229/65 224/228/224
f 79/79/79 236/242/236 225/230/225 66/66/66
f 236/242/236 237/243/237 226/231/226 225/230/225
f 237/243/237 238/244/238 227/232/227 226/231/226
f 238/244/238 239/245/239 228/233/228 227/232/227
f 239/245/239 240/246/240 229/234/229 228/233/228
f 240/246/240 241/247/241 230/235/230 229/234/229
f 241/247/241 242/248/242 231/236/231 230/235/230
f 242/248/242 243/249/243 232/237/232 231/236/231
f 243/249/243 244/250/244 233/238/233 232/237/232
f 244/250/244 245/251/245 234/239/234 233/238/233
f 245/251/245 246/252/246 235/240/235 234/239/234
f 246/252/246 91/253/91 78/241/78 235/240/235
f 92/92/92 247/254/247 236/242/236 79/79/79
f 247/254/247 248/255/248 237/243/237 236/242/236
f 248/255/248 249/256/249 238/244/238 237/243/237
f 249/256/249 250/257/250 239/245/239 238/244/238
f 250/257/250 251/258/251 240/246/240 239/245/239
f 251/258/251 252/259/252 241/247/241 240/246/240
f 252/259/252 253/260/253 242/248/242 241/247/241
f 253/260/253 254/261/254 243/249/243 242/248/242
f 254/261/254 255/262/255 244/250/244 243/249/243
f 255/262/255 256/263/256 245/251/245 244/250/244
f 256/263/256 257/264/257 246/252/246 245/251/245
f 257/264/257 104/265/104 91/253/91 246/252/246
f 105/105/105 258/266/258 247/254/247 92/92/92
f 258/266/258 259/267/259 248/255/248 247/254/247
f 259/267/259 260/268/260 249/256/249 248/255/248
f 260/268/260 261/269/261 250/257/250 249/256/249
f 261/269/261 262/270/262 251/258/251 250/257/250
f 262/270/262 263/271/263 252/259/252 251/258/251
f 263/271/263 264/272/264 253/260/253 252/259/252
f 264/272/264 265/273/265 254/261/254 253/260/253
f 265/273/265 266/274/266 255/262/255 254/261/254
f 266/274/266 267/275/267 256/263/256 255/262/255
f 267/275/267 268/276/268 257/264/257 256/263/256
f 268/276/268 117/277/117 104/265/104 257/264/257
f 118/118/118 269/278/269 258/266/258 105/105/105
f 269/278/269 270/279/270 259/267/259 258/266/258
f 270/279/270 271/280/271 260/268/260 259/267/259
f 271/280/271 272/281/272 261/269/261 260/268/260
f 272/281/272 273/282/273 262/270/262 261/269/261
f 273/282/273 274/283/274 263/271/263 262/270/262
f 274/283/274 275/284/275 264/272/264 263/271/263
f 275/284/275 276/285/276 265/273/265 264/272/264
f 276/285/276 277/286/277 266/274/266 265/273/265
f 277/286/277 278/287/278 267/275/267 266/274/266
f 278/287/278 279/288/279 268/276/268 267/275/267
f 279/288/279 130/289/130 117/277/117 268/276/268
f 131/131/131 280/290/280 269/278/269 118/118/118
f 280/290/280 281/291/281 270/279/270 269/278/269
f 281/291/281 282/292/282 271/280/271 270/279/270
f 282/292/282 283/293/283 272/281/272 271/280/271
f 283/293/283 284/294/284 273/282/273 272/281/272
f 284/294/284 285/295/285 274/283/274 273/282/273
f 285/295/285 286/296/286 275/284/275 274/283/274
f 286/296/286 287/297/287 276/285/276 275/284/275
f 287/297/287 288/298/288 277/286/277 276/285/276
f 288/298/288 289/299/289 278/287/278 277/286/277
f 289/299/289 290/300/290 279/288/279 278/287/278
f 290/300/290 143/301/143 130/289/130 279/288/279
f 144/144/144 291/302/291 280/290/280 131/131/131
f 291/302/291 292/303/292 281/291/281 280/290/280
f 292/303/292 293/304/293 282/292/282 281/291/281
f 293/304/293 294/305/294 283/293/283 282/292/282
f 294/305/294 295/306/295 284/294/284 283/293/283
f 295/306/295 296/307/296 285/295/285 284/294/284
f 296/307/296 297/308/297 286/296/286 285/295/285
f 297/308/297 298/309/298 287/297/287 286/296/286
f 298/309/298 299/310/299 288/298/288 287/297/287
f 299/310/299 300/311/300 289/299/289 288/298/288
f 300/311/300 301/312/301 290/300/290 289/299/289
f 301/312/301 156/313/156 143/301/143 290/300/290
f 157/157/157 302/314/302 291/302/291 144/144/144
f 302/314/302 303/315/303 292/303/292 291/302/291
f 303/315/303 304/316/304 293/304/293 292/303/292
f 304/316/304 305/317/305 294/305/294 293/304/293
f 305/317/305 306/318/306 295/306/295 294/305/294
f 306/318/306 307/319/307 296/307/296 295/306/295
f 307/319/307 308/320/308 297/308/297 296/307/296
f 308/320/308 309/321/309 298/309/298 297/308/297
f 309/321/309 310/322/310 299/310/299 298/309/298
f 310/322/310 311/323/311 300/311/300 299/310/299
f 311/323/311 312/324/312 301/312/301 300/311/300
f 312/324/312 169/325/169 156/313/156 301/312/301
f 158/158/158 314/327/314 313/326/313 157/157/157
f 159/159/159 315/328/315 314/327/314 158/158/158
f 160/160/160 316/329/316 315/328/315 159/159/159
f 161/161/161 317/330/317 316/329/316 160/160/160
f 162/162/162 318/331/318 317/330/317 161/161/161
f 163/163/163 319/332/319 318/331/318 162/162/162
f 164/164/164 320/333/320 319/332/319 163/163/163
f 165/165/165 321/334/321 320/333/320 164/164/164
f 166/166/166 322/335/322 321/334/321 165/165/165
f 167/167/167 323/336/323 322/335/322 166/166/166
f 168/168/168 324/337/324 323/336/323 167/167/167
f 169/169/169 325/338/325 324/337/324 168/168/168
f 314/327/314 327/340/327 326/339/326 313/326/313
f 315/328/315 328/341/328 327/340/327 314/327/314
f 316/329/316 329/342/329 328/341/328 315/328/315
f 317/330/317 330/343/330 329/342/329 316/329/316
f 318/331/318 331/344/331 330/343/330 317/330/317
f 319/332/319 332/345/332 331/344/331 318/331/318
f 320/333/320 333/346/333 332/345/332 319/332/319
f 321/334/321 334/347/334 333/346/333 320/333/320
f 322/335/322 335/348/335 334/347/334 321/334/321
f 323/336/323 336/349/336 335/348/335 322/335/322
f 324/337/324 337/350/337 336/349/336 323/336/323
f 325/338/325 338/351/338 337/350/337 324/337/324
f 327/340/327 340/353/340 339/352/339 326/339/326
f 328/341/328 341/354/341 340/353/340 327/340/327
f 329/342/329 342/355/342 341/354/341 328/341/328
f 330/343/330 343/356/343 342/355/342 329/342/329
f 331/344/331 344/357/344 343/356/343 330/343/330
f 332/345/332 345/358/345 344/357/344 331/344/331
f 333/346/333 346/359/346 345/358/345 332/345/332
f 334/347/334 347/360/347 346/359/346 333/346/333
f 335/348/335 348/361/348 347/360/347 334/347/334
f 336/349/336 349/362/349 348/361/348 335/348/335
f 337/350/337 350/363/350 349/362/349 336/349/336
f 338/351/338 351/364/351 350/363/350 337/350/337
f 340/353/340 353/366/353 352/365/352 339/352/339
f 341/354/341 354/367/354 353/366/353 340/353/340
f 342/355/342 355/368/355 354/367/354 341/354/341
f 343/356/343 356/369/356 355/368/355 342/355/342
f 344/357/344 357/370/357 356/369/356 343/356/343
f 345/358/345 358/371/358 357/370/357 344/357/344
f 346/359/346 359/372/359 358/371/358 345/358/345
f 347/360/347 360/373/360 359/372/359 346/359/346
f 348/361/348 361/374/361 360/373/360 347/360/347
f 349/362/349 362/375/362 361/374/361 348/361/348
f 350/363/350 363/376/363 362/375/362 349/362/349
f 351/364/351 364/377/364 363/376/363 350/363/350
f 353/366/353 366/379/366 365/378/365 352/365/352
f 354/367/354 367/380/367 366/379/366 353/366/353
f 355/368/355 368/381/368 367/380/367 354/367/354
f 356/369/356 369/382/369 368/381/368 355/368/355
f 357/370/357 370/383/370 369/382/369 356/369/356
f 358/371/358 371/384/371 370/383/370 357/370/357
f 359/372/359 372/385/372 371/384/371 358/371/358
f 360/373/360 373/386/373 372/385/372 359/372/359
f 361/374/361 374/387/374 373/386/373 360/373/360
f 362/375/362 375/388/375 374/387/374 361/374/361
f 363/376/363 376/389/376 375/388/375 362/375/362
f 364/377/364 377/390/377 376/389/376 363/376/363
f 366/379/366 379/392/379 378/391/378 365/378/365
f 367/380/367 380/393/380 379/392/379 366/379/366
f 368/381/368 381/394/381 380/393/380 367/380/367
f 369/382/369 382/395/382 381/394/381 368/381/368
f 370/383/370 383/396/383 382/395/382 369/382/369
f 371/384/371 384/397/384 383/396/383 370/383/370
f 372/385/372 385/398/385 384/397/384 371/384/371
f 373/386/373 386/399/386 385/398/385 372/385/372
f 374/387/374 387/400/387 386/399/386 373/386/373
f 375/388/375 388/401/388 387/400/387 374/387/374
f 376/389/376 389/402/389 388/401/388 375/388/375
f 377/390/377 390/403/390 389/402/389 376/389/376
f 379/392/379 392/405/392 391/404/391 378/391/378
f 380/393/380 393/406/393 392/405/392 379/392/379
f 381/394/381 394/407/394 393/406/393 380/393/380
f 382/395/382 395/408/395 394/407/394 381/394/381
f 383/396/383 396/409/396 395/408/395 382/395/382
f 384/397/384 397/410/397 396/409/396 383/396/383
f 385/398/385 398/411/398 397/410/397 384/397/384
f 386/399/386 399/412/399 398/411/398 385/398/385
f 387/400/387 400/413/400 399/412/399 386/399/386
f 388/401/388 401/414/401 400/413/400 387/400/387
f 389/402/389 402/415/402 401/414/401 388/401/388
f 390/403/390 403/416/403 402/415/402 389/402/389
f 392/405/392 405/418/405 404/417/404 391/404/391
f 393/406/393 406/419/406 405/418/405 392/405/392
f 394/407/394 407/420/407 406/419/406 393/406/393
f 395/408/395 408/421/408 407/420/407 394/407/394
f 396/409/396 409/422/409 408/421/408 395/408/395
f 397/410/397 410/423/410 409/422/409 396/409/396
f 398/411/398 411/424/411 410/423/410 397/410/397
f 399/412/399 412/425/412 411/424/411 398/411/398
f 400/413/400 413/426/413 412/425/412 399/412/399
f 401/414/401 414/427/414 413/426/413 400/413/400
f 402/415/402 415/428/415 414/427/414 401/414/401
f 403/416/403 416/429/416 415/428/415 402/415/402
f 405/418/405 418/431/418 417/430/417 404/417/404
f 406/419/406 419/432/419 418/431/418 405/418/405
f 407/420/407 420/433/420 419/432/419 406/419/406
f 408/421/408 421/434/421 420/433/420 407/420/407
f 409/422/409 422/435/422 421/434/421 408/421/408
f 410/423/410 423/436/423 422/435/422 409/422/409
f 411/424/411 424/437/424 423/436/423 410/423/410
f 412/425/412 425/438/425 424/437/424 411/424/411
f 413/426/413 426/439/426 425/438/425 412/425/412
f 414/427/414 427/440/427 426/439/426 413/426/413
f 415/428/415 428/441/428 427/440/427 414/427/414
f 416/429/416 429/442/429 428/441/428 415/428/415
f 418/431/418 431/444/431 430/443/430 417/430/417
f 419/432/419 432/445/432 431/444/431 418/431/418
f 420/433/420 433/446/433 432/445/432 419/432/419
f 421/434/421 434/447/434 433/446/433 420/433/420
f 422/435/422 435/448/435 434/447/434 421/434/421
f 423/436/423 436/449/436 435/448/435 422/435/422
f 424/437/424 437/450/437 436/449/436 423/436/423
f 425/438/425 438/451/438 437/450/437 424/437/424
f 426/439/426 439/452/439 438/451/438 425/438/425
f 427/440/427 440/453/440 439/452/439 426/439/426
f 428/441/428 441/454/441 440/453/440 427/440/427
f 429/442/429 442/455/442 441/454/441 428/441/428
f 431/444/431 444/457/444 443/456/443 430/443/430
f 432/445/432 445/458/445 444/457/444 431/444/431
f 433/446/433 446/459/446 445/458/445 432/445/432
f 434/447/434 447/460/447 446/459/446 433/446/433
f 435/448/435 448/461/448 447/460/447 434/447/434
f 436/449/436 449/462/449 448/461/448 435/448/435
f 437/450/437 450/463/450 449/462/449 436/449/436
f 438/451/438 451/464/451 450/463/450 437/450/437
f 439/452/439 452/465/452 451/464/451 438/451/438
f 440/453/440 453/466/453 452/465/452 439/452/439
f 441/454/441 454/467/454 453/466/453 440/453/440
f 442/455/442 455/468/455 454/467/454 441/454/441
f 444/457/444 457/470/457 456/469/456 443/456/443
f 445/458/445 458/471/458 457/470/457 444/457/444
f 446/459/446 459/472/459 458/471/458 445/458/445
f 447/460/447 460/473/460 459/472/459 446/459/446
f 448/461/448 461/474/461 460/473/460 447/460/447
f 449/462/449 462/475/462 461/474/461 448/461/448
f 450/463/450 463/476/463 462/475/462 449/462/449
f 451/464/451 464/477/464 463/476/463 450/463/450
f 452/465/452 465/478/465 464/477/464 451/464/451
f 453/466/453 466/479/466 465/478/465 452/465/452
f 454/467/454 467/480/467 466/479/466 453/466/453
f 455/468/455 468/481/468 467/480/467 454/467/454
f 313/326/313 469/482/469 302/314/302 157/157/157
f 469/482/469 470/483/470 303/315/303 302/314/302
f 470/483/470 471/484/471 304/316/304 303/315/303
f 471/484/471 472/485/472 305/317/305 304/316/304
f 472/485/472 473/486/473 306/318/306 305/317/305
f 473/486/473 474/487/474 307/319/307 306/318/306
f 474/487/474 475/488/475 308/320/308 307/319/307
f 475/488/475 476/489/476 309/321/309 308/320/308
f 476/489/476 477/490/477 310/322/310 309/321/309
f 477/490/477 478/491/478 311/323/311 310/322/310
f 478/491/478 479/492/479 312/324/312 311/323/311
f 479/492/479 325/493/325 169/325/169 312/324/312
f 326/339/326 480/494/480 469/482/469 313/326/313
f 480/494/480 481/495/481 470/483/470 469/482/469
f 481/495/481 482/496/482 471/484/471 470/483/470
f 482/496/482 483/497/483 472/485/472 471/484/471
f 483/497/483 484/498/484 473/486/473 472/485/472
f 484/498/484 485/499/485 474/487/474 473/486/473
f 485/499/485 486/500/486 475/488/475 474/487/474
f 486/500/486 487/501/487 476/489/476 475/488/475
f 487/501/487 488/502/488 477/490/477 476/489/476
f 488/502/488 489/503/489 478/491/478 477/490/477
f 489/503/489 490/504/490 479/492/479 478/491/478
f 490/504/490 338/505/338 325/493/325 479/492/479
f 339/352/339 491/506/491 480/494/480 326/339/326
f 491/506/491 492/507/492 481/495/481 480/494/480
f 492/507/492 493/508/493 482/496/482 481/495/481
f 493/508/493 494/509/494 483/497/483 482/496/482
f 494/509/494 495/510/495 484/498/484 483/497/483
f 495/510/495 496/511/496 485/499/485 484/498/484
f 496/511/496 497/512/497 486/500/486 485/499/485
f 497/512/497 498/513/498 487/501/487 486/500/486
f 498/513/498 499/514/499 488/502/488 487/501/487
f 499/514/499 500/515/500 489/503/489 488/502/488
f 500/515/500 501/516/501 490/504/490 489/503/489
f 501/516/501 351/517/351 338/505/338 490/504/490
f 352/365/352 502/518/502 491/506/491 339/352/339
f 502/518/502 503/519/503 492/507/492 491/506/491
f 503/519/503 504/520/504 493/508/493 492/507/492
f 504/520/504 505/521/505 494/509/494 493/508/493
f 505/521/505 506/522/506 495/510/495 494/509/494
f 506/522/506 507/523/507 496/511/496 495/510/495
f 507/523/507 508/524/508 497/512/497 496/511/496
f 508/524/508 509/525/509 498/513/498 497/512/497
f 509/525/509 510/526/510 499/514/499 498/513/498
f 510/526/510 511/527/511 500/515/500 499/514/499
f 511/527/511 512/528/512 501/516/501 500/515/500
f 512/528/512 364/529/364 351/517/351 501/516/501
f 365/378/365 513/530/513 502/518/502 352/365/352
f 513/530/513 514/531/514 503/519/503 502/518/502
f 514/531/514 515/532/515 504/520/504 503/519/503
f 515/532/515 516/533/516 505/521/505 504/520/504
f 516/533/516 517/534/517 506/522/506 505/521/505
f 517/534/517 518/535/518 507/523/507 506/522/506
f 518/535/518 519/536/519 508/524/508 507/523/507
f 519/536/519 520/537/520 509/525/509 508/524/508
f 520/537/520 521/538/521 510/526/510 509/525/509
f 521/538/521 522/539/522 511/527/511 510/526/510
f 522/539/522 523/540/523 512/528/512 511/527/511
f 523/540/523 377/541/377 364/529/364 512/528/512
f 378/391/378 524/542/524 513/530/513 365/378/365
f 524/542/524 525/543/525 514/531/514 513/530/513
f 525/543/525 526/544/526 515/532/515 514/531/514
f 526/544/526 527/545/527 516/533/516 515/532/515
f 527/545/527 528/546/528 517/534/517 516/533/516
f 528/546/528 529/547/529 518/535/518 517/534/517
f 529/547/529 530/548/530 519/536/519 518/535/518
f 530/548/530 531/549/531 520/537/520 519/536/519
f 531/549/531 532/550/532 521/538/521 520/537/520
f 532/550/532 533/551/533 522/539/522 521/538/521
f 533/551/533 534/552/534 523/540/523 522/539/522
f 534/552/534 390/553/390 377/541/377 523/540/523
f 391/404/391 535/554/535 524/542/524 378/391/378
f 535/554/535 536/555/536 525/543/525 524/542/524
f 536/555/536 537/556/537 526/544/526 525/543/525
f 537/556/537 538/557/538 527/545/527 526/544/526
f 538/557/538 539/558/539 528/546/528 527/545/527
f 539/558/539 540/559/540 529/547/529 528/546/528
f 540/559/540 541/560/541 530/548/530 529/547/529
f 541/560/541 542/561/542 531/549/531 530/548/530
f 542/561/542 543/562/543 532/550/532 531/549/531
f 543/562/543 544/563/544 533/551/533 532/550/532
f 544/563/544 545/564/545 534/552/534 533/551/533
f 545/564/545 403/565/403 390/553/390 534/552/534
f 404/417/404 546/566/546 535/554/535 391/404/391
f 546/566/546 547/567/547 536/555/536 535/554/535
f 547/567/547 548/568/548 537/556/537 536/555/536
f 548/568/548 549/569/549 538/557/538 537/556/537
f 549/569/549 550/570/550 539/558/539 538/557/538
f 550/570/550 551/571/551 540/559/540 539/558/539
f 551/571/551 552/572/552 541/560/541 540/559/540
f 552/572/552 553/573/553 542/561/542 541/560/541
f 553/573/553 554/574/554 543/562/543 542/561/542
f 554/574/554 555/575/555 544/563/544 543/562/543
f 555/575/555 556/576/556 545/564/545 544/563/544
f 556/576/556 416/577/416 403/565/403 545/564/545
f 417/430/417 557/578/557 546/566/546 404/417/404
f 557/578/557 558/579/558 547/567/547 546/566/546
f 558/579/558 559/580/559 548/568/548 547/567/547
f 559/580/559 560/581/560 549/569/549 548/568/548
f 560/581/560 561/582/561 550/570/550 549/569/549
f 561/582/561 562/583/562 551/571/551 550/570/550
f 562/583/562 563/584/563 552/572/552 551/571/551
f 563/584/563 564/585/564 553/573/553 552/572/552
f 564/585/564 565/586/565 554/574/554 553/573/553
f 565/586/565 566/587/566 555/575/555 554/574/554
f 566/587/566 567/588/567 556/576/556 555/575/555
f 567/588/567 429/589/429 416/577/416 556/576/556
f 430/443/430 568/590/568 557/578/557 417/430/417
f 568/590/568 569/591/569 558/579/558 557/578/557
f 569/591/569 570/592/570 559/580/559 558/579/558
f 570/592/570 571/593/571 560/581/560 559/580/559
f 571/593/571 572/594/572 561/582/561 560/581/560
f 572/594/572 573/595/573 562/583/562 561/582/561
f 573/595/573 574/596/574 563/584/563 562/583/562
f 574/596/574 575/597/575 564/585/564 563/584/563
f 575/597/575 576/598/576 565/586/565 564/585/564
f 576/598/576 577/599/577 566/587/566 565/586/565
f 577/599/577 578/600/578 567/588/567 566/587/566
f 578/600/578 442/601/442 429/589/429 567/588/567
f 443/456/443 579/602/579 568/590/568 430/443/430
f 579/602/579 580/603/580 569/591/569 568/590/568
f 580/603/580 581/604/581 570/592/570 569/591/569
f 581/604/581 582/605/582 571/593/571 570/592/570
f 582/605/582 583/606/583 572/594/572 571/593/571
f 583/606/583 584/607/584 573/595/573 572/594/572
f 584/607/584 585/608/585 574/596/574 573/595/573
f 585/608/585 586/609/586 575/597/575 574/596/574
f 586/609/586 587/610/587 576/598/576 575/597/575
f 587/610/587 588/611/588 577/599/577 576/598/576
f 588/611/588 589/612/589 578/600/578 577/599/577
f 589/612/589 455/613/455 442/601/442 578/600/578
f 456/469/456 590/614/590 579/602/579 443/456/443
f 590/614/590 591/615/591 580/603/580 579/602/579
f 591/615/591 592/616/592 581/604/581 580/603/580
f 592/616/592 593/617/593 582/605/582 581/604/581
f 593/617/593 594/618/594 583/606/583 582/605/582
f 594/618/594 595/619/595 584/607/584 583/606/583
f 595/619/595 596/620/596 585/608/585 584/607/584
f 596/620/596 597/621/597 586/609/586 585/608/585
f 597/621/597 598/622/598 587/610/587 586/609/586
f 598/622/598 599/623/599 588/611/588 587/610/587
f 599/623/599 600/624/600 589/612/589 588/611/588
f 600/624/600 468/625/468 455/613/455 589/612/589
f 602/627/602 615/640/615 614/639/614 601/626/601
f 603/628/603 616/641/616 615/640/615 602/627/602
f 604/629/604 617/642/617 616/641/616 603/628/603
f 605/630/605 618/643/618 617/642/617 604/629/604
f 606/631/606 619/644/619 618/643/618 605/630/605
f 607/632/607 620/645/620 619/644/619 606/631/606
f 608/633/608 621/646/621 620/645/620 607/632/607
f 609/634/609 622/647/622 621/646/621 608/633/608
f 610/635/610 623/648/623 622/647/622 609/634/609
f 611/636/611 624/649/624 623/648/623 610/635/610
f 612/637/612 625/650/625 624/649/624 611/636/611
f 613/638/613 626/651/626 625/650/625 612/637/612
f 615/640/615 628/653/628 627/652/627 614/639/614
f 616/641/616 629/654/629 628/653/628 615/640/615
f 617/642/617 630/655/630 629/654/629 616/641/616
f 618/643/618 631/656/631 630/655/630 617/642/617
f 619/644/619 632/657/632 631/656/631 618/643/618
f 620/645/620 633/658/633 632/657/632 619/644/619
f 621/646/621 634/659/634 633/658/633 620/645/620
f 622/647/622 635/660/635 634/659/634 621/646/621
f 623/648/623 636/661/636 635/660/635 622/647/622
f 624/649/624 637/662/637 636/661/636 623/648/623
f 625/650/625 638/663/638 637/662/637 624/649/624
f 626/651/626 639/664/639 638/663/638 625/650/625
f 628/653/628 641/666/641 640/665/640 627/652/627
f 629/654/629 642/667/642 641/666/641 628/653/628
f 630/655/630 643/668/643 642/667/642 629/654/629
f 631/656/631 644/669/644 643/668/643 630/655/630
f 632/657/632 645/670/645 644/669/644 631/656/631
f 633/658/633 646/671/646 645/670/645 632/657/632
f 634/659/634 647/672/647 646/671/646 633/658/633
f 635/660/635 648/673/648 647/672/647 634/659/634
f 636/661/636 649/674/649 648/673/648 635/660/635
f 637/662/637 650/675/650 649/674/649 636/661/636
f 638/663/638 651/676/651 650/675/650 637/662/637
f 639/664/639 652/677/652 651/676/651 638/663/638
f 641/666/641 654/679/654 653/678/653 640/665/640
f 642/667/642 655/680/655 654/679/654 641/666/641
f 643/668/643 656/681/656 655/680/655 642/667/642
f 644/669/644 657/682/657 656/681/656 643/668/643
f 645/670/645 658/683/658 657/682/657 644/669/644
f 646/671/646 659/684/659 658/683/658 645/670/645
f 647/672/647 660/685/660 659/684/659 646/671/646
f 648/673/648 661/686/661 660/685/660 647/672/647
f 649/674/649 662/687/662 661/686/661 648/673/648
f 650/675/650 663/688/663 662/687/662 649/674/649
f 651/676/651 664/689/664 663/688/663 650/675/650
f 652/677/652 665/690/665 664/689/664 651/676/651
f 654/679/654 667/692/667 666/691/666 653/678/653
f 655/680/655 668/693/668 667/692/667 654/679/654
f 656/681/656 669/694/669 668/693/668 655/680/655
f 657/682/657 670/695/670 669/694/669 656/681/656
f 658/683/658 671/696/671 670/695/670 657/682/657
f 659/684/659 672/697/672 671/696/671 658/683/658
f 660/685/660 673/698/673 672/697/672 659/684/659
f 661/686/661 674/699/674 673/698/673 660/685/660
f 662/687/662 675/700/675 674/699/674 661/686/661
f 663/688/663 676/701/676 675/700/675 662/687/662
f 664/689/664 677/702/677 676/701/676 663/688/663
f 665/690/665 678/703/678 677/702/677 664/689/664
f 667/692/667 680/705/680 679/704/679 666/691/666
f 668/693/668 681/706/681 680/705/680 667/692/667
f 669/694/669 682/707/682 681/706/681 668/693/668
f 670/695/670 683/708/683 682/707/682 669/694/669
f 671/696/671 684/709/684 683/708/683 670/695/670
f 672/697/672 685/710/685 684/709/684 671/696/671
f 673/698/673 686/711/686 685/710/685 672/697/672
f 674/699/674 687/712/687 686/711/686 673/698/673
f 675/700/675 688/713/688 687/712/687 674/699/674
f 676/701/676 689/714/689 688/713/688 675/700/675
f 677/702/677 690/715/690 689/714/689 676/701/676
f 678/703/678 691/716/691 690/715/690 677/702/677
f 680/705/680 693/718/693 692/717/692 679/704/679
f 681/706/681 694/719/694 693/718/693 680/705/680
f 682/707/682 695/720/695 694/719/694 681/706/681
f 683/708/683 696/721/696 695/720/695 682/707/682
f 684/709/684 697/722/697 696/721/696 683/708/683
f 685/710/685 698/723/698 697/722/697 684/709/684
f 686/711/686 699/724/699 698/723/698 685/710/685
f 687/712/687 700/725/700 699/724/699 686/711/686
f 688/713/688 701/726/701 700/725/700 687/712/687
f 689/714/689 702/727/702 701/726/701 688/713/688
f 690/715/690 703/728/703 702/727/702 689/714/689
f 691/716/691 704/729/704 703/728/703 690/715/690
f 693/718/693 706/731/706 705/730/705 692/717/692
f 694/719/694 707/732/707 706/731/706 693/718/693
f 695/720/695 708/733/708 707/732/707 694/719/694
f 696/721/696 709/734/709 708/733/708 695/720/695
f 697/722/697 710/735/710 709/734/709 696/721/696
f 698/723/698 711/736/711 710/735/710 697/722/697
f 699/724/699 712/737/712 711/736/711 698/723/698
f 700/725/700 713/738/713 712/737/712 699/724/699
f 701/726/701 714/739/714 713/738/713 700/725/700
f 702/727/702 715/740/715 714/739/714 701/726/701
f 703/728/703 716/741/716 715/740/715 702/727/702
f 704/729/704 717/742/717 716/741/716 703/728/703
f 706/731/706 719/744/719 718/743/718 705/730/705
f 707/732/707 720/745/720 719/744/719 706/731/706
f 708/733/708 721/746/721 720/745/720 707/732/707
f 709/734/709 722/747/722 721/746/721 708/733/708
f 710/735/710 723/748/723 722/747/722 709/734/709
f 711/736/711 724/749/724 723/748/723 710/735/710
f 712/737/712 725/750/725 724/749/724 711/736/711
f 713/738/713 726/751/726 725/750/725 712/737/712
f 714/739/714 727/752/727 726/751/726 713/738/713
f 715/740/715 728/753/728 727/752/727 714/739/714
f 716/741/716 729/754/729 728/753/728 715/740/715
f 717/742/717 730/755/730 729/754/729 716/741/716
f 719/744/719 732/757/732 731/756/731 718/743/718
f 720/745/720 733/758/733 732/757/732 719/744/719
f 721/746/721 734/759/734 733/758/733 720/745/720
f 722/747/722 735/760/735 734/759/734 721/746/721
f 723/748/723 736/761/736 735/760/735 722/747/722
f 724/749/724 737/762/737 736/761/736 723/748/723
f 725/750/725 738/763/738 737/762/737 724/749/724
f 726/751/726 739/764/739 738/763/738 725/750/725
f 727/752/727 740/765/740 739/764/739 726/751/726
f 728/753/728 741/766/741 740/765/740 727/752/727
f 729/754/729 742/767/742 741/766/741 728/753/728
f 730/755/730 743/768/743 742/767/742 729/754/729
f 732/757/732 745/770/745 744/769/744 731/756/731
f 733/758/733 746/771/746 745/770/745 732/757/732
f 734/759/734 747/772/747 746/771/746 733/758/733
f 735/760/735 748/773/748 747/772/747 734/759/734
f 736/761/736 749/774/749 748/773/748 735/760/735
f 737/762/737 750/775/750 749/774/749 736/761/736
f 738/763/738 751/776/751 750/775/750 737/762/737
f 739/764/739 752/777/752 751/776/751 738/763/738
f 740/765/740 753/778/753 752/777/752 739/764/739
f 741/766/741 754/779/754 753/778/753 740/765/740
f 742/767/742 755/780/755 754/779/754 741/766/741
f 743/768/743 756/781/756 755/780/755 742/767/742
f 745/770/745 758/783/758 757/782/757 744/769/744
f 746/771/746 759/784/759 758/783/758 745/770/745
f 747/772/747 760/785/760 759/784/759 746/771/746
f 748/773/748 761/786/761 760/785/760 747/772/747
f 749/774/749 762/787/762 761/786/761 748/773/748
f 750/775/750 763/788/763 762/787/762 749/774/749
f 751/776/751 764/789/764 763/788/763 750/775/750
f 752/777/752 765/790/765 764/789/764 751/776/751
f 753/778/753 766/791/766 765/790/765 752/777/752
f 754/779/754 767/792/767 766/791/766 753/778/753
f 755/780/755 768/793/768 767/792/767 754/779/754
f 756/781/756 769/794/769 768/793/768 755/780/755
f 614/807/614 781/808/781 770/796/770 601/795/601
f 781/808/781 782/809/782 771/797/771 770/796/770
f 782/809/782 783/810/783 772/798/772 771/797/771
f 783/810/783 784/811/784 773/799/773 772/798/772
f 784/811/784 785/812/785 774/800/774 773/799/773
f 785/812/785 786/813/786 775/801/775 774/800/774
f 786/813/786 787/814/787 776/802/776 775/801/775
f 787/814/787 788/815/788 777/803/777 776/802/776
f 788/815/788 789/816/789 778/804/778 777/803/777
f 789/816/789 790/817/790 779/805/779 778/804/778
f 790/817/790 791/818/791 780/806/780 779/805/779
f 791/818/791 626/651/626 613/638/613 780/806/780
f 627/819/627 792/820/792 781/808/781 614/807/614
f 792/820/792 793/821/793 782/809/782 781/808/781
f 793/821/793 794/822/794 783/810/783 782/809/782
f 794/822/794 795/823/795 784/811/784 783/810/783
f 795/823/795 796/824/796 785/812/785 784/811/784
f 796/824/796 797/825/797 786/813/786 785/812/785
f 797/825/797 798/826/798 787/814/787 786/813/786
f 798/826/798 799/827/799 788/815/788 787/814/787
f 799/827/799 800/828/800 789/816/789 788/815/788
f 800/828/800 801/829/801 790/817/790 789/816/789
f 801/829/801 802/830/802 791/818/791 790/817/790
f 802/830/802 639/664/639 626/651/626 791/818/791
f 640/831/640 803/832/803 792/820/792 627/819/627
f 803/832/803 804/833/804 793/821/793 792/820/792
f 804/833/804 805/834/805 794/822/794 793/821/793
f 805/834/805 806/835/806 795/823/795 794/822/794
f 806/835/806 807/836/807 796/824/796 795/823/795
f 807/836/807 808/837/808 797/825/797 796/824/796
f 808/837/808 809/838/809 798/826/798 797/825/797
f 809/838/809 810/839/810 799/827/799 798/826/798
f 810/839/810 811/840/811 800/828/800 799/827/799
f 811/840/811 812/841/812 801/829/801 800/828/800
f 812/841/812 813/842/813 802/830/802 801/829/801
f 813/842/813 652/677/652 639/664/639 802/830/802
f 653/843/653 814/844/814 803/832/803 640/831/640
f 814/844/814 815/845/815 804/833/804 803/832/803
f 815/845/815 816/846/816 805/834/805 804/833/804
f 816/846/816 817/847/817 806/835/806 805/834/805
f 817/847/817 818/848/818 807/836/807 806/835/806
f 818/848/818 819/849/819 808/837/808 807/836/807
f 819/849/819 820/850/820 809/838/809 808/837/808
f 820/850/820 821/851/821 810/839/810 809/838/809
f 821/851/821 822/852/822 811/840/811 810/839/810
f 822/852/822 823/853/823 812/841/812 811/840/811
f 823/853/823 824/854/824 813/842/813 812/841/812
f 824/854/824 665/690/665 652/677/652 813/842/813
f 666/855/666 825/856/825 814/844/814 653/843/653
f 825/856/825 826/857/826 815/845/815 814/844/814
f 826/857/826 827/858/827 816/846/816 815/845/815
f 827/858/827 828/859/828 817/847/817 816/846/816
f 828/859/828 829/860/829 818/848/818 817/847/817
f 829/860/829 830/861/830 819/849/819 818/848/818
f 830/861/830 831/862/831 820/850/820 819/849/819
f 831/862/831 832/863/832 821/851/821 820/850/820
f 832/863/832 833/864/833 822/852/822 821/851/821
f 833/864/833 834/865/834 823/853/823 822/852/822
f 834/865/834 835/866/835 824/854/824 823/853/823
f 835/866/835 678/703/678 665/690/665 824/854/824
f 679/867/679 836/868/836 825/856/825 666/855/666
f 836/868/836 837/869/837 826/857/826 825/856/825
f 837/869/837 838/870/838 827/858/827 826/857/826
f 838/870/838 839/871/839 828/859/828 827/858/827
f 839/871/839 840/872/840 829/860/829 828/859/828
f 840/872/840 841/873/841 830/861/830 829/860/829
f 841/873/841 842/874/842 831/862/831 830/861/830
f 842/874/842 843/875/843 832/863/832 831/862/831
f 843/875/843 844/876/844 833/864/833 832/863/832
f 844/876/844 845/877/845 834/865/834 833/864/833
f 845/877/845 846/878/846 835/866/835 834/865/834
f 846/878/846 691/716/691 678/703/678 835/866/835
f 692/879/692 847/880/847 836/868/836 679/867/679
f 847/880/847 848/881/848 837/869/837 836/868/836
f 848/881/848 849/882/849 838/870/838 837/869/837
f 849/882/849 850/883/850 839/871/839 838/870/838
f 850/883/850 851/884/851 840/872/840 839/871/839
f 851/884/851 852/885/852 841/873/841 840/872/840
f 852/885/852 853/886/853 842/874/842 841/873/841
f 853/886/853 854/887/854 843/875/843 842/874/842
f 854/887/854 855/888/855 844/876/844 843/875/843
f 855/888/855 856/889/856 845/877/845 844/876/844
f 856/889/856 857/890/857 846/878/846 845/877/845
f 857/890/857 704/729/704 691/716/691 846/878/846
f 705/891/705 858/892/858 847/880/847 692/879/692
f 858/892/858 859/893/859 848/881/848 847/880/847
f 859/893/859 860/894/860 849/882/849 848/881/848
f 860/894/860 861/895/861 850/883/850 849/882/849
f 861/895/861 862/896/862 851/884/851 850/883/850
f 862/896/862 863/897/863 852/885/852 851/884/851
f 863/897/863 864/898/864 853/886/853 852/885/852
f 864/898/864 865/899/865 854/887/854 853/886/853
f 865/899/865 866/900/866 855/888/855 854/887/854
f 866/900/866 867/901/867 856/889/856 855/888/855
f 867/901/867 868/902/868 857/890/857 856/889/856
f 868/902/868 717/742/717 704/729/704 857/890/857
f 718/903/718 869/904/869 858/892/858 705/891/705
f 869/904/869 870/905/870 859/893/859 858/892/858
f 870/905/870 871/906/871 860/894/860 859/893/859
f 871/906/871 872/907/872 861/895/861 860/894/860
f 872/907/872 873/908/873 862/896/862 861/895/861
f 873/908/873 874/909/874 863/897/863 862/896/862
f 874/909/874 875/910/875 864/898/864 863/897/863
f 875/910/875 876/911/876 865/899/865 864/898/864
f 876/911/876 877/912/877 866/900/866 865/899/865
f 877/912/877 878/913/878 867/901/867 866/900/866
f 878/913/878 879/914/879 868/902/868 867/901/867
f 879/914/879 730/755/730 717/742/717 868/902/868
f 731/915/731 880/916/880 869/904/869 718/903/718
f 880/916/880 881/917/881 870/905/870 869/904/869
f 881/917/881 882/918/882 871/906/871 870/905/870
f 882/918/882 883/919/883 872/907/872 871/906/871
f 883/919/883 884/920/884 873/908/873 872/907/872
f 884/920/884 885/921/885 874/909/874 873/908/873
f 885/921/885 886/922/886 875/910/875 874/909/874
f 886/922/886 887/923/887 876/911/876 875/910/875
f 887/923/887 888/924/888 877/912/877 876/911/876
f 888/924/888 889/925/889 878/913/878 877/912/877
f 889/925/889 890/926/890 879/914/879 878/913/878
f 890/926/890 743/768/743 730/755/730 879/914/879
f 744/927/744 891/928/891 880/916/880 731/915/731
f 891/928/891 892/929/892 881/917/881 880/916/880
f 892/929/892 893/930/893 882/918/882 881/917/881
f 893/930/893 894/931/894 883/919/883 882/918/882
f 894/931/894 895/932/895 884/920/884 883/919/883
f 895/932/895 896/933/896 885/921/885 884/920/884
f 896/933/896 897/934/897 886/922/886 885/921/885
f 897/934/897 898/935/898 887/923/887 886/922/886
f 898/935/898 899/936/899 888/924/888 887/923/887
f 899/936/899 900/937/900 889/925/889 888/924/888
f 900/937/900 901/938/901 890/926/890 889/925/889
f 901/938/901 756/781/756 743/768/743 890/926/890
f 757/939/757 902/940/902 891/928/891 744/927/744
f 902/940/902 903/941/903 892/929/892 891/928/891
f 903/941/903 904/942/904 893/930/893 892/929/892
f 904/942/904 905/943/905 894/931/894 893/930/893
f 905/943/905 906/944/906 895/932/895 894/931/894
f 906/944/906 907/945/907 896/933/896 895/932/895
f 907/945/907 908/946/908 897/934/897 896/933/896
f 908/946/908 909/947/909 898/935/898 897/934/897
f 909/947/909 910/948/910 899/936/899 898/935/898
f 910/948/910 911/949/911 900/937/900 899/936/899
f 911/949/911 912/950/912 901/938/901 900/937/900
f 912/950/912 769/794/769 756/781/756 901/938/901
f 758/783/758 914/952/914 913/951/913 757/782/757
f 759/784/759 915/953/915 914/952/914 758/783/758
f 760/785/760 916/954/916 915/953/915 759/784/759
f 761/786/761 917/955/917 916/954/916 760/785/760
f 762/787/762 918/956/918 917/955/917 761/786/761
f 763/788/763 919/957/919 918/956/918 762/787/762
f 764/789/764 920/958/920 919/957/919 763/788/763
f 765/790/765 921/959/921 920/958/920 764/789/764
f 766/791/766 922/960/922 921/959/921 765/790/765
f 767/792/767 923/961/923 922/960/922 766/791/766
f 768/793/768 924/962/924 923/961/923 767/792/767
f 769/794/769 925/963/925 924/962/924 768/793/768
f 914/952/914 927/965/927 926/964/926 913/951/913
f 915/953/915 928/966/928 927/965/927 914/952/914
f 916/954/916 929/967/929 928/966/928 915/953/915
f 917/955/917 930/968/930 929/967/929 916/954/916
f 918/956/918 931/969/931 930/968/930 917/955/917
f 919/957/919 932/970/932 931/969/931 918/956/918
f 920/958/920 933/971/933 932/970/932 919/957/919
f 921/959/921 934/972/934 933/971/933 920/958/920
f 922/960/922 935/973/935 934/972/934 921/959/921
f 923/961/923 936/974/936 935/973/935 922/960/922
f 924/962/924 937/975/937 936/974/936 923/961/923
f 925/963/925 938/976/938 937/975/937 924/962/924
f 927/965/927 940/978/940 939/977/939 926/964/926
f 928/966/928 941/979/941 940/978/940 927/965/927
f 929/967/929 942/980/942 941/979/941 928/966/928
f 930/968/930 943/981/943 942/980/942 929/967/929
f 931/969/931 944/982/944 943/981/943 930/968/930
f 932/970/932 945/983/945 944/982/944 931/969/931
f 933/971/933 946/984/946 945/983/945 932/970/932
f 934/972/934 947/985/947 946/984/946 933/971/933
f 935/973/935 948/986/948 947/985/947 934/972/934
f 936/974/936 949/987/949 948/986/948 935/973/935
f 937/975/937 950/988/950 949/987/949 936/974/936
f 938/976/938 951/989/951 950/988/950 937/975/937
f 940/978/940 953/991/953 952/990/952 939/977/939
f 941/979/941 954/992/954 953/991/953 940/978/940
f 942/980/942 955/993/955 954/992/954 941/979/941
f 943/981/943 956/994/956 955/993/955 942/980/942
f 944/982/944 957/995/957 956/994/956 943/981/943
f 945/983/945 958/996/958 957/995/957 944/982/944
f 946/984/946 959/997/959 958/996/958 945/983/945
f 947/985/947 960/998/960 959/997/959 946/984/946
f 948/986/948 961/999/961 960/998/960 947/985/947
f 949/987/949 962/1000/962 961/999/961 948/986/948
f 950/988/950 963/1001/963 962/1000/962 949/987/949
f 951/989/951 964/1002/964 963/1001/963 950/988/950
f 953/991/953 966/1004/966 965/1003/965 952/990/952
f 954/992/954 967/1005/967 966/1004/966 953/991/953
f 955/993/955 968/1006/968 967/1005/967 954/992/954
f 956/994/956 969/1007/969 968/1006/968 955/993/955
f 957/995/957 970/1008/970 969/1007/969 956/994/956
f 958/996/958 971/1009/971 970/1008/970 957/995/957
f 959/997/959 972/1010/972 971/1009/971 958/996/958
f 960/998/960 973/1011/973 972/1010/972 959/997/959
f 961/999/961 974/1012/974 973/1011/973 960/998/960
f 962/1000/962 975/1013/975 974/1012/974 961/999/961
f 963/1001/963 976/1014/976 975/1013/975 962/1000/962
f 964/1002/964 977/1015/977 976/1014/976 963/1001/963
f 966/1004/966 979/1017/979 978/1016/978 965/1003/965
f 967/1005/967 980/1018/980 979/1017/979 966/1004/966
f 968/1006/968 981/1019/981 980/1018/980 967/1005/967
f 969/1007/969 982/1020/982 981/1019/981 968/1006/968
f 970/1008/970 983/1021/983 982/1020/982 969/1007/969
f 971/1009/971 984/1022/984 983/1021/983 970/1008/970
f 972/1010/972 985/1023/985 984/1022/984 971/1009/971
f 973/1011/973 986/1024/986 985/1023/985 972/1010/972
f 974/1012/974 987/1025/987 986/1024/986 973/1011/973
f 975/1013/975 988/1026/988 987/1025/987 974/1012/974
f 976/1014/976 989/1027/989 988/1026/988 975/1013/975
f 977/1015/977 990/1028/990 989/1027/989 976/1014/976
f 979/1017/979 992/1030/992 991/1029/991 978/1016/978
f 980/1018/980 993/1031/993 992/1030/992 979/1017/979
f 981/1019/981 994/1032/994 993/1031/993 980/1018/980
f 982/1020/982 995/1033/995 994/1032/994 981/1019/981
f 983/1021/983 996/1034/996 995/1033/995 982/1020/982
f 984/1022/984 997/1035/997 996/1034/996 983/1021/983
f 985/1023/985 998/1036/998 997/1035/997 984/1022/984
f 986/1024/986 999/1037/999 998/1036/998 985/1023/985
f 987/1025/987 1000/1038/1000 999/1037/999 986/1024/986
f 988/1026/988 1001/1039/1001 1000/1038/1000 987/1025/987
f 989/1027/989 1002/1040/1002 1001/1039/1001 988/1026/988
f 990/1028/990 1003/1041/1003 1002/1040/1002 989/1027/989
f 992/1030/992 1005/1043/1005 1004/1042/1004 991/1029/991
f 993/1031/993 1006/1044/1006 1005/1043/1005 992/1030/992
f 994/1032/994 1007/1045/1007 1006/1044/1006 993/1031/993
f 995/1033/995 1008/1046/1008 1007/1045/1007 994/1032/994
f 996/1034/996 1009/1047/1009 1008/1046/1008 995/1033/995
f 997/1035/997 1010/1048/1010 1009/1047/1009 996/1034/996
f 998/1036/998 1011/1049/1011 1010/1048/1010 997/1035/997
f 999/1037/999 1012/1050/1012 1011/1049/1011 998/1036/998
f 1000/1038/1000 1013/1051/1013 1012/1050/1012 999/1037/999
f 1001/1039/1001 1014/1052/1014 1013/1051/1013 1000/1038/1000
f 1002/1040/1002 1015/1053/1015 1014/1052/1014 1001/1039/1001
f 1003/1041/1003 1016/1054/1016 1015/1053/1015 1002/1040/1002
f 1005/1043/1005 1018/1056/1018 1017/1055/1017 1004/1042/1004
f 1006/1044/1006 1019/1057/1019 1018/1056/1018 1005/1043/1005
f 1007/1045/1007 1020/1058/1020 1019/1057/1019 1006/1044/1006
f 1008/1046/1008 1021/1059/1021 1020/1058/1020 1007/1045/1007
f 1009/1047/1009 1022/1060/1022 1021/1059/1021 1008/1046/1008
f 1010/1048/1010 1023/1061/1023 1022/1060/1022 1009/1047/1009
f 1011/1049/1011 1024/1062/1024 1023/1061/1023 1010/1048/1010
f 1012/1050/1012 1025/1063/1025 1024/1062/1024 1011/1049/1011
f 1013/1051/1013 1026/1064/1026 1025/1063/1025 1012/1050/1012
f 1014/1052/1014 1027/1065/1027 1026/1064/1026 1013/1051/1013
f 1015/1053/1015 1028/1066/1028 1027/1065/1027 1014/1052/1014
f 1016/1054/1016 1029/1067/1029 1028/1066/1028 1015/1053/1015
f 1018/1056/1018 1031/1069/1031 1030/1068/1030 1017/1055/1017
f 1019/1057/1019 1032/1070/1032 1031/1069/1031 1018/1056/1018
f 1020/1058/1020 1033/1071/1033 1032/1070/1032 1019/1057/1019
f 1021/1059/1021 1034/1072/1034 1033/1071/1033 1020/1058/1020
f 1022/1060/1022 1035/1073/1035 1034/1072/1034 1021/1059/1021
f 1023/1061/1023 1036/1074/1036 1035/1073/1035 1022/1060/1022
f 1024/1062/1024 1037/1075/1037 1036/1074/1036 1023/1061/1023
f 1025/1063/1025 1038/1076/1038 1037/1075/1037 1024/1062/1024
f 1026/1064/1026 1039/1077/1039 1038/1076/1038 1025/1063/1025
f 1027/1065/1027 1040/1078/1040 1039/1077/1039 1026/1064/1026
f 1028/1066/1028 1041/1079/1041 1040/1078/1040 1027/1065/1027
f 1029/1067/1029 1042/1080/1042 1041/1079/1041 1028/1066/1028
f 1031/1069/1031 1044/1082/1044 1043/1081/1043 1030/1068/1030
f 1032/1070/1032 1045/1083/1045 1044/1082/1044 1031/1069/1031
f 1033/1071/1033 1046/1084/1046 1045/1083/1045 1032/1070/1032
f 1034/1072/1034 1047/1085/1047 1046/1084/1046 1033/1071/1033
f 1035/1073/1035 1048/1086/1048 1047/1085/1047 1034/1072/1034
f 1036/1074/1036 1049/1087/1049 1048/1086/1048 1035/1073/1035
f 1037/1075/1037 1050/1088/1050 1049/1087/1049 1036/1074/1036
f 1038/1076/1038 1051/1089/1051 1050/1088/1050 1037/1075/1037
f 1039/1077/1039 1052/1090/1052 1051/1089/1051 1038/1076/1038
f 1040/1078/1040 1053/1091/1053 1052/1090/1052 1039/1077/1039
f 1041/1079/1041 1054/1092/1054 1053/1091/1053 1040/1078/1040
f 1042/1080/1042 1055/1093/1055 1054/1092/1054 1041/1079/1041
f 1044/1082/1044 1057/1095/1057 1056/1094/1056 1043/1081/1043
f 1045/1083/1045 1058/1096/1058 1057/1095/1057 1044/1082/1044
f 1046/1084/1046 1059/1097/1059 1058/1096/1058 1045/1083/1045
f 1047/1085/1047 1060/1098/1060 1059/1097/1059 1046/1084/1046
f 1048/1086/1048 1061/1099/1061 1060/1098/1060 1047/1085/1047
f 1049/1087/1049 1062/1100/1062 1061/1099/1061 1048/1086/1048
f 1050/1088/1050 1063/1101/1063 1062/1100/1062 1049/1087/1049
f 1051/1089/1051 1064/1102/1064 1063/1101/1063 1050/1088/1050
f 1052/1090/1052 1065/1103/1065 1064/1102/1064 1051/1089/1051
f 1053/1091/1053 1066/1104/1066 1065/1103/1065 1052/1090/1052
f 1054/1092/1054 1067/1105/1067 1066/1104/1066 1053/1091/1053
f 1055/1093/1055 1068/1106/1068 1067/1105/1067 1054/1092/1054
f 913/1107/913 1069/1108/1069 902/940/902 757/939/757
f 1069/1108/1069 1070/1109/1070 903/941/903 902/940/902
f 1070/1109/1070 1071/1110/1071 904/942/904 903/941/903
f 1071/1110/1071 1072/1111/1072 905/943/905 904/942/904
f 1072/1111/1072 1073/1112/1073 906/944/906 905/943/905
f 1073/1112/1073 1074/1113/1074 907/945/907 906/944/906
f 1074/1113/1074 1075/1114/1075 908/946/908 907/945/907
f 1075/1114/1075 1076/1115/1076 909/947/909 908/946/908
f 1076/1115/1076 1077/1116/1077 910/948/910 909/947/909
f 1077/1116/1077 1078/1117/1078 911/949/911 910/948/910
f 1078/1117/1078 1079/1118/1079 912/950/912 911/949/911
f 1079/1118/1079 925/963/925 769/794/769 912/950/912
f 926/1119/926 1080/1120/1080 1069/1108/1069 913/1107/913
f 1080/1120/1080 1081/1121/1081 1070/1109/1070 1069/1108/1069
f 1081/1121/1081 1082/1122/1082 1071/1110/1071 1070/1109/1070
f 1082/1122/1082 1083/1123/1083 1072/1111/1072 1071/1110/1071
f 1083/1123/1083 1084/1124/1084 1073/1112/1073 1072/1111/1072
f 1084/1124/1084 1085/1125/1085 1074/1113/1074 1073/1112/1073
f 1085/1125/1085 1086/1126/1086 1075/1114/1075 1074/1113/1074
f 1086/1126/1086 1087/1127/1087 1076/1115/1076 1075/1114/1075
f 1087/1127/1087 1088/1128/1088 1077/1116/1077 1076/1115/1076
f 1088/1128/1088 1089/1129/1089 1078/1117/1078 1077/1116/1077
f 1089/1129/1089 1090/1130/1090 1079/1118/1079 1078/1117/1078
f 1090/1130/1090 938/976/938 925/963/925 1079/1118/1079
f 939/1131/939 1091/1132/1091 1080/1120/1080 926/1119/926
f 1091/1132/1091 1092/1133/1092 1081/1121/1081 1080/1120/1080
f 1092/1133/1092 1093/1134/1093 1082/1122/1082 1081/1121/1081
f 1093/1134/1093 1094/1135/1094 1083/1123/1083 1082/1122/1082
f 1094/1135/1094 1095/1136/1095 1084/1124/1084 1083/1123/1083
f 1095/1136/1095 1096/1137/1096 1085/1125/1085 1084/1124/1084
f 1096/1137/1096 1097/1138/1097 1086/1126/1086 1085/1125/1085
f 1097/1138/1097 1098/1139/1098 1087/1127/1087 1086/1126/1086
f 1098/1139/1098 1099/1140/1099 1088/1128/1088 1087/1127/1087
f 1099/1140/1099 1100/1141/1100 1089/1129/1089 1088/1128/1088
f 1100/1141/1100 1101/1142/1101 1090/1130/1090 1089/1129/1089
f 1101/1142/1101 951/989/951 938/976/938 1090/1130/1090
f 952/1143/952 1102/1144/1102 1091/1132/1091 939/1131/939
f 1102/1144/1102 1103/1145/1103 1092/1133/1092 1091/1132/1091
f 1103/1145/1103 1104/1146/1104 1093/1134/1093 1092/1133/1092
f 1104/1146/1104 1105/1147/1105 1094/1135/1094 1093/1134/1093
f 1105/1147/1105 1106/1148/1106 1095/1136/1095 1094/1135/1094
f 1106/1148/1106 1107/1149/1107 1096/1137/1096 1095/1136/1095
f 1107/1149/1107 1108/1150/1108 1097/1138/1097 1096/1137/1096
f 1108/1150/1108 1109/1151/1109 1098/1139/1098 1097/1138/1097
f 1109/1151/1109 1110/1152/1110 1099/1140/1099 1098/1139/1098
f 1110/1152/1110 1111/1153/1111 1100/1141/1100 1099/1140/1099
f 1111/1153/1111 1112/1154/1112 1101/1142/1101 1100/1141/1100
f 1112/1154/1112 964/1002/964 951/989/951 1101/1142/1101
f 965/1155/965 1113/1156/1113 1102/1144/1102 952/1143/952
f 1113/1156/1113 1114/1157/1114 1103/1145/1103 1102/1144/1102
f 1114/1157/1114 1115/1158/1115 1104/1146/1104 1103/1145/1103
f 1115/1158/1115 1116/1159/1116 1105/1147/1105 1104/1146/1104
f 1116/1159/1116 1117/1160/1117 1106/1148/1106 1105/1147/1105
f 1117/1160/1117 1118/1161/1118 1107/1149/1107 1106/1148/1106
f 1118/1161/1118 1119/1162/1119 1108/1150/1108 1107/1149/1107
f 1119/1162/1119 1120/1163/1120 1109/1151/1109 1108/1150/1108
f 1120/1163/1120 1121/1164/1121 1110/1152/1110 1109/1151/1109
f 1121/1164/1121 1122/1165/1122 1111/1153/1111 1110/1152/1110
f 1122/1165/1122 1123/1166/1123 1112/1154/1112 1111/1153/1111
f 1123/1166/1123 977/1015/977 964/1002/964 1112/1154/1112
f 978/1167/978 1124/1168/1124 1113/1156/1113 965/1155/965
f 1124/1168/1124 1125/1169/1125 1114/1157/1114 1113/1156/1113
f 1125/1169/1125 1126/1170/1126 1115/1158/1115 1114/1157/1114
f 1126/1170/1126 1127/1171/1127 1116/1159/1116 1115/1158/1115
f 1127/1171/1127 1128/1172/1128 1117/1160/1117 1116/1159/1116
f 1128/1172/1128 1129/1173/1129 1118/1161/1118 1117/1160/1117
f 1129/1173/1129 1130/1174/1130 1119/1162/1119 1118/1161/1118
f 1130/1174/1130 1131/1175/1131 1120/1163/1120 1119/1162/1119
f 1131/1175/1131 1132/1176/1132 1121/1164/1121 1120/1163/1120
f 1132/1176/1132 1133/1177/1133 1122/1165/1122 1121/1164/1121
f 1133/1177/1133 1134/1178/1134 1123/1166/1123 1122/1165/1122
f 1134/1178/1134 990/1028/990 977/1015/977 1123/1166/1123
f 991/1179/991 1135/1180/1135 1124/1168/1124 978/1167/978
f 1135/1180/1135 1136/1181/1136 1125/1169/1125 1124/1168/1124
f 1136/1181/1136 1137/1182/1137 1126/1170/1126 1125/1169/1125
f 1137/1182/1137 1138/1183/1138 1127/1171/1127 1126/1170/1126
f 1138/1183/1138 1139/1184/1139 1128/1172/1128 1127/1171/1127
f 1139/1184/1139 1140/1185/1140 1129/1173/1129 1128/1172/1128
f 1140/1185/1140 1141/1186/1141 1130/1174/1130 1129/1173/1129
f 1141/1186/1141 1142/1187/1142 1131/1175/1131 1130/1174/1130
f 1142/1187/1142 1143/1188/1143 1132/1176/1132 1131/1175/1131
f 1143/1188/1143 1144/1189/1144 1133/1177/1133 1132/1176/1132
f 1144/1189/1144 1145/1190/1145 1134/1178/1134 1133/1177/1133
f 1145/1190/1145 1003/1041/1003 990/1028/990 1134/1178/1134
f 1004/1191/1004 1146/1192/1146 1135/1180/1135 991/1179/991
f 1146/1192/1146 1147/1193/1147 1136/1181/1136 1135/1180/1135
f 1147/1193/1147 1148/1194/1148 1137/1182/1137 1136/1181/1136
f 1148/1194/1148 1149/1195/1149 1138/1183/1138 1137/1182/1137
f 1149/1195/1149 1150/1196/1150 1139/1184/1139 1138/1183/1138
f 1150/1196/1150 1151/1197/1151 1140/1185/1140 1139/1184/1139
f 1151/1197/1151 1152/1198/1152 1141/1186/1141 1140/1185/1140
f 1152/1198/1152 1153/1199/1153 1142/1187/1142 1141/1186/1141
f 1153/1199/1153 1154/1200/1154 1143/1188/1143 1142/1187/1142
f 1154/1200/1154 1155/1201/1155 1144/1189/1144 1143/1188/1143
f 1155/1201/1155 1156/1202/1156 1145/1190/1145 1144/1189/1144
f 1156/1202/1156 1016/1054/1016 1003/1041/1003 1145/1190/1145
f 1017/1203/1017 1157/1204/1157 1146/1192/1146 1004/1191/1004
f 1157/1204/1157 1158/1205/1158 1147/1193/1147 1146/1192/1146
f 1158/1205/1158 1159/1206/1159 1148/1194/1148 1147/1193/1147
f 1159/1206/1159 1160/1207/1160 1149/1195/1149 1148/1194/1148
f 1160/1207/1160 1161/1208/1161 1150/1196/1150 1149/1195/1149
f 1161/1208/1161 1162/1209/1162 1151/1197/1151 1150/1196/1150
f 1162/1209/1162 1163/1210/1163 1152/1198/1152 1151/1197/1151
f 1163/1210/1163 1164/1211/1164 1153/1199/1153 1152/1198/1152
f 1164/1211/1164 1165/1212/1165 1154/1200/1154 1153/1199/1153
f 1165/1212/1165 1166/1213/1166 1155/1201/1155 1154/1200/1154
f 1166/1213/1166 1167/1214/1167 1156/1202/1156 1155/1201/1155
f 1167/1214/1167 1029/1067/1029 1016/1054/1016 1156/1202/1156
f 1030/1215/1030 1168/1216/1168 1157/1204/1157 1017/1203/1017
f 1168/1216/1168 1169/1217/1169 1158/1205/1158 1157/1204/1157
f 1169/1217/1169 1170/1218/1170 1159/1206/1159 1158/1205/1158
f 1170/1218/1170 1171/1219/1171 1160/1207/1160 1159/1206/1159
f 1171/1219/1171 1172/1220/1172 1161/1208/1161 1160/1207/1160
f 1172/1220/1172 1173/1221/1173 1162/1209/1162 1161/1208/1161
f 1173/1221/1173 1174/1222/1174 1163/1210/1163 1162/1209/1162
f 1174/1222/1174 1175/1223/1175 1164/1211/1164 1163/1210/1163
f 1175/1223/1175 1176/1224/1176 1165/1212/1165 1164/1211/1164
f 1176/1224/1176 1177/1225/1177 1166/1213/1166 1165/1212/1165
f 1177/1225/1177 1178/1226/1178 1167/1214/1167 1166/1213/1166
f 1178/1226/1178 1042/1080/1042 1029/1067/1029 1167/1214/1167
f 1043/1227/1043 1179/1228/1179 1168/1216/1168 1030/1215/1030
f 1179/1228/1179 1180/1229/1180 1169/1217/1169 1168/1216/1168
f 1180/1229/1180 1181/1230/1181 1170/1218/1170 1169/1217/1169
f 1181/1230/1181 1182/1231/1182 1171/1219/1171 1170/1218/1170
f 1182/1231/1182 1183/1232/1183 1172/1220/1172 1171/1219/1171
f 1183/1232/1183 1184/1233/1184 1173/1221/1173 1172/1220/1172
f 1184/1233/1184 1185/1234/1185 1174/1222/1174 1173/1221/1173
f 1185/1234/1185 1186/1235/1186 1175/1223/1175 1174/1222/1174
f 1186/1235/1186 1187/1236/1187 1176/1224/1176 1175/1223/1175
f 1187/1236/1187 1188/1237/1188 1177/1225/1177 1176/1224/1176
f 1188/1237/1188 1189/1238/1189 1178/1226/1178 1177/1225/1177
f 1189/1238/1189 1055/1093/1055 1042/1080/1042 1178/1226/1178
f 1056/1239/1056 1190/1240/1190 1179/1228/1179 1043/1227/1043
f 1190/1240/1190 1191/1241/1191 1180/1229/1180 1179/1228/1179
f 1191/1241/1191 1192/1242/1192 1181/1230/1181 1180/1229/1180
f 1192/1242/1192 1193/1243/1193 1182/1231/1182 1181/1230/1181
f 1193/1243/1193 1194/1244/1194 1183/1232/1183 1182/1231/1182
f 1194/1244/1194 1195/1245/1195 1184/1233/1184 1183/1232/1183
f 1195/1245/1195 1196/1246/1196 1185/1234/1185 1184/1233/1184
f 1196/1246/1196 1197/1247/1197 1186/1235/1186 1185/1234/1185
f 1197/1247/1197 1198/1248/1198 1187/1236/1187 1186/1235/1186
f 1198/1248/1198 1199/1249/1199 1188/1237/1188 1187/1236/1187
f 1199/1249/1199 1200/1250/1200 1189/1238/1189 1188/1237/1188
f 1200/1250/1200 1068/1106/1068 1055/1093/1055 1189/1238/1189
f 1201/1251/1201 1203/1253/1203 1202/1252/1202
f 1201/1251/1201 1204/1254/1204 1203/1253/1203
f 1201/1251/1201 1205/1255/1205 1204/1254/1204
f 1201/1251/1201 1206/1256/1206 1205/1255/1205
f 1201/1251/1201 1207/1257/1207 1206/1256/1206
f 1201/1251/1201 1208/1258/1208 1207/1257/1207
f 1201/1251/1201 1209/1259/1209 1208/1258/1208
f 1201/1251/1201 1210/1260/1210 1209/1259/1209
f 1201/1251/1201 1211/1261/1211 1210/1260/1210
f 1201/1251/1201 1212/1262/1212 1211/1261/1211
f 1201/1251/1201 1213/1263/1213 1212/1262/1212
f 1201/1251/1201 1214/1264/1214 1213/1263/1213
f 1203/1253/1203 1216/1266/1216 1215/1265/1215 1202/1252/1202
f 1204/1254/1204 1217/1267/1217 1216/1266/1216 1203/1253/1203
f 1205/1255/1205 1218/1268/1218 1217/1267/1217 1204/1254/1204
f 1206/1256/1206 1219/1269/1219 1218/1268/1218 1205/1255/1205
f 1207/1257/1207 1220/1270/1220 1219/1269/1219 1206/1256/1206
f 1208/1258/1208 1221/1271/1221 1220/1270/1220 1207/1257/1207
f 1209/1259/1209 1222/1272/1222 1221/1271/1221 1208/1258/1208
f 1210/1260/1210 1223/1273/1223 1222/1272/1222 1209/1259/1209
f 1211/1261/1211 1224/1274/1224 1223/1273/1223 1210/1260/1210
f 1212/1262/1212 1225/1275/1225 1224/1274/1224 1211/1261/1211
f 1213/1263/1213 1226/1276/1226 1225/1275/1225 1212/1262/1212
f 1214/1264/1214 1227/1277/1227 1226/1276/1226 1213/1263/1213
f 1216/1266/1216 1229/1279/1229 1228/1278/1228 1215/1265/1215
f 1217/1267/1217 1230/1280/1230 1229/1279/1229 1216/1266/1216
f 1218/1268/1218 1231/1281/1231 1230/1280/1230 1217/1267/1217
f 1219/1269/1219 1232/1282/1232 1231/1281/1231 1218/1268/1218
f 1220/1270/1220 1233/1283/1233 1232/1282/1232 1219/1269/1219
f 1221/1271/1221 1234/1284/1234 1233/1283/1233 1220/1270/1220
f 1222/1272/1222 1235/1285/1235 1234/1284/1234 1221/1271/1221
f 1223/1273/1223 1236/1286/1236 1235/1285/1235 1222/1272/1222
f 1224/1274/1224 1237/1287/1237 1236/1286/1236 1223/1273/1223
f 1225/1275/1225 1238/1288/1238 1237/1287/1237 1224/1274/1224
f 1226/1276/1226 1239/1289/1239 1238/1288/1238 1225/1275/1225
f 1227/1277/1227 1240/1290/1240 1239/1289/1239 1226/1276/1226
f 1229/1279/1229 1242/1292/1242 1241/1291/1241 1228/1278/1228
f 1230/1280/1230 1243/1293/1243 1242/1292/1242 1229/1279/1229
f 1231/1281/1231 1244/1294/1244 1243/1293/1243 1230/1280/1230
f 1232/1282/1232 1245/1295/1245 1244/1294/1244 1231/1281/1231
f 1233/1283/1233 1246/1296/1246 1245/1295/1245 1232/1282/1232
f 1234/1284/1234 1247/1297/1247 1246/1296/1246 1233/1283/1233
f 1235/1285/1235 1248/1298/1248 1247/1297/1247 1234/1284/1234
f 1236/1286/1236 1249/1299/1249 1248/1298/1248 1235/1285/1235
f 1237/1287/1237 1250/1300/1250 1249/1299/1249 1236/1286/1236
f 1238/1288/1238 1251/1301/1251 1250/1300/1250 1237/1287/1237
f 1239/1289/1239 1252/1302/1252 1251/1301/1251 1238/1288/1238
f 1240/1290/1240 1253/1303/1253 1252/1302/1252 1239/1289/1239
f 1242/1292/1242 1255/1305/1255 1254/1304/1254 1241/1291/1241
f 1243/1293/1243 1256/1306/1256 1255/1305/1255 1242/1292/1242
f 1244/1294/1244 1257/1307/1257 1256/1306/1256 1243/1293/1243
f 1245/1295/1245 1258/1308/1258 1257/1307/1257 1244/1294/1244
f 1246/1296/1246 1259/1309/1259 1258/1308/1258 1245/1295/1245
f 1247/1297/1247 1260/1310/1260 1259/1309/1259 1246/1296/1246
f 1248/1298/1248 1261/1311/1261 1260/1310/1260 1247/1297/1247
f 1249/1299/1249 1262/1312/1262 1261/1311/1261 1248/1298/1248
f 1250/1300/1250 1263/1313/1263 1262/1312/1262 1249/1299/1249
f 1251/1301/1251 1264/1314/1264 1263/1313/1263 1250/1300/1250
f 1252/1302/1252 1265/1315/1265 1264/1314/1264 1251/1301/1251
f 1253/1303/1253 1266/1316/1266 1265/1315/1265 1252/1302/1252
f 1255/1305/1255 1268/1318/1268 1267/1317/1267 1254/1304/1254
f 1256/1306/1256 1269/1319/1269 1268/1318/1268 1255/1305/1255
f 1257/1307/1257 1270/1320/1270 1269/1319/1269 1256/1306/1256
f 1258/1308/1258 1271/1321/1271 1270/1320/1270 1257/1307/1257
f 1259/1309/1259 1272/1322/1272 1271/1321/1271 1258/1308/1258
f 1260/1310/1260 1273/1323/1273 1272/1322/1272 1259/1309/1259
f 1261/1311/1261 1274/1324/1274 1273/1323/1273 1260/1310/1260
f 1262/1312/1262 1275/1325/1275 1274/1324/1274 1261/1311/1261
f 1263/1313/1263 1276/1326/1276 1275/1325/1275 1262/1312/1262
f 1264/1314/1264 1277/1327/1277 1276/1326/1276 1263/1313/1263
f 1265/1315/1265 1278/1328/1278 1277/1327/1277 1264/1314/1264
f 1266/1316/1266 1279/1329/1279 1278/1328/1278 1265/1315/1265
f 1268/1318/1268 1281/1331/1281 1280/1330/1280 1267/1317/1267
f 1269/1319/1269 1282/1332/1282 1281/1331/1281 1268/1318/1268
f 1270/1320/1270 1283/1333/1283 1282/1332/1282 1269/1319/1269
f 1271/1321/1271 1284/1334/1284 1283/1333/1283 1270/1320/1270
f 1272/1322/1272 1285/1335/1285 1284/1334/1284 1271/1321/1271
f 1273/1323/1273 1286/1336/1286 1285/1335/1285 1272/1322/1272
f 1274/1324/1274 1287/1337/1287 1286/1336/1286 1273/1323/1273
f 1275/1325/1275 1288/1338/1288 1287/1337/1287 1274/1324/1274
f 1276/1326/1276 1289/1339/1289 1288/1338/1288 1275/1325/1275
f 1277/1327/1277 1290/1340/1290 1289/1339/1289 1276/1326/1276
f 1278/1328/1278 1291/1341/1291 1290/1340/1290 1277/1327/1277
f 1279/1329/1279 1292/1342/1292 1291/1341/1291 1278/1328/1278
f 1281/1331/1281 1294/1344/1294 1293/1343/1293 1280/1330/1280
f 1282/1332/1282 1295/1345/1295 1294/1344/1294 1281/1331/1281
f 1283/1333/1283 1296/1346/1296 1295/1345/1295 1282/1332/1282
f 1284/1334/1284 1297/1347/1297 1296/1346/1296 1283/1333/1283
f 1285/1335/1285 1298/1348/1298 1297/1347/1297 1284/1334/1284
f 1286/1336/1286 1299/1349/1299 1298/1348/1298 1285/1335/1285
f 1287/1337/1287 1300/1350/1300 1299/1349/1299 1286/1336/1286
f 1288/1338/1288 1301/1351/1301 1300/1350/1300 1287/1337/1287
f 1289/1339/1289 1302/1352/1302 1301/1351/1301 1288/1338/1288
f 1290/1340/1290 1303/1353/1303 1302/1352/1302 1289/1339/1289
f 1291/1341/1291 1304/1354/1304 1303/1353/1303 1290/1340/1290
f 1292/1342/1292 1305/1355/1305 1304/1354/1304 1291/1341/1291
f 1294/1344/1294 1307/1357/1307 1306/1356/1306 1293/1343/1293
f 1295/1345/1295 1308/1358/1308 1307/1357/1307 1294/1344/1294
f 1296/1346/1296 1309/1359/1309 1308/1358/1308 1295/1345/1295
f 1297/1347/1297 1310/1360/1310 1309/1359/1309 1296/1346/1296
f 1298/1348/1298 1311/1361/1311 1310/1360/1310 1297/1347/1297
f 1299/1349/1299 1312/1362/1312 1311/1361/1311 1298/1348/1298
f 1300/1350/1300 1313/1363/1313 1312/1362/1312 1299/1349/1299
f 1301/1351/1301 1314/1364/1314 1313/1363/1313 1300/1350/1300
f 1302/1352/1302 1315/1365/1315 1314/1364/1314 1301/1351/1301
f 1303/1353/1303 1316/1366/1316 1315/1365/1315 1302/1352/1302
f 1304/1354/1304 1317/1367/1317 1316/1366/1316 1303/1353/1303
f 1305/1355/1305 1318/1368/1318 1317/1367/1317 1304/1354/1304
f 1307/1357/1307 1320/1370/1320 1319/1369/1319 1306/1356/1306
f 1308/1358/1308 1321/1371/1321 1320/1370/1320 1307/1357/1307
f 1309/1359/1309 1322/1372/1322 1321/1371/1321 1308/1358/1308
f 1310/1360/1310 1323/1373/1323 1322/1372/1322 1309/1359/1309
f 1311/1361/1311 1324/1374/1324 1323/1373/1323 1310/1360/1310
f 1312/1362/1312 1325/1375/1325 1324/1374/1324 1311/1361/1311
f 1313/1363/1313 1326/1376/1326 1325/1375/1325 1312/1362/1312
f 1314/1364/1314 1327/1377/1327 1326/1376/1326 1313/1363/1313
f 1315/1365/1315 1328/1378/1328 1327/1377/1327 1314/1364/1314
f 1316/1366/1316 1329/1379/1329 1328/1378/1328 1315/1365/1315
f 1317/1367/1317 1330/1380/1330 1329/1379/1329 1316/1366/1316
f 1318/1368/1318 1331/1381/1331 1330/1380/1330 1317/1367/1317
f 1320/1370/1320 1333/1383/1333 1332/1382/1332 1319/1369/1319
f 1321/1371/1321 1334/1384/1334 1333/1383/1333 1320/1370/1320
f 1322/1372/1322 1335/1385/1335 1334/1384/1334 1321/1371/1321
f 1323/1373/1323 1336/1386/1336 1335/1385/1335 1322/1372/1322
f 1324/1374/1324 1337/1387/1337 1336/1386/1336 1323/1373/1323
f 1325/1375/1325 1338/1388/1338 1337/1387/1337 1324/1374/1324
f 1326/1376/1326 1339/1389/1339 1338/1388/1338 1325/1375/1325
f 1327/1377/1327 1340/1390/1340 1339/1389/1339 1326/1376/1326
f 1328/1378/1328 1341/1391/1341 1340/1390/1340 1327/1377/1327
f 1329/1379/1329 1342/1392/1342 1341/1391/1341 1328/1378/1328
f 1330/1380/1330 1343/1393/1343 1342/1392/1342 1329/1379/1329
f 1331/1381/1331 1344/1394/1344 1343/1393/1343 1330/1380/1330
f 1333/1383/1333 1346/1396/1346 1345/1395/1345 1332/1382/1332
f 1334/1384/1334 1347/1397/1347 1346/1396/1346 1333/1383/1333
f 1335/1385/1335 1348/1398/1348 1347/1397/1347 1334/1384/1334
f 1336/1386/1336 1349/1399/1349 1348/1398/1348 1335/1385/1335
f 1337/1387/1337 1350/1400/1350 1349/1399/1349 1336/1386/1336
f 1338/1388/1338 1351/1401/1351 1350/1400/1350 1337/1387/1337
f 1339/1389/1339 1352/1402/1352 1351/1401/1351 1338/1388/1338
f 1340/1390/1340 1353/1403/1353 1352/1402/1352 1339/1389/1339
f 1341/1391/1341 1354/1404/1354 1353/1403/1353 1340/1390/1340
f 1342/1392/1342 1355/1405/1355 1354/1404/1354 1341/1391/1341
f 1343/1393/1343 1356/1406/1356 1355/1405/1355 1342/1392/1342
f 1344/1394/1344 1357/1407/1357 1356/1406/1356 1343/1393/1343
f 1201/1251/1201 1358/1408/1358 1214/1264/1214
f 1201/1251/1201 1359/1409/1359 1358/1408/1358
f 1201/1251/1201 1360/1410/1360 1359/1409/1359
f 1201/1251/1201 1361/1411/1361 1360/1410/1360
f 1201/1251/1201 1362/1412/1362 1361/1411/1361
f 1201/1251/1201 1363/1413/1363 1362/1412/1362
f 1201/1251/1201 1364/1414/1364 1363/1413/1363
f 1201/1251/1201 1365/1415/1365 1364/1414/1364
f 1201/1251/1201 1366/1416/1366 1365/1415/1365
f 1201/1251/1201 1367/1417/1367 1366/1416/1366
f 1201/1251/1201 1368/1418/1368 1367/1417/1367
f 1201/1251/1201 1369/1419/1369 1368/1418/1368
f 1358/1408/1358 1370/1420/1370 1227/1277/1227 1214/1264/1214
f 1359/1409/1359 1371/1421/1371 1370/1420/1370 1358/1408/1358
f 1360/1410/1360 1372/1422/1372 1371/1421/1371 1359/1409/1359
f 1361/1411/1361 1373/1423/1373 1372/1422/1372 1360/1410/1360
f 1362/1412/1362 1374/1424/1374 1373/1423/1373 1361/1411/1361
f 1363/1413/1363 1375/1425/1375 1374/1424/1374 1362/1412/1362
f 1364/1414/1364 1376/1426/1376 1375/1425/1375 1363/1413/1363
f 1365/1415/1365 1377/1427/1377 1376/1426/1376 1364/1414/1364
f 1366/1416/1366 1378/1428/1378 1377/1427/1377 1365/1415/1365
f 1367/1417/1367 1379/1429/1379 1378/1428/1378 1366/1416/1366
f 1368/1418/1368 1380/1430/1380 1379/1429/1379 1367/1417/1367
f 1369/1419/1369 1381/1431/1381 1380/1430/1380 1368/1418/1368
f 1370/1420/1370 1382/1432/1382 1240/1290/1240 1227/1277/1227
f 1371/1421/1371 1383/1433/1383 1382/1432/1382 1370/1420/1370
f 1372/1422/1372 1384/1434/1384 1383/1433/1383 1371/1421/1371
f 1373/1423/1373 1385/1435/1385 1384/1434/1384 1372/1422/1372
f 1374/1424/1374 1386/1436/1386 1385/1435/1385 1373/1423/1373
f 1375/1425/1375 1387/1437/1387 1386/1436/1386 1374/1424/1374
f 1376/1426/1376 1388/1438/1388 1387/1437/1387 1375/1425/1375
f 1377/1427/1377 1389/1439/1389 1388/1438/1388 1376/1426/1376
f 1378/1428/1378 1390/1440/1390 1389/1439/1389 1377/1427/1377
f 1379/1429/1379 1391/1441/1391 1390/1440/1390 1378/1428/1378
f 1380/1430/1380 1392/1442/1392 1391/1441/1391 1379/1429/1379
f 1381/1431/1381 1393/1443/1393 1392/1442/1392 1380/1430/1380
f 1382/1432/1382 1394/1444/1394 1253/1303/1253 1240/1290/1240
f 1383/1433/1383 1395/1445/1395 1394/1444/1394 1382/1432/1382
f 1384/1434/1384 1396/1446/1396 1395/1445/1395 1383/1433/1383
f 1385/1435/1385 1397/1447/1397 1396/1446/1396 1384/1434/1384
f 1386/1436/1386 1398/1448/1398 1397/1447/1397 1385/1435/1385
f 1387/1437/1387 1399/1449/1399 1398/1448/1398 1386/1436/1386
f 1388/1438/1388 1400/1450/1400 1399/1449/1399 1387/1437/1387
f 1389/1439/1389 1401/1451/1401 1400/1450/1400 1388/1438/1388
f 1390/1440/1390 1402/1452/1402 1401/1451/1401 1389/1439/1389
f 1391/1441/1391 1403/1453/1403 1402/1452/1402 1390/1440/1390
f 1392/1442/1392 1404/1454/1404 1403/1453/1403 1391/1441/1391
f 1393/1443/1393 1405/1455/1405 1404/1454/1404 1392/1442/1392
f 1394/1444/1394 1406/1456/1406 1266/1316/1266 1253/1303/1253
f 1395/1445/1395 1407/1457/1407 1406/1456/1406 1394/1444/1394
f 1396/1446/1396 1408/1458/1408 1407/1457/1407 1395/1445/1395
f 1397/1447/1397 1409/1459/1409 1408/1458/1408 1396/1446/1396
f 1398/1448/1398 1410/1460/1410 1409/1459/1409 1397/1447/1397
f 1399/1449/1399 1411/1461/1411 1410/1460/1410 1398/1448/1398
f 1400/1450/1400 1412/1462/1412 1411/1461/1411 1399/1449/1399
f 1401/1451/1401 1413/1463/1413 1412/1462/1412 1400/1450/1400
f 1402/1452/1402 1414/1464/1414 1413/1463/1413 1401/1451/1401
f 1403/1453/1403 1415/1465/1415 1414/1464/1414 1402/1452/1402
f 1404/1454/1404 1416/1466/1416 1415/1465/1415 1403/1453/1403
f 1405/1455/1405 1417/1467/1417 1416/1466/1416 1404/1454/1404
f 1406/1456/1406 1418/1468/1418 1279/1329/1279 1266/1316/1266
f 1407/1457/1407 1419/1469/1419 1418/1468/1418 1406/1456/1406
f 1408/1458/1408 1420/1470/1420 1419/1469/1419 1407/1457/1407
f 1409/1459/1409 1421/1471/1421 1420/1470/1420 1408/1458/1408
f 1410/1460/1410 1422/1472/1422 1421/1471/1421 1409/1459/1409
f 1411/1461/1411 1423/1473/1423 1422/1472/1422 1410/1460/1410
f 1412/1462/1412 1424/1474/1424 1423/1473/1423 1411/1461/1411
f 1413/1463/1413 1425/1475/1425 1424/1474/1424 1412/1462/1412
f 1414/1464/1414 1426/1476/1426 1425/1475/1425 1413/1463/1413
f 1415/1465/1415 1427/1477/1427 1426/1476/1426 1414/1464/1414
f 1416/1466/1416 1428/1478/1428 1427/1477/1427 1415/1465/1415
f 1417/1467/1417 1429/1479/1429 1428/1478/1428 1416/1466/1416
f 1418/1468/1418 1430/1480/1430 1292/1342/1292 1279/1329/1279
f 1419/1469/1419 1431/1481/1431 1430/1480/1430 1418/1468/1418
f 1420/1470/1420 1432/1482/1432 1431/1481/1431 1419/1469/1419
f 1421/1471/1421 1433/1483/1433 1432/1482/1432 1420/1470/1420
f 1422/1472/1422 1434/1484/1434 1433/1483/1433 1421/1471/1421
f 1423/1473/1423 1435/1485/1435 1434/1484/1434 1422/1472/1422
f 1424/1474/1424 1436/1486/1436 1435/1485/1435 1423/1473/1423
f 1425/1475/1425 1437/1487/1437 1436/1486/1436 1424/1474/1424
f 1426/1476/1426 1438/1488/1438 1437/1487/1437 1425/1475/1425
f 1427/1477/1427 1439/1489/1439 1438/1488/1438 1426/1476/1426
f 1428/1478/1428 1440/1490/1440 1439/1489/1439 1427/1477/1427
f 1429/1479/1429 1441/1491/1441 1440/1490/1440 1428/1478/1428
f 1430/1480/1430 1442/1492/1442 1305/1355/1305 1292/1342/1292
f 1431/1481/1431 1443/1493/1443 1442/1492/1442 1430/1480/1430
f 1432/1482/1432 1444/1494/1444 1443/1493/1443 1431/1481/1431
f 1433/1483/1433 1445/1495/1445 1444/1494/1444 1432/1482/1432
f 1434/1484/1434 1446/1496/1446 1445/1495/1445 1433/1483/1433
f 1435/1485/1435 1447/1497/1447 1446/1496/1446 1434/1484/1434
f 1436/1486/1436 1448/1498/1448 1447/1497/1447 1435/1485/1435
f 1437/1487/1437 1449/1499/1449 1448/1498/1448 1436/1486/1436
f 1438/1488/1438 1450/1500/1450 1449/1499/1449 1437/1487/1437
f 1439/1489/1439 1451/1501/1451 1450/1500/1450 1438/1488/1438
f 1440/1490/1440 1452/1502/1452 1451/1501/1451 1439/1489/1439
f 1441/1491/1441 1453/1503/1453 1452/1502/1452 1440/1490/1440
f 1442/1492/1442 1454/1504/1454 1318/1368/1318 1305/1355/1305
f 1443/1493/1443 1455/1505/1455 1454/1504/1454 1442/1492/1442
f 1444/1494/1444 1456/1506/1456 1455/1505/1455 1443/1493/1443
f 1445/1495/1445 1457/1507/1457 1456/1506/1456 1444/1494/1444
f 1446/1496/1446 1458/1508/1458 1457/1507/1457 1445/1495/1445
f 1447/1497/1447 1459/1509/1459 1458/1508/1458 1446/1496/1446
f 1448/1498/1448 1460/1510/1460 1459/1509/1459 1447/1497/1447
f 1449/1499/1449 1461/1511/1461 1460/1510/1460 1448/1498/1448
f 1450/1500/1450 1462/1512/1462 1461/1511/1461 1449/1499/1449
f 1451/1501/1451 1463/1513/1463 1462/1512/1462 1450/1500/1450
f 1452/1502/1452 1464/1514/1464 1463/1513/1463 1451/1501/1451
f 1453/1503/1453 1465/1515/1465 1464/1514/1464 1452/1502/1452
f 1454/1504/1454 1466/1516/1466 1331/1381/1331 1318/1368/1318
f 1455/1505/1455 1467/1517/1467 1466/1516/1466 1454/1504/1454
f 1456/1506/1456 1468/1518/1468 1467/1517/1467 1455/1505/1455
f 1457/1507/1457 1469/1519/1469 1468/1518/1468 1456/1506/1456
f 1458/1508/1458 1470/1520/1470 1469/1519/1469 1457/1507/1457
f 1459/1509/1459 1471/1521/1471 1470/1520/1470 1458/1508/1458
f 1460/1510/1460 1472/1522/1472 1471/1521/1471 1459/1509/1459
f 1461/1511/1461 1473/1523/1473 1472/1522/1472 1460/1510/1460
f 1462/1512/1462 1474/1524/1474 1473/1523/1473 1461/1511/1461
f 1463/1513/1463 1475/1525/1475 1474/1524/1474 1462/1512/1462
f 1464/1514/1464 1476/1526/1476 1475/1525/1475 1463/1513/1463
f 1465/1515/1465 1477/1527/1477 1476/1526/1476 1464/1514/1464
f 1466/1516/1466 1478/1528/1478 1344/1394/1344 1331/1381/1331
f 1467/1517/1467 1479/1529/1479 1478/1528/1478 1466/1516/1466
f 1468/1518/1468 1480/1530/1480 1479/1529/1479 1467/1517/1467
f 1469/1519/1469 1481/1531/1481 1480/1530/1480 1468/1518/1468
f 1470/1520/1470 1482/1532/1482 1481/1531/1481 1469/1519/1469
f 1471/1521/1471 1483/1533/1483 1482/1532/1482 1470/1520/1470
f 1472/1522/1472 1484/1534/1484 1483/1533/1483 1471/1521/1471
f 1473/1523/1473 1485/1535/1485 1484/1534/1484 1472/1522/1472
f 1474/1524/1474 1486/1536/1486 1485/1535/1485 1473/1523/1473
f 1475/1525/1475 1487/1537/1487 1486/1536/1486 1474/1524/1474
f 1476/1526/1476 1488/1538/1488 1487/1537/1487 1475/1525/1475
f 1477/1527/1477 1489/1539/1489 1488/1538/1488 1476/1526/1476
f 1478/1528/1478 1490/1540/1490 1357/1407/1357 1344/1394/1344
f 1479/1529/1479 1491/1541/1491 1490/1540/1490 1478/1528/1478
f 1480/1530/1480 1492/1542/1492 1491/1541/1491 1479/1529/1479
f 1481/1531/1481 1493/1543/1493 1492/1542/1492 1480/1530/1480
f 1482/1532/1482 1494/1544/1494 1493/1543/1493 1481/1531/1481
f 1483/1533/1483 1495/1545/1495 1494/1544/1494 1482/1532/1482
f 1484/1534/1484 1496/1546/1496 1495/1545/1495 1483/1533/1483
f 1485/1535/1485 1497/1547/1497 1496/1546/1496 1484/1534/1484
f 1486/1536/1486 1498/1548/1498 1497/1547/1497 1485/1535/1485
f 1487/1537/1487 1499/1549/1499 1498/1548/1498 1486/1536/1486
f 1488/1538/1488 1500/1550/1500 1499/1549/1499 1487/1537/1487
f 1489/1539/1489 1501/1551/1501 1500/1550/1500 1488/1538/1488
f 1502/1552/1502 1503/1553/1503 1201/1251/1201
f 1503/1553/1503 1504/1554/1504 1201/1251/1201
f 1504/1554/1504 1505/1555/1505 1201/1251/1201
f 1505/1555/1505 1506/1556/1506 1201/1251/1201
f 1506/1556/1506 1507/1557/1507 1201/1251/1201
f 1507/1557/1507 1508/1558/1508 1201/1251/1201
f 1508/1558/1508 1509/1559/1509 1201/1251/1201
f 1509/1559/1509 1510/1560/1510 1201/1251/1201
f 1510/1560/1510 1511/1561/1511 1201/1251/1201
f 1511/1561/1511 1512/1562/1512 1201/1251/1201
f 1512/1562/1512 1513/1563/1513 1201/1251/1201
f 1513/1563/1513 1369/1419/1369 1201/1251/1201
f 1514/1564/1514 1515/1565/1515 1503/1553/1503 1502/1552/1502
f 1515/1565/1515 1516/1566/1516 1504/1554/1504 1503/1553/1503
f 1516/1566/1516 1517/1567/1517 1505/1555/1505 1504/1554/1504
f 1517/1567/1517 1518/1568/1518 1506/1556/1506 1505/1555/1505
f 1518/1568/1518 1519/1569/1519 1507/1557/1507 1506/1556/1506
f 1519/1569/1519 1520/1570/1520 1508/1558/1508 1507/1557/1507
f 1520/1570/1520 1521/1571/1521 1509/1559/1509 1508/1558/1508
f 1521/1571/1521 1522/1572/1522 1510/1560/1510 1509/1559/1509
f 1522/1572/1522 1523/1573/1523 1511/1561/1511 1510/1560/1510
f 1523/1573/1523 1524/1574/1524 1512/1562/1512 1511/1561/1511
f 1524/1574/1524 1525/1575/1525 1513/1563/1513 1512/1562/1512
f 1525/1575/1525 1381/1431/1381 1369/1419/1369 1513/1563/1513
f 1526/1576/1526 1527/1577/1527 1515/1565/1515 1514/1564/1514
f 1527/1577/1527 1528/1578/1528 1516/1566/1516 1515/1565/1515
f 1528/1578/1528 1529/1579/1529 1517/1567/1517 1516/1566/1516
f 1529/1579/1529 1530/1580/1530 1518/1568/1518 1517/1567/1517
f 1530/1580/1530 1531/1581/1531 1519/1569/1519 1518/1568/1518
f 1531/1581/1531 1532/1582/1532 1520/1570/1520 1519/1569/1519
f 1532/1582/1532 1533/1583/1533 1521/1571/1521 1520/1570/1520
f 1533/1583/1533 1534/1584/1534 1522/1572/1522 1521/1571/1521
f 1534/1584/1534 1535/1585/1535 1523/1573/1523 1522/1572/1522
f 1535/1585/1535 1536/1586/1536 1524/1574/1524 1523/1573/1523
f 1536/1586/1536 1537/1587/1537 1525/1575/1525 1524/1574/1524
f 1537/1587/1537 1393/1443/1393 1381/1431/1381 1525/1575/1525
f 1538/1588/1538 1539/1589/1539 1527/1577/1527 1526/1576/1526
f 1539/1589/1539 1540/1590/1540 1528/1578/1528 1527/1577/1527
f 1540/1590/1540 1541/1591/1541 1529/1579/1529 1528/1578/1528
f 1541/1591/1541 1542/1592/1542 1530/1580/1530 1529/1579/1529
f 1542/1592/1542 1543/1593/1543 1531/1581/1531 1530/1580/1530
f 1543/1593/1543 1544/1594/1544 1532/1582/1532 1531/1581/1531
f 1544/1594/1544 1545/1595/1545 1533/1583/1533 1532/1582/1532
f 1545/1595/1545 1546/1596/1546 1534/1584/1534 1533/1583/1533
f 1546/1596/1546 1547/1597/1547 1535/1585/1535 1534/1584/1534
f 1547/1597/1547 1548/1598/1548 1536/1586/1536 1535/1585/1535
f 1548/1598/1548 1549/1599/1549 1537/1587/1537 1536/1586/1536
f 1549/1599/1549 1405/1455/1405 1393/1443/1393 1537/1587/1537
f 1550/1600/1550 1551/1601/1551 1539/1589/1539 1538/1588/1538
f 1551/1601/1551 1552/1602/1552 1540/1590/1540 1539/1589/1539
f 1552/1602/1552 1553/1603/1553 1541/1591/1541 1540/1590/1540
f 1553/1603/1553 1554/1604/1554 1542/1592/1542 1541/1591/1541
f 1554/1604/1554 1555/1605/1555 1543/1593/1543 1542/1592/1542
f 1555/1605/1555 1556/1606/1556 1544/1594/1544 1543/1593/1543
f 1556/1606/1556 1557/1607/1557 1545/1595/1545 1544/1594/1544
f 1557/1607/1557 1558/1608/1558 1546/1596/1546 1545/1595/1545
f 1558/1608/1558 1559/1609/1559 1547/1597/1547 1546/1596/1546
f 1559/1609/1559 1560/1610/1560 1548/1598/1548 1547/1597/1547
f 1560/1610/1560 1561/1611/1561 1549/1599/1549 1548/1598/1548
f 1561/1611/1561 1417/1467/1417 1405/1455/1405 1549/1599/1549
f 1562/1612/1562 1563/1613/1563 1551/1601/1551 1550/1600/1550
f 1563/1613/1563 1564/1614/1564 1552/1602/1552 1551/1601/1551
f 1564/1614/1564 1565/1615/1565 1553/1603/1553 1552/1602/1552
f 1565/1615/1565 1566/1616/1566 1554/1604/1554 1553/1603/1553
f 1566/1616/1566 1567/1617/1567 1555/1605/1555 1554/1604/1554
f 1567/1617/1567 1568/1618/1568 1556/1606/1556 1555/1605/1555
f 1568/1618/1568 1569/1619/1569 1557/1607/1557 1556/1606/1556
f 1569/1619/1569 1570/1620/1570 1558/1608/1558 1557/1607/1557
f 1570/1620/1570 1571/1621/1571 1559/1609/1559 1558/1608/1558
f 1571/1621/1571 1572/1622/1572 1560/1610/1560 1559/1609/1559
f 1572/1622/1572 1573/1623/1573 1561/1611/1561 1560/1610/1560
f 1573/1623/1573 1429/1479/1429 1417/1467/1417 1561/1611/1561
f 1574/1624/1574 1575/1625/1575 1563/1613/1563 1562/1612/1562
f 1575/1625/1575 1576/1626/1576 1564/1614/1564 1563/1613/1563
f 1576/1626/1576 1577/1627/1577 1565/1615/1565 1564/1614/1564
f 1577/1627/1577 1578/1628/1578 1566/1616/1566 1565/1615/1565
f 1578/1628/1578 1579/1629/1579 1567/1617/1567 1566/1616/1566
f 1579/1629/1579 1580/1630/1580 1568/1618/1568 1567/1617/1567
f 1580/1630/1580 1581/1631/1581 1569/1619/1569 1568/1618/1568
f 1581/1631/1581 1582/1632/1582 1570/1620/1570 1569/1619/1569
f 1582/1632/1582 1583/1633/1583 1571/1621/1571 1570/1620/1570
f 1583/1633/1583 1584/1634/1584 1572/1622/1572 1571/1621/1571
f 1584/1634/1584 1585/1635/1585 1573/1623/1573 1572/1622/1572
f 1585/1635/1585 1441/1491/1441 1429/1479/1429 1573/1623/1573
f 1586/1636/1586 1587/1637/1587 1575/1625/1575 1574/1624/1574
f 1587/1637/1587 1588/1638/1588 1576/1626/1576 1575/1625/1575
f 1588/1638/1588 1589/1639/1589 1577/1627/1577 1576/1626/1576
f 1589/1639/1589 1590/1640/1590 1578/1628/1578 1577/1627/1577
f 1590/1640/1590 1591/1641/1591 1579/1629/1579 1578/1628/1578
f 1591/1641/1591 1592/1642/1592 1580/1630/1580 1579/1629/1579
f 1592/1642/1592 1593/1643/1593 1581/1631/1581 1580/1630/1580
f 1593/1643/1593 1594/1644/1594 1582/1632/1582 1581/1631/1581
f 1594/1644/1594 1595/1645/1595 1583/1633/1583 1582/1632/1582
f 1595/1645/1595 1596/1646/1596 1584/1634/1584 1583/1633/1583
f 1596/1646/1596 1597/1647/1597 1585/1635/1585 1584/1634/1584
f 1597/1647/1597 1453/1503/1453 1441/1491/1441 1585/1635/1585
f 1598/1648/1598 1599/1649/1599 1587/1637/1587 1586/1636/1586
f 1599/1649/1599 1600/1650/1600 1588/1638/1588 1587/1637/1587
f 1600/1650/1600 1601/1651/1601 1589/1639/1589 1588/1638/1588
f 1601/1651/1601 1602/1652/1602 1590/1640/1590 1589/1639/1589
f 1602/1652/1602 1603/1653/1603 1591/1641/1591 1590/1640/1590
f 1603/1653/1603 1604/1654/1604 1592/1642/1592 1591/1641/1591
f 1604/1654/1604 1605/1655/1605 1593/1643/1593 1592/1642/1592
f 1605/1655/1605 1606/1656/1606 1594/1644/1594 1593/1643/1593
f 1606/1656/1606 1607/1657/1607 1595/1645/1595 1594/1644/1594
f 1607/1657/1607 1608/1658/1608 1596/1646/1596 1595/1645/1595
f 1608/1658/1608 1609/1659/1609 1597/1647/1597 1596/1646/1596
f 1609/1659/1609 1465/1515/1465 1453/1503/1453 1597/1647/1597
f 1610/1660/1610 1611/1661/1611 1599/1649/1599 1598/1648/1598
f 1611/1661/1611 1612/1662/1612 1600/1650/1600 1599/1649/1599
f 1612/1662/1612 1613/1663/1613 1601/1651/1601 1600/1650/1600
f 1613/1663/1613 1614/1664/1614 1602/1652/1602 1601/1651/1601
f 1614/1664/1614 1615/1665/1615 1603/1653/1603 1602/1652/1602
f 1615/1665/1615 1616/1666/1616 1604/1654/1604 1603/1653/1603
f 1616/1666/1616 1617/1667/1617 1605/1655/1605 1604/1654/1604
f 1617/1667/1617 1618/1668/1618 1606/1656/1606 1605/1655/1605
f 1618/1668/1618 1619/1669/1619 1607/1657/1607 1606/1656/1606
f 1619/1669/1619 1620/1670/1620 1608/1658/1608 1607/1657/1607
f 1620/1670/1620 1621/1671/1621 1609/1659/1609 1608/1658/1608
f 1621/1671/1621 1477/1527/1477 1465/1515/1465 1609/1659/1609
f 1622/1672/1622 1623/1673/1623 1611/1661/1611 1610/1660/1610
f 1623/1673/1623 1624/1674/1624 1612/1662/1612 1611/1661/1611
f 1624/1674/1624 1625/1675/1625 1613/1663/1613 1612/1662/1612
f 1625/1675/1625 1626/1676/1626 1614/1664/1614 1613/1663/1613
f 1626/1676/1626 1627/1677/1627 1615/1665/1615 1614/1664/1614
f 1627/1677/1627 1628/1678/1628 1616/1666/1616 1615/1665/1615
f 1628/1678/1628 1629/1679/1629 1617/1667/1617 1616/1666/1616
f 1629/1679/1629 1630/1680/1630 1618/1668/1618 1617/1667/1617
f 1630/1680/1630 1631/1681/1631 1619/1669/1619 1618/1668/1618
f 1631/1681/1631 1632/1682/1632 1620/1670/1620 1619/1669/1619
f 1632/1682/1632 1633/1683/1633 1621/1671/1621 1620/1670/1620
f 1633/1683/1633 1489/1539/1489 1477/1527/1477 1621/1671/1621
f 1634/1684/1634 1635/1685/1635 1623/1673/1623 1622/1672/1622
f 1635/1685/1635 1636/1686/1636 1624/1674/1624 1623/1673/1623
f 1636/1686/1636 1637/1687/1637 1625/1675/1625 1624/1674/1624
f 1637/1687/1637 1638/1688/1638 1626/1676/1626 1625/1675/1625
f 1638/1688/1638 1639/1689/1639 1627/1677/1627 1626/1676/1626
f 1639/1689/1639 1640/1690/1640 1628/1678/1628 1627/1677/1627
f 1640/1690/1640 1641/1691/1641 1629/1679/1629 1628/1678/1628
f 1641/1691/1641 1642/1692/1642 1630/1680/1630 1629/1679/1629
f 1642/1692/1642 1643/1693/1643 1631/1681/1631 1630/1680/1630
f 1643/1693/1643 1644/1694/1644 1632/1682/1632 1631/1681/1631
f 1644/1694/1644 1645/1695/1645 1633/1683/1633 1632/1682/1632
f 1645/1695/1645 1501/1551/1501 1489/1539/1489 1633/1683/1633
f 1202/1252/1202 1646/1696/1646 1201/1251/1201
f 1646/1696/1646 1647/1697/1647 1201/1251/1201
f 1647/1697/1647 1648/1698/1648 1201/1251/1201
f 1648/1698/1648 1649/1699/1649 1201/1251/1201
f 1649/1699/1649 1650/1700/1650 1201/1251/1201
f 1650/1700/1650 1651/1701/1651 1201/1251/1201
f 1651/1701/1651 1652/1702/1652 1201/1251/1201
f 1652/1702/1652 1653/1703/1653 1201/1251/1201
f 1653/1703/1653 1654/1704/1654 1201/1251/1201
f 1654/1704/1654 1655/1705/1655 1201/1251/1201
f 1655/1705/1655 1656/1706/1656 1201/1251/1201
f 1656/1706/1656 1502/1552/1502 1201/1251/1201
f 1215/1265/1215 1657/1707/1657 1646/1696/1646 1202/1252/1202
f 1657/1707/1657 1658/1708/1658 1647/1697/1647 1646/1696/1646
f 1658/1708/1658 1659/1709/1659 1648/1698/1648 1647/1697/1647
f 1659/1709/1659 1660/1710/1660 1649/1699/1649 1648/1698/1648
f 1660/1710/1660 1661/1711/1661 1650/1700/1650 1649/1699/1649
f 1661/1711/1661 1662/1712/1662 1651/1701/1651 1650/1700/1650
f 1662/1712/1662 1663/1713/1663 1652/1702/1652 1651/1701/1651
f 1663/1713/1663 1664/1714/1664 1653/1703/1653 1652/1702/1652
f 1664/1714/1664 1665/1715/1665 1654/1704/1654 1653/1703/1653
f 1665/1715/1665 1666/1716/1666 1655/1705/1655 1654/1704/1654
f 1666/1716/1666 1667/1717/1667 1656/1706/1656 1655/1705/1655
f 1667/1717/1667 1514/1564/1514 1502/1552/1502 1656/1706/1656
f 1228/1278/1228 1668/1718/1668 1657/1707/1657 1215/1265/1215
f 1668/1718/1668 1669/1719/1669 1658/1708/1658 1657/1707/1657
f 1669/1719/1669 1670/1720/1670 1659/1709/1659 1658/1708/1658
f 1670/1720/1670 1671/1721/1671 1660/1710/1660 1659/1709/1659
f 1671/1721/1671 1672/1722/1672 1661/1711/1661 1660/1710/1660
f 1672/1722/1672 1673/1723/1673 1662/1712/1662 1661/1711/1661
f 1673/1723/1673 1674/1724/1674 1663/1713/1663 1662/1712/1662
f 1674/1724/1674 1675/1725/1675 1664/1714/1664 1663/1713/1663
f 1675/1725/1675 1676/1726/1676 1665/1715/1665 1664/1714/1664
f 1676/1726/1676 1677/1727/1677 1666/1716/1666 1665/1715/1665
f 1677/1727/1677 1678/1728/1678 1667/1717/1667 1666/1716/1666
f 1678/1728/1678 1526/1576/1526 1514/1564/1514 1667/1717/1667
f 1241/1291/1241 1679/1729/1679 1668/1718/1668 1228/1278/1228
f 1679/1729/1679 1680/1730/1680 1669/1719/1669 1668/1718/1668
f 1680/1730/1680 1681/1731/1681 1670/1720/1670 1669/1719/1669
f 1681/1731/1681 1682/1732/1682 1671/1721/1671 1670/1720/1670
f 1682/1732/1682 1683/1733/1683 1672/1722/1672 1671/1721/1671
f 1683/1733/1683 1684/1734/1684 1673/1723/1673 1672/1722/1672
f 1684/1734/1684 1685/1735/1685 1674/1724/1674 1673/1723/1673
f 1685/1735/1685 1686/1736/1686 1675/1725/1675 1674/1724/1674
f 1686/1736/1686 1687/1737/1687 1676/1726/1676 1675/1725/1675
f 1687/1737/1687 1688/1738/1688 1677/1727/1677 1676/1726/1676
f 1688/1738/1688 1689/1739/1689 1678/1728/1678 1677/1727/1677
f 1689/1739/1689 1538/1588/1538 1526/1576/1526 1678/1728/1678
f 1254/1304/1254 1690/1740/1690 1679/1729/1679 1241/1291/1241
f 1690/1740/1690 1691/1741/1691 1680/1730/1680 1679/1729/1679
f 1691/1741/1691 1692/1742/1692 1681/1731/1681 1680/1730/1680
f 1692/1742/1692 1693/1743/1693 1682/1732/1682 1681/1731/1681
f 1693/1743/1693 1694/1744/1694 1683/1733/1683 1682/1732/1682
f 1694/1744/1694 1695/1745/1695 1684/1734/1684 1683/1733/1683
f 1695/1745/1695 1696/1746/1696 1685/1735/1685 1684/1734/1684
f 1696/1746/1696 1697/1747/1697 1686/1736/1686 1685/1735/1685
f 1697/1747/1697 1698/1748/1698 1687/1737/1687 1686/1736/1686
f 1698/1748/1698 1699/1749/1699 1688/1738/1688 1687/1737/1687
f 1699/1749/1699 1700/1750/1700 1689/1739/1689 1688/1738/1688
f 1700/1750/1700 1550/1600/1550 1538/1588/1538 1689/1739/1689
f 1267/1317/1267 1701/1751/1701 1690/1740/1690 1254/1304/1254
f 1701/1751/1701 1702/1752/1702 1691/1741/1691 1690/1740/1690
f 1702/1752/1702 1703/1753/1703 1692/1742/1692 1691/1741/1691
f 1703/1753/1703 1704/1754/1704 1693/1743/1693 1692/1742/1692
f 1704/1754/1704 1705/1755/1705 1694/1744/1694 1693/1743/1693
f 1705/1755/1705 1706/1756/1706 1695/1745/1695 1694/1744/1694
f 1706/1756/1706 1707/1757/1707 1696/1746/1696 1695/1745/1695
f 1707/1757/1707 1708/1758/1708 1697/1747/1697 1696/1746/1696
f 1708/1758/1708 1709/1759/1709 1698/1748/1698 1697/1747/1697
f 1709/1759/1709 1710/1760/1710 1699/1749/1699 1698/1748/1698
f 1710/1760/1710 1711/1761/1711 1700/1750/1700 1699/1749/1699
f 1711/1761/1711 1562/1612/1562 1550/1600/1550 1700/1750/1700
f 1280/1330/1280 1712/1762/1712 1701/1751/1701 1267/1317/1267
f 1712/1762/1712 1713/1763/1713 1702/1752/1702 1701/1751/1701
f 1713/1763/1713 1714/1764/1714 1703/1753/1703 1702/1752/1702
f 1714/1764/1714 1715/1765/1715 1704/1754/1704 1703/1753/1703
f 1715/1765/1715 1716/1766/1716 1705/1755/1705 1704/1754/1704
f 1716/1766/1716 1717/1767/1717 1706/1756/1706 1705/1755/1705
f 1717/1767/1717 1718/1768/1718 1707/1757/1707 1706/1756/1706
f 1718/1768/1718 1719/1769/1719 1708/1758/1708 1707/1757/1707
f 1719/1769/1719 1720/1770/1720 1709/1759/1709 1708/1758/1708
f 1720/1770/1720 1721/1771/1721 1710/1760/1710 1709/1759/1709
f 1721/1771/1721 1722/1772/1722 1711/1761/1711 1710/1760/1710
f 1722/1772/1722 1574/1624/1574 1562/1612/1562 1711/1761/1711
f 1293/1343/1293 1723/1773/1723 1712/1762/1712 1280/1330/1280
f 1723/1773/1723 1724/1774/1724 1713/1763/1713 1712/1762/1712
f 1724/1774/1724 1725/1775/1725 1714/1764/1714 1713/1763/1713
f 1725/1775/1725 1726/1776/1726 1715/1765/1715 1714/1764/1714
f 1726/1776/1726 1727/1777/1727 1716/1766/1716 1715/1765/1715
f 1727/1777/1727 1728/1778/1728 1717/1767/1717 1716/1766/1716
f 1728/1778/1728 1729/1779/1729 1718/1768/1718 1717/1767/1717
f 1729/1779/1729 1730/1780/1730 1719/1769/1719 1718/1768/1718
f 1730/1780/1730 1731/1781/1731 1720/1770/1720 1719/1769/1719
f 1731/1781/1731 1732/1782/1732 1721/1771/1721 1720/1770/1720
f 1732/1782/1732 1733/1783/1733 1722/1772/1722 1721/1771/1721
f 1733/1783/1733 1586/1636/1586 1574/1624/1574 1722/1772/1722
f 1306/1356/1306 1734/1784/1734 1723/1773/1723 1293/1343/1293
f 1734/1784/1734 1735/1785/1735 1724/1774/1724 1723/1773/1723
f 1735/1785/1735 1736/1786/1736 1725/1775/1725 1724/1774/1724
f 1736/1786/1736 1737/1787/1737 1726/1776/1726 1725/1775/1725
f 1737/1787/1737 1738/1788/1738 1727/1777/1727 1726/1776/1726
f 1738/1788/1738 1739/1789/1739 1728/1778/1728 1727/1777/1727
f 1739/1789/1739 1740/1790/1740 1729/1779/1729 1728/1778/1728
f 1740/1790/1740 1741/1791/1741 1730/1780/1730 1729/1779/1729
f 1741/1791/1741 1742/1792/1742 1731/1781/1731 1730/1780/1730
f 1742/1792/1742 1743/1793/1743 1732/1782/1732 1731/1781/1731
f 1743/1793/1743 1744/1794/1744 1733/1783/1733 1732/1782/1732
f 1744/1794/1744 1598/1648/1598 1586/1636/1586 1733/1783/1733
f 1319/1369/1319 1745/1795/1745 1734/1784/1734 1306/1356/1306
f 1745/1795/1745 1746/1796/1746 1735/1785/1735 1734/1784/1734
f 1746/1796/1746 1747/1797/1747 1736/1786/1736 1735/1785/1735
f 1747/1797/1747 1748/1798/1748 1737/1787/1737 1736/1786/1736
f 1748/1798/1748 1749/1799/1749 1738/1788/1738 1737/1787/1737
f 1749/1799/1749 1750/1800/1750 1739/1789/1739 1738/1788/1738
f 1750/1800/1750 1751/1801/1751 1740/1790/1740 1739/1789/1739
f 1751/1801/1751 1752/1802/1752 1741/1791/1741 1740/1790/1740
f 1752/1802/1752 1753/1803/1753 1742/1792/1742 1741/1791/1741
f 1753/1803/1753 1754/1804/1754 1743/1793/1743 1742/1792/1742
f 1754/1804/1754 1755/1805/1755 1744/1794/1744 1743/1793/1743
f 1755/1805/1755 1610/1660/1610 1598/1648/1598 1744/1794/1744
f 1332/1382/1332 1756/1806/1756 1745/1795/1745 1319/1369/1319
f 1756/1806/1756 1757/1807/1757 1746/1796/1746 1745/1795/1745
f 1757/1807/1757 1758/1808/1758 1747/1797/1747 1746/1796/1746
f 1758/1808/1758 1759/1809/1759 1748/1798/1748 1747/1797/1747
f 1759/1809/1759 1760/1810/1760 1749/1799/1749 1748/1798/1748
f 1760/1810/1760 1761/1811/1761 1750/1800/1750 1749/1799/1749
f 1761/1811/1761 1762/1812/1762 1751/1801/1751 1750/1800/1750
f 1762/1812/1762 1763/1813/1763 1752/1802/1752 1751/1801/1751
f 1763/1813/1763 1764/1814/1764 1753/1803/1753 1752/1802/1752
f 1764/1814/1764 1765/1815/1765 1754/1804/1754 1753/1803/1753
f 1765/1815/1765 1766/1816/1766 1755/1805/1755 1754/1804/1754
f 1766/1816/1766 1622/1672/1622 1610/1660/1610 1755/1805/1755
f 1345/1395/1345 1767/1817/1767 1756/1806/1756 1332/1382/1332
f 1767/1817/1767 1768/1818/1768 1757/1807/1757 1756/1806/1756
f 1768/1818/1768 1769/1819/1769 1758/1808/1758 1757/1807/1757
f 1769/1819/1769 1770/1820/1770 1759/1809/1759 1758/1808/1758
f 1770/1820/1770 1771/1821/1771 1760/1810/1760 1759/1809/1759
f 1771/1821/1771 1772/1822/1772 1761/1811/1761 1760/1810/1760
f 1772/1822/1772 1773/1823/1773 1762/1812/1762 1761/1811/1761
f 1773/1823/1773 1774/1824/1774 1763/1813/1763 1762/1812/1762
f 1774/1824/1774 1775/1825/1775 1764/1814/1764 1763/1813/1763
f 1775/1825/1775 1776/1826/1776 1765/1815/1765 1764/1814/1764
f 1776/1826/1776 1777/1827/1777 1766/1816/1766 1765/1815/1765
f 1777/1827/1777 1634/1684/1634 1622/1672/1622 1766/1816/1766
f 1346/1829/1346 1779/1842/1779 1778/1841/1778 1345/1828/1345
f 1347/1830/1347 1780/1843/1780 1779/1842/1779 1346/1829/1346
f 1348/1831/1348 1781/1844/1781 1780/1843/1780 1347/1830/1347
f 1349/1832/1349 1782/1845/1782 1781/1844/1781 1348/1831/1348
f 1350/1833/1350 1783/1846/1783 1782/1845/1782 1349/1832/1349
f 1351/1834/1351 1784/1847/1784 1783/1846/1783 1350/1833/1350
f 1352/1835/1352 1785/1848/1785 1784/1847/1784 1351/1834/1351
f 1353/1836/1353 1786/1849/1786 1785/1848/1785 1352/1835/1352
f 1354/1837/1354 1787/1850/1787 1786/1849/1786 1353/1836/1353
f 1355/1838/1355 1788/1851/1788 1787/1850/1787 1354/1837/1354
f 1356/1839/1356 1789/1852/1789 1788/1851/1788 1355/1838/1355
f 1357/1840/1357 1790/1853/1790 1789/1852/1789 1356/1839/1356
f 1779/1842/1779 1792/1855/1792 1791/1854/1791 1778/1841/1778
f 1780/1843/1780 1793/1856/1793 1792/1855/1792 1779/1842/1779
f 1781/1844/1781 1794/1857/1794 1793/1856/1793 1780/1843/1780
f 1782/1845/1782 1795/1858/1795 1794/1857/1794 1781/1844/1781
f 1783/1846/1783 1796/1859/1796 1795/1858/1795 1782/1845/1782
f 1784/1847/1784 1797/1860/1797 1796/1859/1796 1783/1846/1783
f 1785/1848/1785 1798/1861/1798 1797/1860/1797 1784/1847/1784
f 1786/1849/1786 1799/1862/1799 1798/1861/1798 1785/1848/1785
f 1787/1850/1787 1800/1863/1800 1799/1862/1799 1786/1849/1786
f 1788/1851/1788 1801/1864/1801 1800/1863/1800 1787/1850/1787
f 1789/1852/1789 1802/1865/1802 1801/1864/1801 1788/1851/1788
f 1790/1853/1790 1803/1866/1803 1802/1865/1802 1789/1852/1789
f 1792/1855/1792 1805/1868/1805 1804/1867/1804 1791/1854/1791
f 1793/1856/1793 1806/1869/1806 1805/1868/1805 1792/1855/1792
f 1794/1857/1794 1807/1870/1807 1806/1869/1806 1793/1856/1793
f 1795/1858/1795 1808/1871/1808 1807/1870/1807 1794/1857/1794
f 1796/1859/1796 1809/1872/1809 1808/1871/1808 1795/1858/1795
f 1797/1860/1797 1810/1873/1810 1809/1872/1809 1796/1859/1796
f 1798/1861/1798 1811/1874/1811 1810/1873/1810 1797/1860/1797
f 1799/1862/1799 1812/1875/1812 1811/1874/1811 1798/1861/1798
f 1800/1863/1800 1813/1876/1813 1812/1875/1812 1799/1862/1799
f 1801/1864/1801 1814/1877/1814 1813/1876/1813 1800/1863/1800
f 1802/1865/1802 1815/1878/1815 1814/1877/1814 1801/1864/1801
f 1803/1866/1803 1816/1879/1816 1815/1878/1815 1802/1865/1802
f 1805/1868/1805 1818/1881/1818 1817/1880/1817 1804/1867/1804
f 1806/1869/1806 1819/1882/1819 1818/1881/1818 1805/1868/1805
f 1807/1870/1807 1820/1883/1820 1819/1882/1819 1806/1869/1806
f 1808/1871/1808 1821/1884/1821 1820/1883/1820 1807/1870/1807
f 1809/1872/1809 1822/1885/1822 1821/1884/1821 1808/1871/1808
f 1810/1873/1810 1823/1886/1823 1822/1885/1822 1809/1872/1809
f 1811/1874/1811 1824/1887/1824 1823/1886/1823 1810/1873/1810
f 1812/1875/1812 1825/1888/1825 1824/1887/1824 1811/1874/1811
f 1813/1876/1813 1826/1889/1826 1825/1888/1825 1812/1875/1812
f 1814/1877/1814 1827/1890/1827 1826/1889/1826 1813/1876/1813
f 1815/1878/1815 1828/1891/1828 1827/1890/1827 1814/1877/1814
f 1816/1879/1816 1829/1892/1829 1828/1891/1828 1815/1878/1815
f 1818/1881/1818 1831/1894/1831 1830/1893/1830 1817/1880/1817
f 1819/1882/1819 1832/1895/1832 1831/1894/1831 1818/1881/1818
f 1820/1883/1820 1833/1896/1833 1832/1895/1832 1819/1882/1819
f 1821/1884/1821 1834/1897/1834 1833/1896/1833 1820/1883/1820
f 1822/1885/1822 1835/1898/1835 1834/1897/1834 1821/1884/1821
f 1823/1886/1823 1836/1899/1836 1835/1898/1835 1822/1885/1822
f 1824/1887/1824 1837/1900/1837 1836/1899/1836 1823/1886/1823
f 1825/1888/1825 1838/1901/1838 1837/1900/1837 1824/1887/1824
f 1826/1889/1826 1839/1902/1839 1838/1901/1838 1825/1888/1825
f 1827/1890/1827 1840/1903/1840 1839/1902/1839 1826/1889/1826
f 1828/1891/1828 1841/1904/1841 1840/1903/1840 1827/1890/1827
f 1829/1892/1829 1842/1905/1842 1841/1904/1841 1828/1891/1828
f 1831/1894/1831 1844/1907/1844 1843/1906/1843 1830/1893/1830
f 1832/1895/1832 1845/1908/1845 1844/1907/1844 1831/1894/1831
f 1833/1896/1833 1846/1909/1846 1845/1908/1845 1832/1895/1832
f 1834/1897/1834 1847/1910/1847 1846/1909/1846 1833/1896/1833
f 1835/1898/1835 1848/1911/1848 1847/1910/1847 1834/1897/1834
f 1836/1899/1836 1849/1912/1849 1848/1911/1848 1835/1898/1835
f 1837/1900/1837 1850/1913/1850 1849/1912/1849 1836/1899/1836
f 1838/1901/1838 1851/1914/1851 1850/1913/1850 1837/1900/1837
f 1839/1902/1839 1852/1915/1852 1851/1914/1851 1838/1901/1838
f 1840/1903/1840 1853/1916/1853 1852/1915/1852 1839/1902/1839
f 1841/1904/1841 1854/1917/1854 1853/1916/1853 1840/1903/1840
f 1842/1905/1842 1855/1918/1855 1854/1917/1854 1841/1904/1841
f 1844/1907/1844 1857/1920/1857 1856/1919/1856 1843/1906/1843
f 1845/1908/1845 1858/1921/1858 1857/1920/1857 1844/1907/1844
f 1846/1909/1846 1859/1922/1859 1858/1921/1858 1845/1908/1845
f 1847/1910/1847 1860/1923/1860 1859/1922/1859 1846/1909/1846
f 1848/1911/1848 1861/1924/1861 1860/1923/1860 1847/1910/1847
f 1849/1912/1849 1862/1925/1862 1861/1924/1861 1848/1911/1848
f 1850/1913/1850 1863/1926/1863 1862/1925/1862 1849/1912/1849
f 1851/1914/1851 1864/1927/1864 1863/1926/1863 1850/1913/1850
f 1852/1915/1852 1865/1928/1865 1864/1927/1864 1851/1914/1851
f 1853/1916/1853 1866/1929/1866 1865/1928/1865 1852/1915/1852
f 1854/1917/1854 1867/1930/1867 1866/1929/1866 1853/1916/1853
f 1855/1918/1855 1868/1931/1868 1867/1930/1867 1854/1917/1854
f 1857/1920/1857 1870/1933/1870 1869/1932/1869 1856/1919/1856
f 1858/1921/1858 1871/1934/1871 1870/1933/1870 1857/1920/1857
f 1859/1922/1859 1872/1935/1872 1871/1934/1871 1858/1921/1858
f 1860/1923/1860 1873/1936/1873 1872/1935/1872 1859/1922/1859
f 1861/1924/1861 1874/1937/1874 1873/1936/1873 1860/1923/1860
f 1862/1925/1862 1875/1938/1875 1874/1937/1874 1861/1924/1861
f 1863/1926/1863 1876/1939/1876 1875/1938/1875 1862/1925/1862
f 1864/1927/1864 1877/1940/1877 1876/1939/1876 1863/1926/1863
f 1865/1928/1865 1878/1941/1878 1877/1940/1877 1864/1927/1864
f 1866/1929/1866 1879/1942/1879 1878/1941/1878 1865/1928/1865
f 1867/1930/1867 1880/1943/1880 1879/1942/1879 1866/1929/1866
f 1868/1931/1868 1881/1944/1881 1880/1943/1880 1867/1930/1867
f 1870/1933/1870 1883/1946/1883 1882/1945/1882 1869/1932/1869
f 1871/1934/1871 1884/1947/1884 1883/1946/1883 1870/1933/1870
f 1872/1935/1872 1885/1948/1885 1884/1947/1884 1871/1934/1871
f 1873/1936/1873 1886/1949/1886 1885/1948/1885 1872/1935/1872
f 1874/1937/1874 1887/1950/1887 1886/1949/1886 1873/1936/1873
f 1875/1938/1875 1888/1951/1888 1887/1950/1887 1874/1937/1874
f 1876/1939/1876 1889/1952/1889 1888/1951/1888 1875/1938/1875
f 1877/1940/1877 1890/1953/1890 1889/1952/1889 1876/1939/1876
f 1878/1941/1878 1891/1954/1891 1890/1953/1890 1877/1940/1877
f 1879/1942/1879 1892/1955/1892 1891/1954/1891 1878/1941/1878
f 1880/1943/1880 1893/1956/1893 1892/1955/1892 1879/1942/1879
f 1881/1944/1881 1894/1957/1894 1893/1956/1893 1880/1943/1880
f 1883/1946/1883 1896/1959/1896 1895/1958/1895 1882/1945/1882
f 1884/1947/1884 1897/1960/1897 1896/1959/1896 1883/1946/1883
f 1885/1948/1885 1898/1961/1898 1897/1960/1897 1884/1947/1884
f 1886/1949/1886 1899/1962/1899 1898/1961/1898 1885/1948/1885
f 1887/1950/1887 1900/1963/1900 1899/1962/1899 1886/1949/1886
f 1888/1951/1888 1901/1964/1901 1900/1963/1900 1887/1950/1887
f 1889/1952/1889 1902/1965/1902 1901/1964/1901 1888/1951/1888
f 1890/1953/1890 1903/1966/1903 1902/1965/1902 1889/1952/1889
f 1891/1954/1891 1904/1967/1904 1903/1966/1903 1890/1953/1890
f 1892/1955/1892 1905/1968/1905 1904/1967/1904 1891/1954/1891
f 1893/1956/1893 1906/1969/1906 1905/1968/1905 1892/1955/1892
f 1894/1957/1894 1907/1970/1907 1906/1969/1906 1893/1956/1893
f 1896/1959/1896 1909/1972/1909 1908/1971/1908 1895/1958/1895
f 1897/1960/1897 1910/1973/1910 1909/1972/1909 1896/1959/1896
f 1898/1961/1898 1911/1974/1911 1910/1973/1910 1897/1960/1897
f 1899/1962/1899 1912/1975/1912 1911/1974/1911 1898/1961/1898
f 1900/1963/1900 1913/1976/1913 1912/1975/1912 1899/1962/1899
f 1901/1964/1901 1914/1977/1914 1913/1976/1913 1900/1963/1900
f 1902/1965/1902 1915/1978/1915 1914/1977/1914 1901/1964/1901
f 1903/1966/1903 1916/1979/1916 1915/1978/1915 1902/1965/1902
f 1904/1967/1904 1917/1980/1917 1916/1979/1916 1903/1966/1903
f 1905/1968/1905 1918/1981/1918 1917/1980/1917 1904/1967/1904
f 1906/1969/1906 1919/1982/1919 1918/1981/1918 1905/1968/1905
f 1907/1970/1907 1920/1983/1920 1919/1982/1919 1906/1969/1906
f 1909/1972/1909 1922/1985/1922 1921/1984/1921 1908/1971/1908
f 1910/1973/1910 1923/1986/1923 1922/1985/1922 1909/1972/1909
f 1911/1974/1911 1924/1987/1924 1923/1986/1923 1910/1973/1910
f 1912/1975/1912 1925/1988/1925 1924/1987/1924 1911/1974/1911
f 1913/1976/1913 1926/1989/1926 1925/1988/1925 1912/1975/1912
f 1914/1977/1914 1927/1990/1927 1926/1989/1926 1913/1976/1913
f 1915/1978/1915 1928/1991/1928 1927/1990/1927 1914/1977/1914
f 1916/1979/1916 1929/1992/1929 1928/1991/1928 1915/1978/1915
f 1917/1980/1917 1930/1993/1930 1929/1992/1929 1916/1979/1916
f 1918/1981/1918 1931/1994/1931 1930/1993/1930 1917/1980/1917
f 1919/1982/1919 1932/1995/1932 1931/1994/1931 1918/1981/1918
f 1920/1983/1920 1933/1996/1933 1932/1995/1932 1919/1982/1919
f 1490/1997/1490 1934/2009/1934 1790/1853/1790 1357/1840/1357
f 1491/1998/1491 1935/2010/1935 1934/2009/1934 1490/1997/1490
f 1492/1999/1492 1936/2011/1936 1935/2010/1935 1491/1998/1491
f 1493/2000/1493 1937/2012/1937 1936/2011/1936 1492/1999/1492
f 1494/2001/1494 1938/2013/1938 1937/2012/1937 1493/2000/1493
f 1495/2002/1495 1939/2014/1939 1938/2013/1938 1494/2001/1494
f 1496/2003/1496 1940/2015/1940 1939/2014/1939 1495/2002/1495
f 1497/2004/1497 1941/2016/1941 1940/2015/1940 1496/2003/1496
f 1498/2005/1498 1942/2017/1942 1941/2016/1941 1497/2004/1497
f 1499/2006/1499 1943/2018/1943 1942/2017/1942 1498/2005/1498
f 1500/2007/1500 1944/2019/1944 1943/2018/1943 1499/2006/1499
f 1501/2008/1501 1945/2020/1945 1944/2019/1944 1500/2007/1500
f 1934/2009/1934 1946/2021/1946 1803/1866/1803 1790/1853/1790
f 1935/2010/1935 1947/2022/1947 1946/2021/1946 1934/2009/1934
f 1936/2011/1936 1948/2023/1948 1947/2022/1947 1935/2010/1935
f 1937/2012/1937 1949/2024/1949 1948/2023/1948 1936/2011/1936
f 1938/2013/1938 1950/2025/1950 1949/2024/1949 1937/2012/1937
f 1939/2014/1939 1951/2026/1951 1950/2025/1950 1938/2013/1938
f 1940/2015/1940 1952/2027/1952 1951/2026/1951 1939/2014/1939
f 1941/2016/1941 1953/2028/1953 1952/2027/1952 1940/2015/1940
f 1942/2017/1942 1954/2029/1954 1953/2028/1953 1941/2016/1941
f 1943/2018/1943 1955/2030/1955 1954/2029/1954 1942/2017/1942
f 1944/2019/1944 1956/2031/1956 1955/2030/1955 1943/2018/1943
f 1945/2020/1945 1957/2032/1957 1956/2031/1956 1944/2019/1944
f 1946/2021/1946 1958/2033/1958 1816/1879/1816 1803/1866/1803
f 1947/2022/1947 1959/2034/1959 1958/2033/1958 1946/2021/1946
f 1948/2023/1948 1960/2035/1960 1959/2034/1959 1947/2022/1947
f 1949/2024/1949 1961/2036/1961 1960/2035/1960 1948/2023/1948
f 1950/2025/1950 1962/2037/1962 1961/2036/1961 1949/2024/1949
f 1951/2026/1951 1963/2038/1963 1962/2037/1962 1950/2025/1950
f 1952/2027/1952 1964/2039/1964 1963/2038/1963 1951/2026/1951
f 1953/2028/1953 1965/2040/1965 1964/2039/1964 1952/2027/1952
f 1954/2029/1954 1966/2041/1966 1965/2040/1965 1953/2028/1953
f 1955/2030/1955 1967/2042/1967 1966/2041/1966 1954/2029/1954
f 1956/2031/1956 1968/2043/1968 1967/2042/1967 1955/2030/1955
f 1957/2032/1957 1969/2044/1969 1968/2043/1968 1956/2031/1956
f 1958/2033/1958 1970/2045/1970 1829/1892/1829 1816/1879/1816
f 1959/2034/1959 1971/2046/1971 1970/2045/1970 1958/2033/1958
f 1960/2035/1960 1972/2047/1972 1971/2046/1971 1959/2034/1959
f 1961/2036/1961 1973/2048/1973 1972/2047/1972 1960/2035/1960
f 1962/2037/1962 1974/2049/1974 1973/2048/1973 1961/2036/1961
f 1963/2038/1963 1975/2050/1975 1974/2049/1974 1962/2037/1962
f 1964/2039/1964 1976/2051/1976 1975/2050/1975 1963/2038/1963
f 1965/2040/1965 1977/2052/1977 1976/2051/1976 1964/2039/1964
f 1966/2041/1966 1978/2053/1978 1977/2052/1977 1965/2040/1965
f 1967/2042/1967 1979/2054/1979 1978/2053/1978 1966/2041/1966
f 1968/2043/1968 1980/2055/1980 1979/2054/1979 1967/2042/1967
f 1969/2044/1969 1981/2056/1981 1980/2055/1980 1968/2043/1968
f 1970/2045/1970 1982/2057/1982 1842/1905/1842 1829/1892/1829
f 1971/2046/1971 1983/2058/1983 1982/2057/1982 1970/2045/1970
f 1972/2047/1972 1984/2059/1984 1983/2058/1983 1971/2046/1971
f 1973/2048/1973 1985/2060/1985 1984/2059/1984 1972/2047/1972
f 1974/2049/1974 1986/2061/1986 1985/2060/1985 1973/2048/1973
f 1975/2050/1975 1987/2062/1987 1986/2061/1986 1974/2049/1974
f 1976/2051/1976 1988/2063/1988 1987/2062/1987 1975/2050/1975
f 1977/2052/1977 1989/2064/1989 1988/2063/1988 1976/2051/1976
f 1978/2053/1978 1990/2065/1990 1989/2064/1989 1977/2052/1977
f 1979/2054/1979 1991/2066/1991 1990/2065/1990 1978/2053/1978
f 1980/2055/1980 1992/2067/1992 1991/2066/1991 1979/2054/1979
f 1981/2056/1981 1993/2068/1993 1992/2067/1992 1980/2055/1980
f 1982/2057/1982 1994/2069/1994 1855/1918/1855 1842/1905/1842
f 1983/2058/1983 1995/2070/1995 1994/2069/1994 1982/2057/1982
f 1984/2059/1984 1996/2071/1996 1995/2070/1995 1983/2058/1983
f 1985/2060/1985 1997/2072/1997 1996/2071/1996 1984/2059/1984
f 1986/2061/1986 1998/2073/1998 1997/2072/1997 1985/2060/1985
f 1987/2062/1987 1999/2074/1999 1998/2073/1998 1986/2061/1986
f 1988/2063/1988 2000/2075/2000 1999/2074/1999 1987/2062/1987
f 1989/2064/1989 2001/2076/2001 2000/2075/2000 1988/2063/1988
f 1990/2065/1990 2002/2077/2002 2001/2076/2001 1989/2064/1989
f 1991/2066/1991 2003/2078/2003 2002/2077/2002 1990/2065/1990
f 1992/2067/1992 2004/2079/2004 2003/2078/2003 1991/2066/1991
f 1993/2068/1993 2005/2080/2005 2004/2079/2004 1992/2067/1992
f 1994/2069/1994 2006/2081/2006 1868/1931/1868 1855/1918/1855
f 1995/2070/1995 2007/2082/2007 2006/2081/2006 1994/2069/1994
f 1996/2071/1996 2008/2083/2008 2007/2082/2007 1995/2070/1995
f 1997/2072/1997 2009/2084/2009 2008/2083/2008 1996/2071/1996
f 1998/2073/1998 2010/2085/2010 2009/2084/2009 1997/2072/1997
f 1999/2074/1999 2011/2086/2011 2010/2085/2010 1998/2073/1998
f 2000/2075/2000 2012/2087/2012 2011/2086/2011 1999/2074/1999
f 2001/2076/2001 2013/2088/2013 2012/2087/2012 2000/2075/2000
f 2002/2077/2002 2014/2089/2014 2013/2088/2013 2001/2076/2001
f 2003/2078/2003 2015/2090/2015 2014/2089/2014 2002/2077/2002
f 2004/2079/2004 2016/2091/2016 2015/2090/2015 2003/2078/2003
f 2005/2080/2005 2017/2092/2017 2016/2091/2016 2004/2079/2004
f 2006/2081/2006 2018/2093/2018 1881/1944/1881 1868/1931/1868
f 2007/2082/2007 2019/2094/2019 2018/2093/2018 2006/2081/2006
f 2008/2083/2008 2020/2095/2020 2019/2094/2019 2007/2082/2007
f 2009/2084/2009 2021/2096/2021 2020/2095/2020 2008/2083/2008
f 2010/2085/2010 2022/2097/2022 2021/2096/2021 2009/2084/2009
f 2011/2086/2011 2023/2098/2023 2022/2097/2022 2010/2085/2010
f 2012/2087/2012 2024/2099/2024 2023/2098/2023 2011/2086/2011
f 2013/2088/2013 2025/2100/2025 2024/2099/2024 2012/2087/2012
f 2014/2089/2014 2026/2101/2026 2025/2100/2025 2013/2088/2013
f 2015/2090/2015 2027/2102/2027 2026/2101/2026 2014/2089/2014
f 2016/2091/2016 2028/2103/2028 2027/2102/2027 2015/2090/2015
f 2017/2092/2017 2029/2104/2029 2028/2103/2028 2016/2091/2016
f 2018/2093/2018 2030/2105/2030 1894/1957/1894 1881/1944/1881
f 2019/2094/2019 2031/2106/2031 2030/2105/2030 2018/2093/2018
f 2020/2095/2020 2032/2107/2032 2031/2106/2031 2019/2094/2019
f 2021/2096/2021 2033/2108/2033 2032/2107/2032 2020/2095/2020
f 2022/2097/2022 2034/2109/2034 2033/2108/2033 2021/2096/2021
f 2023/2098/2023 2035/2110/2035 2034/2109/2034 2022/2097/2022
f 2024/2099/2024 2036/2111/2036 2035/2110/2035 2023/2098/2023
f 2025/2100/2025 2037/2112/2037 2036/2111/2036 2024/2099/2024
f 2026/2101/2026 2038/2113/2038 2037/2112/2037 2025/2100/2025
f 2027/2102/2027 2039/2114/2039 2038/2113/2038 2026/2101/2026
f 2028/2103/2028 2040/2115/2040 2039/2114/2039 2027/2102/2027
f 2029/2104/2029 2041/2116/2041 2040/2115/2040 2028/2103/2028
f 2030/2105/2030 2042/2117/2042 1907/1970/1907 1894/1957/1894
f 2031/2106/2031 2043/2118/2043 2042/2117/2042 2030/2105/2030
f 2032/2107/2032 2044/2119/2044 2043/2118/2043 2031/2106/2031
f 2033/2108/2033 2045/2120/2045 2044/2119/2044 2032/2107/2032
f 2034/2109/2034 2046/2121/2046 2045/2120/2045 2033/2108/2033
f 2035/2110/2035 2047/2122/2047 2046/2121/2046 2034/2109/2034
f 2036/2111/2036 2048/2123/2048 2047/2122/2047 2035/2110/2035
f 2037/2112/2037 2049/2124/2049 2048/2123/2048 2036/2111/2036
f 2038/2113/2038 2050/2125/2050 2049/2124/2049 2037/2112/2037
f 2039/2114/2039 2051/2126/2051 2050/2125/2050 2038/2113/2038
f 2040/2115/2040 2052/2127/2052 2051/2126/2051 2039/2114/2039
f 2041/2116/2041 2053/2128/2053 2052/2127/2052 2040/2115/2040
f 2042/2117/2042 2054/2129/2054 1920/1983/1920 1907/1970/1907
f 2043/2118/2043 2055/2130/2055 2054/2129/2054 2042/2117/2042
f 2044/2119/2044 2056/2131/2056 2055/2130/2055 2043/2118/2043
f 2045/2120/2045 2057/2132/2057 2056/2131/2056 2044/2119/2044
f 2046/2121/2046 2058/2133/2058 2057/2132/2057 2045/2120/2045
f 2047/2122/2047 2059/2134/2059 2058/2133/2058 2046/2121/2046
f 2048/2123/2048 2060/2135/2060 2059/2134/2059 2047/2122/2047
f 2049/2124/2049 2061/2136/2061 2060/2135/2060 2048/2123/2048
f 2050/2125/2050 2062/2137/2062 2061/2136/2061 2049/2124/2049
f 2051/2126/2051 2063/2138/2063 2062/2137/2062 2050/2125/2050
f 2052/2127/2052 2064/2139/2064 2063/2138/2063 2051/2126/2051
f 2053/2128/2053 2065/2140/2065 2064/2139/2064 2052/2127/2052
f 2054/2129/2054 2066/2141/2066 1933/1996/1933 1920/1983/1920
f 2055/2130/2055 2067/2142/2067 2066/2141/2066 2054/2129/2054
f 2056/2131/2056 2068/2143/2068 2067/2142/2067 2055/2130/2055
f 2057/2132/2057 2069/2144/2069 2068/2143/2068 2056/2131/2056
f 2058/2133/2058 2070/2145/2070 2069/2144/2069 2057/2132/2057
f 2059/2134/2059 2071/2146/2071 2070/2145/2070 2058/2133/2058
f 2060/2135/2060 2072/2147/2072 2071/2146/2071 2059/2134/2059
f 2061/2136/2061 2073/2148/2073 2072/2147/2072 2060/2135/2060
f 2062/2137/2062 2074/2149/2074 2073/2148/2073 2061/2136/2061
f 2063/2138/2063 2075/2150/2075 2074/2149/2074 2062/2137/2062
f 2064/2139/2064 2076/2151/2076 2075/2150/2075 2063/2138/2063
f 2065/2140/2065 2077/2152/2077 2076/2151/2076 2064/2139/2064
f 2078/2165/2078 2079/2166/2079 1635/2154/1635 1634/2153/1634
f 2079/2166/2079 2080/2167/2080 1636/2155/1636 1635/2154/1635
f 2080/2167/2080 2081/2168/2081 1637/2156/1637 1636/2155/1636
f 2081/2168/2081 2082/2169/2082 1638/2157/1638 1637/2156/1637
f 2082/2169/2082 2083/2170/2083 1639/2158/1639 1638/2157/1638
f 2083/2170/2083 2084/2171/2084 1640/2159/1640 1639/2158/1639
f 2084/2171/2084 2085/2172/2085 1641/2160/1641 1640/2159/1640
f 2085/2172/2085 2086/2173/2086 1642/2161/1642 1641/2160/1641
f 2086/2173/2086 2087/2174/2087 1643/2162/1643 1642/2161/1642
f 2087/2174/2087 2088/2175/2088 1644/2163/1644 1643/2162/1643
f 2088/2175/2088 2089/2176/2089 1645/2164/1645 1644/2163/1644
f 2089/2176/2089 1945/2020/1945 1501/2008/1501 1645/2164/1645
f 2090/2177/2090 2091/2178/2091 2079/2166/2079 2078/2165/2078
f 2091/2178/2091 2092/2179/2092 2080/2167/2080 2079/2166/2079
f 2092/2179/2092 2093/2180/2093 2081/2168/2081 2080/2167/2080
f 2093/2180/2093 2094/2181/2094 2082/2169/2082 2081/2168/2081
f 2094/2181/2094 2095/2182/2095 2083/2170/2083 2082/2169/2082
f 2095/2182/2095 2096/2183/2096 2084/2171/2084 2083/2170/2083
f 2096/2183/2096 2097/2184/2097 2085/2172/2085 2084/2171/2084
f 2097/2184/2097 2098/2185/2098 2086/2173/2086 2085/2172/2085
f 2098/2185/2098 2099/2186/2099 2087/2174/2087 2086/2173/2086
f 2099/2186/2099 2100/2187/2100 2088/2175/2088 2087/2174/2087
f 2100/2187/2100 2101/2188/2101 2089/2176/2089 2088/2175/2088
f 2101/2188/2101 1957/2032/1957 1945/2020/1945 2089/2176/2089
f 2102/2189/2102 2103/2190/2103 2091/2178/2091 2090/2177/2090
f 2103/2190/2103 2104/2191/2104 2092/2179/2092 2091/2178/2091
f 2104/2191/2104 2105/2192/2105 2093/2180/2093 2092/2179/2092
f 2105/2192/2105 2106/2193/2106 2094/2181/2094 2093/2180/2093
f 2106/2193/2106 2107/2194/2107 2095/2182/2095 2094/2181/2094
f 2107/2194/2107 2108/2195/2108 2096/2183/2096 2095/2182/2095
f 2108/2195/2108 2109/2196/2109 2097/2184/2097 2096/2183/2096
f 2109/2196/2109 2110/2197/2110 2098/2185/2098 2097/2184/2097
f 2110/2197/2110 2111/2198/2111 2099/2186/2099 2098/2185/2098
f 2111/2198/2111 2112/2199/2112 2100/2187/2100 2099/2186/2099
f 2112/2199/2112 2113/2200/2113 2101/2188/2101 2100/2187/2100
f 2113/2200/2113 1969/2044/1969 1957/2032/1957 2101/2188/2101
f 2114/2201/2114 2115/2202/2115 2103/2190/2103 2102/2189/2102
f 2115/2202/2115 2116/2203/2116 2104/2191/2104 2103/2190/2103
f 2116/2203/2116 2117/2204/2117 2105/2192/2105 2104/2191/2104
f 2117/2204/2117 2118/2205/2118 2106/2193/2106 2105/2192/2105
f 2118/2205/2118 2119/2206/2119 2107/2194/2107 2106/2193/2106
f 2119/2206/2119 2120/2207/2120 2108/2195/2108 2107/2194/2107
f 2120/2207/2120 2121/2208/2121 2109/2196/2109 2108/2195/2108
f 2121/2208/2121 2122/2209/2122 2110/2197/2110 2109/2196/2109
f 2122/2209/2122 2123/2210/2123 2111/2198/2111 2110/2197/2110
f 2123/2210/2123 2124/2211/2124 2112/2199/2112 2111/2198/2111
f 2124/2211/2124 2125/2212/2125 2113/2200/2113 2112/2199/2112
f 2125/2212/2125 1981/2056/1981 1969/2044/1969 2113/2200/2113
f 2126/2213/2126 2127/2214/2127 2115/2202/2115 2114/2201/2114
f 2127/2214/2127 2128/2215/2128 2116/2203/2116 2115/2202/2115
f 2128/2215/2128 2129/2216/2129 2117/2204/2117 2116/2203/2116
f 2129/2216/2129 2130/2217/2130 2118/2205/2118 2117/2204/2117
f 2130/2217/2130 2131/2218/2131 2119/2206/2119 2118/2205/2118
f 2131/2218/2131 2132/2219/2132 2120/2207/2120 2119/2206/2119
f 2132/2219/2132 2133/2220/2133 2121/2208/2121 2120/2207/2120
f 2133/2220/2133 2134/2221/2134 2122/2209/2122 2121/2208/2121
f 2134/2221/2134 2135/2222/2135 2123/2210/2123 2122/2209/2122
f 2135/2222/2135 2136/2223/2136 2124/2211/2124 2123/2210/2123
f 2136/2223/2136 2137/2224/2137 2125/2212/2125 2124/2211/2124
f 2137/2224/2137 1993/2068/1993 1981/2056/1981 2125/2212/2125
f 2138/2225/2138 2139/2226/2139 2127/2214/2127 2126/2213/2126
f 2139/2226/2139 2140/2227/2140 2128/2215/2128 2127/2214/2127
f 2140/2227/2140 2141/2228/2141 2129/2216/2129 2128/2215/2128
f 2141/2228/2141 2142/2229/2142 2130/2217/2130 2129/2216/2129
f 2142/2229/2142 2143/2230/2143 2131/2218/2131 2130/2217/2130
f 2143/2230/2143 2144/2231/2144 2132/2219/2132 2131/2218/2131
f 2144/2231/2144 2145/2232/2145 2133/2220/2133 2132/2219/2132
f 2145/2232/2145 2146/2233/2146 2134/2221/2134 2133/2220/2133
f 2146/2233/2146 2147/2234/2147 2135/2222/2135 2134/2221/2134
f 2147/2234/2147 2148/2235/2148 2136/2223/2136 2135/2222/2135
f 2148/2235/2148 2149/2236/2149 2137/2224/2137 2136/2223/2136
f 2149/2236/2149 2005/2080/2005 1993/2068/1993 2137/2224/2137
f 2150/2237/2150 2151/2238/2151 2139/2226/2139 2138/2225/2138
f 2151/2238/2151 2152/2239/2152 2140/2227/2140 2139/2226/2139
f 2152/2239/2152 2153/2240/2153 2141/2228/2141 2140/2227/2140
f 2153/2240/2153 2154/2241/2154 2142/2229/2142 2141/2228/2141
f 2154/2241/2154 2155/2242/2155 2143/2230/2143 2142/2229/2142
f 2155/2242/2155 2156/2243/2156 2144/2231/2144 2143/2230/2143
f 2156/2243/2156 2157/2244/2157 2145/2232/2145 2144/2231/2144
f 2157/2244/2157 2158/2245/2158 2146/2233/2146 2145/2232/2145
f 2158/2245/2158 2159/2246/2159 2147/2234/2147 2146/2233/2146
f 2159/2246/2159 2160/2247/2160 2148/2235/2148 2147/2234/2147
f 2160/2247/2160 2161/2248/2161 2149/2236/2149 2148/2235/2148
f 2161/2248/2161 2017/2092/2017 2005/2080/2005 2149/2236/2149
f 2162/2249/2162 2163/2250/2163 2151/2238/2151 2150/2237/2150
f 2163/2250/2163 2164/2251/2164 2152/2239/2152 2151/2238/2151
f 2164/2251/2164 2165/2252/2165 2153/2240/2153 2152/2239/2152
f 2165/2252/2165 2166/2253/2166 2154/2241/2154 2153/2240/2153
f 2166/2253/2166 2167/2254/2167 2155/2242/2155 2154/2241/2154
f 2167/2254/2167 2168/2255/2168 2156/2243/2156 2155/2242/2155
f 2168/2255/2168 2169/2256/2169 2157/2244/2157 2156/2243/2156
f 2169/2256/2169 2170/2257/2170 2158/2245/2158 2157/2244/2157
f 2170/2257/2170 2171/2258/2171 2159/2246/2159 2158/2245/2158
f 2171/2258/2171 2172/2259/2172 2160/2247/2160 2159/2246/2159
f 2172/2259/2172 2173/2260/2173 2161/2248/2161 2160/2247/2160
f 2173/2260/2173 2029/2104/2029 2017/2092/2017 2161/2248/2161
f 2174/2261/2174 2175/2262/2175 2163/2250/2163 2162/2249/2162
f 2175/2262/2175 2176/2263/2176 2164/2251/2164 2163/2250/2163
f 2176/2263/2176 2177/2264/2177 2165/2252/2165 2164/2251/2164
f 2177/2264/2177 2178/2265/2178 2166/2253/2166 2165/2252/2165
f 2178/2265/2178 2179/2266/2179 2167/2254/2167 2166/2253/2166
f 2179/2266/2179 2180/2267/2180 2168/2255/2168 2167/2254/2167
f 2180/2267/2180 2181/2268/2181 2169/2256/2169 2168/2255/2168
f 2181/2268/2181 2182/2269/2182 2170/2257/2170 2169/2256/2169
f 2182/2269/2182 2183/2270/2183 2171/2258/2171 2170/2257/2170
f 2183/2270/2183 2184/2271/2184 2172/2259/2172 2171/2258/2171
f 2184/2271/2184 2185/2272/2185 2173/2260/2173 2172/2259/2172
f 2185/2272/2185 2041/2116/2041 2029/2104/2029 2173/2260/2173
f 2186/2273/2186 2187/2274/2187 2175/2262/2175 2174/2261/2174
f 2187/2274/2187 2188/2275/2188 2176/2263/2176 2175/2262/2175
f 2188/2275/2188 2189/2276/2189 2177/2264/2177 2176/2263/2176
f 2189/2276/2189 2190/2277/2190 2178/2265/2178 2177/2264/2177
f 2190/2277/2190 2191/2278/2191 2179/2266/2179 2178/2265/2178
f 2191/2278/2191 2192/2279/2192 2180/2267/2180 2179/2266/2179
f 2192/2279/2192 2193/2280/2193 2181/2268/2181 2180/2267/2180
f 2193/2280/2193 2194/2281/2194 2182/2269/2182 2181/2268/2181
f 2194/2281/2194 2195/2282/2195 2183/2270/2183 2182/2269/2182
f 2195/2282/2195 2196/2283/2196 2184/2271/2184 2183/2270/2183
f 2196/2283/2196 2197/2284/2197 2185/2272/2185 2184/2271/2184
f 2197/2284/2197 2053/2128/2053 2041/2116/2041 2185/2272/2185
f 2198/2285/2198 2199/2286/2199 2187/2274/2187 2186/2273/2186
f 2199/2286/2199 2200/2287/2200 2188/2275/2188 2187/2274/2187
f 2200/2287/2200 2201/2288/2201 2189/2276/2189 2188/2275/2188
f 2201/2288/2201 2202/2289/2202 2190/2277/2190 2189/2276/2189
f 2202/2289/2202 2203/2290/2203 2191/2278/2191 2190/2277/2190
f 2203/2290/2203 2204/2291/2204 2192/2279/2192 2191/2278/2191
f 2204/2291/2204 2205/2292/2205 2193/2280/2193 2192/2279/2192
f 2205/2292/2205 2206/2293/2206 2194/2281/2194 2193/2280/2193
f 2206/2293/2206 2207/2294/2207 2195/2282/2195 2194/2281/2194
f 2207/2294/2207 2208/2295/2208 2196/2283/2196 2195/2282/2195
f 2208/2295/2208 2209/2296/2209 2197/2284/2197 2196/2283/2196
f 2209/2296/2209 2065/2140/2065 2053/2128/2053 2197/2284/2197
f 2210/2297/2210 2211/2298/2211 2199/2286/2199 2198/2285/2198
f 2211/2298/2211 2212/2299/2212 2200/2287/2200 2199/2286/2199
f 2212/2299/2212 2213/2300/2213 2201/2288/2201 2200/2287/2200
f 2213/2300/2213 2214/2301/2214 2202/2289/2202 2201/2288/2201
f 2214/2301/2214 2215/2302/2215 2203/2290/2203 2202/2289/2202
f 2215/2302/2215 2216/2303/2216 2204/2291/2204 2203/2290/2203
f 2216/2303/2216 2217/2304/2217 2205/2292/2205 2204/2291/2204
f 2217/2304/2217 2218/2305/2218 2206/2293/2206 2205/2292/2205
f 2218/2305/2218 2219/2306/2219 2207/2294/2207 2206/2293/2206
f 2219/2306/2219 2220/2307/2220 2208/2295/2208 2207/2294/2207
f 2220/2307/2220 2221/2308/2221 2209/2296/2209 2208/2295/2208
f 2221/2308/2221 2077/2152/2077 2065/2140/2065 2209/2296/2209
f 1778/1841/1778 2222/2320/2222 1767/2309/1767 1345/1828/1345
f 2222/2320/2222 2223/2321/2223 1768/2310/1768 1767/2309/1767
f 2223/2321/2223 2224/2322/2224 1769/2311/1769 1768/2310/1768
f 2224/2322/2224 2225/2323/2225 1770/2312/1770 1769/2311/1769
f 2225/2323/2225 2226/2324/2226 1771/2313/1771 1770/2312/1770
f 2226/2324/2226 2227/2325/2227 1772/2314/1772 1771/2313/1771
f 2227/2325/2227 2228/2326/2228 1773/2315/1773 1772/2314/1772
f 2228/2326/2228 2229/2327/2229 1774/2316/1774 1773/2315/1773
f 2229/2327/2229 2230/2328/2230 1775/2317/1775 1774/2316/1774
f 2230/2328/2230 2231/2329/2231 1776/2318/1776 1775/2317/1775
f 2231/2329/2231 2232/2330/2232 1777/2319/1777 1776/2318/1776
f 2232/2330/2232 2078/2165/2078 1634/2153/1634 1777/2319/1777
f 1791/1854/1791 2233/2331/2233 2222/2320/2222 1778/1841/1778
f 2233/2331/2233 2234/2332/2234 2223/2321/2223 2222/2320/2222
f 2234/2332/2234 2235/2333/2235 2224/2322/2224 2223/2321/2223
f 2235/2333/2235 2236/2334/2236 2225/2323/2225 2224/2322/2224
f 2236/2334/2236 2237/2335/2237 2226/2324/2226 2225/2323/2225
f 2237/2335/2237 2238/2336/2238 2227/2325/2227 2226/2324/2226
f 2238/2336/2238 2239/2337/2239 2228/2326/2228 2227/2325/2227
f 2239/2337/2239 2240/2338/2240 2229/2327/2229 2228/2326/2228
f 2240/2338/2240 2241/2339/2241 2230/2328/2230 2229/2327/2229
f 2241/2339/2241 2242/2340/2242 2231/2329/2231 2230/2328/2230
f 2242/2340/2242 2243/2341/2243 2232/2330/2232 2231/2329/2231
f 2243/2341/2243 2090/2177/2090 2078/2165/2078 2232/2330/2232
f 1804/1867/1804 2244/2342/2244 2233/2331/2233 1791/1854/1791
f 2244/2342/2244 2245/2343/2245 2234/2332/2234 2233/2331/2233
f 2245/2343/2245 2246/2344/2246 2235/2333/2235 2234/2332/2234
f 2246/2344/2246 2247/2345/2247 2236/2334/2236 2235/2333/2235
f 2247/2345/2247 2248/2346/2248 2237/2335/2237 2236/2334/2236
f 2248/2346/2248 2249/2347/2249 2238/2336/2238 2237/2335/2237
f 2249/2347/2249 2250/2348/2250 2239/2337/2239 2238/2336/2238
f 2250/2348/2250 2251/2349/2251 2240/2338/2240 2239/2337/2239
f 2251/2349/2251 2252/2350/2252 2241/2339/2241 2240/2338/2240
f 2252/2350/2252 2253/2351/2253 2242/2340/2242 2241/2339/2241
f 2253/2351/2253 2254/2352/2254 2243/2341/2243 2242/2340/2242
f 2254/2352/2254 2102/2189/2102 2090/2177/2090 2243/2341/2243
f 1817/1880/1817 2255/2353/2255 2244/2342/2244 1804/1867/1804
f 2255/2353/2255 2256/2354/2256 2245/2343/2245 2244/2342/2244
f 2256/2354/2256 2257/2355/2257 2246/2344/2246 2245/2343/2245
f 2257/2355/2257 2258/2356/2258 2247/2345/2247 2246/2344/2246
f 2258/2356/2258 2259/2357/2259 2248/2346/2248 2247/2345/2247
f 2259/2357/2259 2260/2358/2260 2249/2347/2249 2248/2346/2248
f 2260/2358/2260 2261/2359/2261 2250/2348/2250 2249/2347/2249
f 2261/2359/2261 2262/2360/2262 2251/2349/2251 2250/2348/2250
f 2262/2360/2262 2263/2361/2263 2252/2350/2252 2251/2349/2251
f 2263/2361/2263 2264/2362/2264 2253/2351/2253 2252/2350/2252
f 2264/2362/2264 2265/2363/2265 2254/2352/2254 2253/2351/2253
f 2265/2363/2265 2114/2201/2114 2102/2189/2102 2254/2352/2254
f 1830/1893/1830 2266/2364/2266 2255/2353/2255 1817/1880/1817
f 2266/2364/2266 2267/2365/2267 2256/2354/2256 2255/2353/2255
f 2267/2365/2267 2268/2366/2268 2257/2355/2257 2256/2354/2256
f 2268/2366/2268 2269/2367/2269 2258/2356/2258 2257/2355/2257
f 2269/2367/2269 2270/2368/2270 2259/2357/2259 2258/2356/2258
f 2270/2368/2270 2271/2369/2271 2260/2358/2260 2259/2357/2259
f 2271/2369/2271 2272/2370/2272 2261/2359/2261 2260/2358/2260
f 2272/2370/2272 2273/2371/2273 2262/2360/2262 2261/2359/2261
f 2273/2371/2273 2274/2372/2274 2263/2361/2263 2262/2360/2262
f 2274/2372/2274 2275/2373/2275 2264/2362/2264 2263/2361/2263
f 2275/2373/2275 2276/2374/2276 2265/2363/2265 2264/2362/2264
f 2276/2374/2276 2126/2213/2126 2114/2201/2114 2265/2363/2265
f 1843/1906/1843 2277/2375/2277 2266/2364/2266 1830/1893/1830
f 2277/2375/2277 2278/2376/2278 2267/2365/2267 2266/2364/2266
f 2278/2376/2278 2279/2377/2279 2268/2366/2268 2267/2365/2267
f 2279/2377/2279 2280/2378/2280 2269/2367/2269 2268/2366/2268
f 2280/2378/2280 2281/2379/2281 2270/2368/2270 2269/2367/2269
f 2281/2379/2281 2282/2380/2282 2271/2369/2271 2270/2368/2270
f 2282/2380/2282 2283/2381/2283 2272/2370/2272 2271/2369/2271
f 2283/2381/2283 2284/2382/2284 2273/2371/2273 2272/2370/2272
f 2284/2382/2284 2285/2383/2285 2274/2372/2274 2273/2371/2273
f 2285/2383/2285 2286/2384/2286 2275/2373/2275 2274/2372/2274
f 2286/2384/2286 2287/2385/2287 2276/2374/2276 2275/2373/2275
f 2287/2385/2287 2138/2225/2138 2126/2213/2126 2276/2374/2276
f 1856/1919/1856 2288/2386/2288 2277/2375/2277 1843/1906/1843
f 2288/2386/2288 2289/2387/2289 2278/2376/2278 2277/2375/2277
f 2289/2387/2289 2290/2388/2290 2279/2377/2279 2278/2376/2278
f 2290/2388/2290 2291/2389/2291 2280/2378/2280 2279/2377/2279
f 2291/2389/2291 2292/2390/2292 2281/2379/2281 2280/2378/2280
f 2292/2390/2292 2293/2391/2293 2282/2380/2282 2281/2379/2281
f 2293/2391/2293 2294/2392/2294 2283/2381/2283 2282/2380/2282
f 2294/2392/2294 2295/2393/2295 2284/2382/2284 2283/2381/2283
f 2295/2393/2295 2296/2394/2296 2285/2383/2285 2284/2382/2284
f 2296/2394/2296 2297/2395/2297 2286/2384/2286 2285/2383/2285
f 2297/2395/2297 2298/2396/2298 2287/2385/2287 2286/2384/2286
f 2298/2396/2298 2150/2237/2150 2138/2225/2138 2287/2385/2287
f 1869/1932/1869 2299/2397/2299 2288/2386/2288 1856/1919/1856
f 2299/2397/2299 2300/2398/2300 2289/2387/2289 2288/2386/2288
f 2300/2398/2300 2301/2399/2301 2290/2388/2290 2289/2387/2289
f 2301/2399/2301 2302/2400/2302 2291/2389/2291 2290/2388/2290
f 2302/2400/2302 2303/2401/2303 2292/2390/2292 2291/2389/2291
f 2303/2401/2303 2304/2402/2304 2293/2391/2293 2292/2390/2292
f 2304/2402/2304 2305/2403/2305 2294/2392/2294 2293/2391/2293
f 2305/2403/2305 2306/2404/2306 2295/2393/2295 2294/2392/2294
f 2306/2404/2306 2307/2405/2307 2296/2394/2296 2295/2393/2295
f 2307/2405/2307 2308/2406/2308 2297/2395/2297 2296/2394/2296
f 2308/2406/2308 2309/2407/2309 2298/2396/2298 2297/2395/2297
f 2309/2407/2309 2162/2249/2162 2150/2237/2150 2298/2396/2298
f 1882/1945/1882 2310/2408/2310 2299/2397/2299 1869/1932/1869
f 2310/2408/2310 2311/2409/2311 2300/2398/2300 2299/2397/2299
f 2311/2409/2311 2312/2410/2312 2301/2399/2301 2300/2398/2300
f 2312/2410/2312 2313/2411/2313 2302/2400/2302 2301/2399/2301
f 2313/2411/2313 2314/2412/2314 2303/2401/2303 2302/2400/2302
f 2314/2412/2314 2315/2413/2315 2304/2402/2304 2303/2401/2303
f 2315/2413/2315 2316/2414/2316 2305/2403/2305 2304/2402/2304
f 2316/2414/2316 2317/2415/2317 2306/2404/2306 2305/2403/2305
f 2317/2415/2317 2318/2416/2318 2307/2405/2307 2306/2404/2306
f 2318/2416/2318 2319/2417/2319 2308/2406/2308 2307/2405/2307
f 2319/2417/2319 2320/2418/2320 2309/2407/2309 2308/2406/2308
f 2320/2418/2320 2174/2261/2174 2162/2249/2162 2309/2407/2309
f 1895/1958/1895 2321/2419/2321 2310/2408/2310 1882/1945/1882
f 2321/2419/2321 2322/2420/2322 2311/2409/2311 2310/2408/2310
f 2322/2420/2322 2323/2421/2323 2312/2410/2312 2311/2409/2311
f 2323/2421/2323 2324/2422/2324 2313/2411/2313 2312/2410/2312
f 2324/2422/2324 2325/2423/2325 2314/2412/2314 2313/2411/2313
f 2325/2423/2325 2326/2424/2326 2315/2413/2315 2314/2412/2314
f 2326/2424/2326 2327/2425/2327 2316/2414/2316 2315/2413/2315
f 2327/2425/2327 2328/2426/2328 2317/2415/2317 2316/2414/2316
f 2328/2426/2328 2329/2427/2329 2318/2416/2318 2317/2415/2317
f 2329/2427/2329 2330/2428/2330 2319/2417/2319 2318/2416/2318
f 2330/2428/2330 2331/2429/2331 2320/2418/2320 2319/2417/2319
f 2331/2429/2331 2186/2273/2186 2174/2261/2174 2320/2418/2320
f 1908/1971/1908 2332/2430/2332 2321/2419/2321 1895/1958/1895
f 2332/2430/2332 2333/2431/2333 2322/2420/2322 2321/2419/2321
f 2333/2431/2333 2334/2432/2334 2323/2421/2323 2322/2420/2322
f 2334/2432/2334 2335/2433/2335 2324/2422/2324 2323/2421/2323
f 2335/2433/2335 2336/2434/2336 2325/2423/2325 2324/2422/2324
f 2336/2434/2336 2337/2435/2337 2326/2424/2326 2325/2423/2325
f 2337/2435/2337 2338/2436/2338 2327/2425/2327 2326/2424/2326
f 2338/2436/2338 2339/2437/2339 2328/2426/2328 2327/2425/2327
f 2339/2437/2339 2340/2438/2340 2329/2427/2329 2328/2426/2328
f 2340/2438/2340 2341/2439/2341 2330/2428/2330 2329/2427/2329
f 2341/2439/2341 2342/2440/2342 2331/2429/2331 2330/2428/2330
f 2342/2440/2342 2198/2285/2198 2186/2273/2186 2331/2429/2331
f 1921/1984/1921 2343/2441/2343 2332/2430/2332 1908/1971/1908
f 2343/2441/2343 2344/2442/2344 2333/2431/2333 2332/2430/2332
f 2344/2442/2344 2345/2443/2345 2334/2432/2334 2333/2431/2333
f 2345/2443/2345 2346/2444/2346 2335/2433/2335 2334/2432/2334
f 2346/2444/2346 2347/2445/2347 2336/2434/2336 2335/2433/2335
f 2347/2445/2347 2348/2446/2348 2337/2435/2337 2336/2434/2336
f 2348/2446/2348 2349/2447/2349 2338/2436/2338 2337/2435/2337
f 2349/2447/2349 2350/2448/2350 2339/2437/2339 2338/2436/2338
f 2350/2448/2350 2351/2449/2351 2340/2438/2340 2339/2437/2339
f 2351/2449/2351 2352/2450/2352 2341/2439/2341 2340/2438/2340
f 2352/2450/2352 2353/2451/2353 2342/2440/2342 2341/2439/2341
f 2353/2451/2353 2210/2297/2210 2198/2285/2198 2342/2440/2342
f 2355/2453/2355 2368/2466/2368 2367/2465/2367 2354/2452/2354
f 2356/2454/2356 2369/2467/2369 2368/2466/2368 2355/2453/2355
f 2357/2455/2357 2370/2468/2370 2369/2467/2369 2356/2454/2356
f 2358/2456/2358 2371/2469/2371 2370/2468/2370 2357/2455/2357
f 2359/2457/2359 2372/2470/2372 2371/2469/2371 2358/2456/2358
f 2360/2458/2360 2373/2471/2373 2372/2470/2372 2359/2457/2359
f 2361/2459/2361 2374/2472/2374 2373/2471/2373 2360/2458/2360
f 2362/2460/2362 2375/2473/2375 2374/2472/2374 2361/2459/2361
f 2363/2461/2363 2376/2474/2376 2375/2473/2375 2362/2460/2362
f 2364/2462/2364 2377/2475/2377 2376/2474/2376 2363/2461/2363
f 2365/2463/2365 2378/2476/2378 2377/2475/2377 2364/2462/2364
f 2366/2464/2366 2379/2477/2379 2378/2476/2378 2365/2463/2365
f 2368/2466/2368 2381/2479/2381 2380/2478/2380 2367/2465/2367
f 2369/2467/2369 2382/2480/2382 2381/2479/2381 2368/2466/2368
f 2370/2468/2370 2383/2481/2383 2382/2480/2382 2369/2467/2369
f 2371/2469/2371 2384/2482/2384 2383/2481/2383 2370/2468/2370
f 2372/2470/2372 2385/2483/2385 2384/2482/2384 2371/2469/2371
f 2373/2471/2373 2386/2484/2386 2385/2483/2385 2372/2470/2372
f 2374/2472/2374 2387/2485/2387 2386/2484/2386 2373/2471/2373
f 2375/2473/2375 2388/2486/2388 2387/2485/2387 2374/2472/2374
f 2376/2474/2376 2389/2487/2389 2388/2486/2388 2375/2473/2375
f 2377/2475/2377 2390/2488/2390 2389/2487/2389 2376/2474/2376
f 2378/2476/2378 2391/2489/2391 2390/2488/2390 2377/2475/2377
f 2379/2477/2379 2392/2490/2392 2391/2489/2391 2378/2476/2378
f 2381/2479/2381 2394/2492/2394 2393/2491/2393 2380/2478/2380
f 2382/2480/2382 2395/2493/2395 2394/2492/2394 2381/2479/2381
f 2383/2481/2383 2396/2494/2396 2395/2493/2395 2382/2480/2382
f 2384/2482/2384 2397/2495/2397 2396/2494/2396 2383/2481/2383
f 2385/2483/2385 2398/2496/2398 2397/2495/2397 2384/2482/2384
f 2386/2484/2386 2399/2497/2399 2398/2496/2398 2385/2483/2385
f 2387/2485/2387 2400/2498/2400 2399/2497/2399 2386/2484/2386
f 2388/2486/2388 2401/2499/2401 2400/2498/2400 2387/2485/2387
f 2389/2487/2389 2402/2500/2402 2401/2499/2401 2388/2486/2388
f 2390/2488/2390 2403/2501/2403 2402/2500/2402 2389/2487/2389
f 2391/2489/2391 2404/2502/2404 2403/2501/2403 2390/2488/2390
f 2392/2490/2392 2405/2503/2405 2404/2502/2404 2391/2489/2391
f 2394/2492/2394 2407/2505/2407 2406/2504/2406 2393/2491/2393
f 2395/2493/2395 2408/2506/2408 2407/2505/2407 2394/2492/2394
f 2396/2494/2396 2409/2507/2409 2408/2506/2408 2395/2493/2395
f 2397/2495/2397 2410/2508/2410 2409/2507/2409 2396/2494/2396
f 2398/2496/2398 2411/2509/2411 2410/2508/2410 2397/2495/2397
f 2399/2497/2399 2412/2510/2412 2411/2509/2411 2398/2496/2398
f 2400/2498/2400 2413/2511/2413 2412/2510/2412 2399/2497/2399
f 2401/2499/2401 2414/2512/2414 2413/2511/2413 2400/2498/2400
f 2402/2500/2402 2415/2513/2415 2414/2512/2414 2401/2499/2401
f 2403/2501/2403 2416/2514/2416 2415/2513/2415 2402/2500/2402
f 2404/2502/2404 2417/2515/2417 2416/2514/2416 2403/2501/2403
f 2405/2503/2405 2418/2516/2418 2417/2515/2417 2404/2502/2404
f 2407/2505/2407 2420/2518/2420 2419/2517/2419 2406/2504/2406
f 2408/2506/2408 2421/2519/2421 2420/2518/2420 2407/2505/2407
f 2409/2507/2409 2422/2520/2422 2421/2519/2421 2408/2506/2408
f 2410/2508/2410 2423/2521/2423 2422/2520/2422 2409/2507/2409
f 2411/2509/2411 2424/2522/2424 2423/2521/2423 2410/2508/2410
f 2412/2510/2412 2425/2523/2425 2424/2522/2424 2411/2509/2411
f 2413/2511/2413 2426/2524/2426 2425/2523/2425 2412/2510/2412
f 2414/2512/2414 2427/2525/2427 2426/2524/2426 2413/2511/2413
f 2415/2513/2415 2428/2526/2428 2427/2525/2427 2414/2512/2414
f 2416/2514/2416 2429/2527/2429 2428/2526/2428 2415/2513/2415
f 2417/2515/2417 2430/2528/2430 2429/2527/2429 2416/2514/2416
f 2418/2516/2418 2431/2529/2431 2430/2528/2430 2417/2515/2417
f 2420/2518/2420 2433/2531/2433 2432/2530/2432 2419/2517/2419
f 2421/2519/2421 2434/2532/2434 2433/2531/2433 2420/2518/2420
f 2422/2520/2422 2435/2533/2435 2434/2532/2434 2421/2519/2421
f 2423/2521/2423 2436/2534/2436 2435/2533/2435 2422/2520/2422
f 2424/2522/2424 2437/2535/2437 2436/2534/2436 2423/2521/2423
f 2425/2523/2425 2438/2536/2438 2437/2535/2437 2424/2522/2424
f 2426/2524/2426 2439/2537/2439 2438/2536/2438 2425/2523/2425
f 2427/2525/2427 2440/2538/2440 2439/2537/2439 2426/2524/2426
f 2428/2526/2428 2441/2539/2441 2440/2538/2440 2427/2525/2427
f 2429/2527/2429 2442/2540/2442 2441/2539/2441 2428/2526/2428
f 2430/2528/2430 2443/2541/2443 2442/2540/2442 2429/2527/2429
f 2431/2529/2431 2444/2542/2444 2443/2541/2443 2430/2528/2430
f 2433/2531/2433 2446/2544/2446 2445/2543/2445 2432/2530/2432
f 2434/2532/2434 2447/2545/2447 2446/2544/2446 2433/2531/2433
f 2435/2533/2435 2448/2546/2448 2447/2545/2447 2434/2532/2434
f 2436/2534/2436 2449/2547/2449 2448/2546/2448 2435/2533/2435
f 2437/2535/2437 2450/2548/2450 2449/2547/2449 2436/2534/2436
f 2438/2536/2438 2451/2549/2451 2450/2548/2450 2437/2535/2437
f 2439/2537/2439 2452/2550/2452 2451/2549/2451 2438/2536/2438
f 2440/2538/2440 2453/2551/2453 2452/2550/2452 2439/2537/2439
f 2441/2539/2441 2454/2552/2454 2453/2551/2453 2440/2538/2440
f 2442/2540/2442 2455/2553/2455 2454/2552/2454 2441/2539/2441
f 2443/2541/2443 2456/2554/2456 2455/2553/2455 2442/2540/2442
f 2444/2542/2444 2457/2555/2457 2456/2554/2456 2443/2541/2443
f 2446/2544/2446 2459/2557/2459 2458/2556/2458 2445/2543/2445
f 2447/2545/2447 2460/2558/2460 2459/2557/2459 2446/2544/2446
f 2448/2546/2448 2461/2559/2461 2460/2558/2460 2447/2545/2447
f 2449/2547/2449 2462/2560/2462 2461/2559/2461 2448/2546/2448
f 2450/2548/2450 2463/2561/2463 2462/2560/2462 2449/2547/2449
f 2451/2549/2451 2464/2562/2464 2463/2561/2463 2450/2548/2450
f 2452/2550/2452 2465/2563/2465 2464/2562/2464 2451/2549/2451
f 2453/2551/2453 2466/2564/2466 2465/2563/2465 2452/2550/2452
f 2454/2552/2454 2467/2565/2467 2466/2564/2466 2453/2551/2453
f 2455/2553/2455 2468/2566/2468 2467/2565/2467 2454/2552/2454
f 2456/2554/2456 2469/2567/2469 2468/2566/2468 2455/2553/2455
f 2457/2555/2457 2470/2568/2470 2469/2567/2469 2456/2554/2456
f 2459/2557/2459 2472/2570/2472 2471/2569/2471 2458/2556/2458
f 2460/2558/2460 2473/2571/2473 2472/2570/2472 2459/2557/2459
f 2461/2559/2461 2474/2572/2474 2473/2571/2473 2460/2558/2460
f 2462/2560/2462 2475/2573/2475 2474/2572/2474 2461/2559/2461
f 2463/2561/2463 2476/2574/2476 2475/2573/2475 2462/2560/2462
f 2464/2562/2464 2477/2575/2477 2476/2574/2476 2463/2561/2463
f 2465/2563/2465 2478/2576/2478 2477/2575/2477 2464/2562/2464
f 2466/2564/2466 2479/2577/2479 2478/2576/2478 2465/2563/2465
f 2467/2565/2467 2480/2578/2480 2479/2577/2479 2466/2564/2466
f 2468/2566/2468 2481/2579/2481 2480/2578/2480 2467/2565/2467
f 2469/2567/2469 2482/2580/2482 2481/2579/2481 2468/2566/2468
f 2470/2568/2470 2483/2581/2483 2482/2580/2482 2469/2567/2469
f 2472/2570/2472 2485/2583/2485 2484/2582/2484 2471/2569/2471
f 2473/2571/2473 2486/2584/2486 2485/2583/2485 2472/2570/2472
f 2474/2572/2474 2487/2585/2487 2486/2584/2486 2473/2571/2473
f 2475/2573/2475 2488/2586/2488 2487/2585/2487 2474/2572/2474
f 2476/2574/2476 2489/2587/2489 2488/2586/2488 2475/2573/2475
f 2477/2575/2477 2490/2588/2490 2489/2587/2489 2476/2574/2476
f 2478/2576/2478 2491/2589/2491 2490/2588/2490 2477/2575/2477
f 2479/2577/2479 2492/2590/2492 2491/2589/2491 2478/2576/2478
f 2480/2578/2480 2493/2591/2493 2492/2590/2492 2479/2577/2479
f 2481/2579/2481 2494/2592/2494 2493/2591/2493 2480/2578/2480
f 2482/2580/2482 2495/2593/2495 2494/2592/2494 2481/2579/2481
f 2483/2581/2483 2496/2594/2496 2495/2593/2495 2482/2580/2482
f 2485/2583/2485 2498/2596/2498 2497/2595/2497 2484/2582/2484
f 2486/2584/2486 2499/2597/2499 2498/2596/2498 2485/2583/2485
f 2487/2585/2487 2500/2598/2500 2499/2597/2499 2486/2584/2486
f 2488/2586/2488 2501/2599/2501 2500/2598/2500 2487/2585/2487
f 2489/2587/2489 2502/2600/2502 2501/2599/2501 2488/2586/2488
f 2490/2588/2490 2503/2601/2503 2502/2600/2502 2489/2587/2489
f 2491/2589/2491 2504/2602/2504 2503/2601/2503 2490/2588/2490
f 2492/2590/2492 2505/2603/2505 2504/2602/2504 2491/2589/2491
f 2493/2591/2493 2506/2604/2506 2505/2603/2505 2492/2590/2492
f 2494/2592/2494 2507/2605/2507 2506/2604/2506 2493/2591/2493
f 2495/2593/2495 2508/2606/2508 2507/2605/2507 2494/2592/2494
f 2496/2594/2496 2509/2607/2509 2508/2606/2508 2495/2593/2495
f 2498/2596/2498 2511/2609/2511 2510/2608/2510 2497/2595/2497
f 2499/2597/2499 2512/2610/2512 2511/2609/2511 2498/2596/2498
f 2500/2598/2500 2513/2611/2513 2512/2610/2512 2499/2597/2499
f 2501/2599/2501 2514/2612/2514 2513/2611/2513 2500/2598/2500
f 2502/2600/2502 2515/2613/2515 2514/2612/2514 2501/2599/2501
f 2503/2601/2503 2516/2614/2516 2515/2613/2515 2502/2600/2502
f 2504/2602/2504 2517/2615/2517 2516/2614/2516 2503/2601/2503
f 2505/2603/2505 2518/2616/2518 2517/2615/2517 2504/2602/2504
f 2506/2604/2506 2519/2617/2519 2518/2616/2518 2505/2603/2505
f 2507/2605/2507 2520/2618/2520 2519/2617/2519 2506/2604/2506
f 2508/2606/2508 2521/2619/2521 2520/2618/2520 2507/2605/2507
f 2509/2607/2509 2522/2620/2522 2521/2619/2521 2508/2606/2508
f 2523/2621/2523 2535/2633/2535 2379/2477/2379 2366/2464/2366
f 2524/2622/2524 2536/2634/2536 2535/2633/2535 2523/2621/2523
f 2525/2623/2525 2537/2635/2537 2536/2634/2536 2524/2622/2524
f 2526/2624/2526 2538/2636/2538 2537/2635/2537 2525/2623/2525
f 2527/2625/2527 2539/2637/2539 2538/2636/2538 2526/2624/2526
f 2528/2626/2528 2540/2638/2540 2539/2637/2539 2527/2625/2527
f 2529/2627/2529 2541/2639/2541 2540/2638/2540 2528/2626/2528
f 2530/2628/2530 2542/2640/2542 2541/2639/2541 2529/2627/2529
f 2531/2629/2531 2543/2641/2543 2542/2640/2542 2530/2628/2530
f 2532/2630/2532 2544/2642/2544 2543/2641/2543 2531/2629/2531
f 2533/2631/2533 2545/2643/2545 2544/2642/2544 2532/2630/2532
f 2534/2632/2534 2546/2644/2546 2545/2643/2545 2533/2631/2533
f 2535/2633/2535 2547/2645/2547 2392/2490/2392 2379/2477/2379
f 2536/2634/2536 2548/2646/2548 2547/2645/2547 2535/2633/2535
f 2537/2635/2537 2549/2647/2549 2548/2646/2548 2536/2634/2536
f 2538/2636/2538 2550/2648/2550 2549/2647/2549 2537/2635/2537
f 2539/2637/2539 2551/2649/2551 2550/2648/2550 2538/2636/2538
f 2540/2638/2540 2552/2650/2552 2551/2649/2551 2539/2637/2539
f 2541/2639/2541 2553/2651/2553 2552/2650/2552 2540/2638/2540
f 2542/2640/2542 2554/2652/2554 2553/2651/2553 2541/2639/2541
f 2543/2641/2543 2555/2653/2555 2554/2652/2554 2542/2640/2542
f 2544/2642/2544 2556/2654/2556 2555/2653/2555 2543/2641/2543
f 2545/2643/2545 2557/2655/2557 2556/2654/2556 2544/2642/2544
f 2546/2644/2546 2558/2656/2558 2557/2655/2557 2545/2643/2545
f 2547/2645/2547 2559/2657/2559 2405/2503/2405 2392/2490/2392
f 2548/2646/2548 2560/2658/2560 2559/2657/2559 2547/2645/2547
f 2549/2647/2549 2561/2659/2561 2560/2658/2560 2548/2646/2548
f 2550/2648/2550 2562/2660/2562 2561/2659/2561 2549/2647/2549
f 2551/2649/2551 2563/2661/2563 2562/2660/2562 2550/2648/2550
f 2552/2650/2552 2564/2662/2564 2563/2661/2563 2551/2649/2551
f 2553/2651/2553 2565/2663/2565 2564/2662/2564 2552/2650/2552
f 2554/2652/2554 2566/2664/2566 2565/2663/2565 2553/2651/2553
f 2555/2653/2555 2567/2665/2567 2566/2664/2566 2554/2652/2554
f 2556/2654/2556 2568/2666/2568 2567/2665/2567 2555/2653/2555
f 2557/2655/2557 2569/2667/2569 2568/2666/2568 2556/2654/2556
f 2558/2656/2558 2570/2668/2570 2569/2667/2569 2557/2655/2557
f 2559/2657/2559 2571/2669/2571 2418/2516/2418 2405/2503/2405
f 2560/2658/2560 2572/2670/2572 2571/2669/2571 2559/2657/2559
f 2561/2659/2561 2573/2671/2573 2572/2670/2572 2560/2658/2560
f 2562/2660/2562 2574/2672/2574 2573/2671/2573 2561/2659/2561
f 2563/2661/2563 2575/2673/2575 2574/2672/2574 2562/2660/2562
f 2564/2662/2564 2576/2674/2576 2575/2673/2575 2563/2661/2563
f 2565/2663/2565 2577/2675/2577 2576/2674/2576 2564/2662/2564
f 2566/2664/2566 2578/2676/2578 2577/2675/2577 2565/2663/2565
f 2567/2665/2567 2579/2677/2579 2578/2676/2578 2566/2664/2566
f 2568/2666/2568 2580/2678/2580 2579/2677/2579 2567/2665/2567
f 2569/2667/2569 2581/2679/2581 2580/2678/2580 2568/2666/2568
f 2570/2668/2570 2582/2680/2582 2581/2679/2581 2569/2667/2569
f 2571/2669/2571 2583/2681/2583 2431/2529/2431 2418/2516/2418
f 2572/2670/2572 2584/2682/2584 2583/2681/2583 2571/2669/2571
f 2573/2671/2573 2585/2683/2585 2584/2682/2584 2572/2670/2572
f 2574/2672/2574 2586/2684/2586 2585/2683/2585 2573/2671/2573
f 2575/2673/2575 2587/2685/2587 2586/2684/2586 2574/2672/2574
f 2576/2674/2576 2588/2686/2588 2587/2685/2587 2575/2673/2575
f 2577/2675/2577 2589/2687/2589 2588/2686/2588 2576/2674/2576
f 2578/2676/2578 2590/2688/2590 2589/2687/2589 2577/2675/2577
f 2579/2677/2579 2591/2689/2591 2590/2688/2590 2578/2676/2578
f 2580/2678/2580 2592/2690/2592 2591/2689/2591 2579/2677/2579
f 2581/2679/2581 2593/2691/2593 2592/2690/2592 2580/2678/2580
f 2582/2680/2582 2594/2692/2594 2593/2691/2593 2581/2679/2581
f 2583/2681/2583 2595/2693/2595 2444/2542/2444 2431/2529/2431
f 2584/2682/2584 2596/2694/2596 2595/2693/2595 2583/2681/2583
f 2585/2683/2585 2597/2695/2597 2596/2694/2596 2584/2682/2584
f 2586/2684/2586 2598/2696/2598 2597/2695/2597 2585/2683/2585
f 2587/2685/2587 2599/2697/2599 2598/2696/2598 2586/2684/2586
f 2588/2686/2588 2600/2698/2600 2599/2697/2599 2587/2685/2587
f 2589/2687/2589 2601/2699/2601 2600/2698/2600 2588/2686/2588
f 2590/2688/2590 2602/2700/2602 2601/2699/2601 2589/2687/2589
f 2591/2689/2591 2603/2701/2603 2602/2700/2602 2590/2688/2590
f 2592/2690/2592 2604/2702/2604 2603/2701/2603 2591/2689/2591
f 2593/2691/2593 2605/2703/2605 2604/2702/2604 2592/2690/2592
f 2594/2692/2594 2606/2704/2606 2605/2703/2605 2593/2691/2593
f 2595/2693/2595 2607/2705/2607 2457/2555/2457 2444/2542/2444
f 2596/2694/2596 2608/2706/2608 2607/2705/2607 2595/2693/2595
f 2597/2695/2597 2609/2707/2609 2608/2706/2608 2596/2694/2596
f 2598/2696/2598 2610/2708/2610 2609/2707/2609 2597/2695/2597
f 2599/2697/2599 2611/2709/2611 2610/2708/2610 2598/2696/2598
f 2600/2698/2600 2612/2710/2612 2611/2709/2611 2599/2697/2599
f 2601/2699/2601 2613/2711/2613 2612/2710/2612 2600/2698/2600
f 2602/2700/2602 2614/2712/2614 2613/2711/2613 2601/2699/2601
f 2603/2701/2603 2615/2713/2615 2614/2712/2614 2602/2700/2602
f 2604/2702/2604 2616/2714/2616 2615/2713/2615 2603/2701/2603
f 2605/2703/2605 2617/2715/2617 2616/2714/2616 2604/2702/2604
f 2606/2704/2606 2618/2716/2618 2617/2715/2617 2605/2703/2605
f 2607/2705/2607 2619/2717/2619 2470/2568/2470 2457/2555/2457
f 2608/2706/2608 2620/2718/2620 2619/2717/2619 2607/2705/2607
f 2609/2707/2609 2621/2719/2621 2620/2718/2620 2608/2706/2608
f 2610/2708/2610 2622/2720/2622 2621/2719/2621 2609/2707/2609
f 2611/2709/2611 2623/2721/2623 2622/2720/2622 2610/2708/2610
f 2612/2710/2612 2624/2722/2624 2623/2721/2623 2611/2709/2611
f 2613/2711/2613 2625/2723/2625 2624/2722/2624 2612/2710/2612
f 2614/2712/2614 2626/2724/2626 2625/2723/2625 2613/2711/2613
f 2615/2713/2615 2627/2725/2627 2626/2724/2626 2614/2712/2614
f 2616/2714/2616 2628/2726/2628 2627/2725/2627 2615/2713/2615
f 2617/2715/2617 2629/2727/2629 2628/2726/2628 2616/2714/2616
f 2618/2716/2618 2630/2728/2630 2629/2727/2629 2617/2715/2617
f 2619/2717/2619 2631/2729/2631 2483/2581/2483 2470/2568/2470
f 2620/2718/2620 2632/2730/2632 2631/2729/2631 2619/2717/2619
f 2621/2719/2621 2633/2731/2633 2632/2730/2632 2620/2718/2620
f 2622/2720/2622 2634/2732/2634 2633/2731/2633 2621/2719/2621
f 2623/2721/2623 2635/2733/2635 2634/2732/2634 2622/2720/2622
f 2624/2722/2624 2636/2734/2636 2635/2733/2635 2623/2721/2623
f 2625/2723/2625 2637/2735/2637 2636/2734/2636 2624/2722/2624
f 2626/2724/2626 2638/2736/2638 2637/2735/2637 2625/2723/2625
f 2627/2725/2627 2639/2737/2639 2638/2736/2638 2626/2724/2626
f 2628/2726/2628 2640/2738/2640 2639/2737/2639 2627/2725/2627
f 2629/2727/2629 2641/2739/2641 2640/2738/2640 2628/2726/2628
f 2630/2728/2630 2642/2740/2642 2641/2739/2641 2629/2727/2629
f 2631/2729/2631 2643/2741/2643 2496/2594/2496 2483/2581/2483
f 2632/2730/2632 2644/2742/2644 2643/2741/2643 2631/2729/2631
f 2633/2731/2633 2645/2743/2645 2644/2742/2644 2632/2730/2632
f 2634/2732/2634 2646/2744/2646 2645/2743/2645 2633/2731/2633
f 2635/2733/2635 2647/2745/2647 2646/2744/2646 2634/2732/2634
f 2636/2734/2636 2648/2746/2648 2647/2745/2647 2635/2733/2635
f 2637/2735/2637 2649/2747/2649 2648/2746/2648 2636/2734/2636
f 2638/2736/2638 2650/2748/2650 2649/2747/2649 2637/2735/2637
f 2639/2737/2639 2651/2749/2651 2650/2748/2650 2638/2736/2638
f 2640/2738/2640 2652/2750/2652 2651/2749/2651 2639/2737/2639
f 2641/2739/2641 2653/2751/2653 2652/2750/2652 2640/2738/2640
f 2642/2740/2642 2654/2752/2654 2653/2751/2653 2641/2739/2641
f 2643/2741/2643 2655/2753/2655 2509/2607/2509 2496/2594/2496
f 2644/2742/2644 2656/2754/2656 2655/2753/2655 2643/2741/2643
f 2645/2743/2645 2657/2755/2657 2656/2754/2656 2644/2742/2644
f 2646/2744/2646 2658/2756/2658 2657/2755/2657 2645/2743/2645
f 2647/2745/2647 2659/2757/2659 2658/2756/2658 2646/2744/2646
f 2648/2746/2648 2660/2758/2660 2659/2757/2659 2647/2745/2647
f 2649/2747/2649 2661/2759/2661 2660/2758/2660 2648/2746/2648
f 2650/2748/2650 2662/2760/2662 2661/2759/2661 2649/2747/2649
f 2651/2749/2651 2663/2761/2663 2662/2760/2662 2650/2748/2650
f 2652/2750/2652 2664/2762/2664 2663/2761/2663 2651/2749/2651
f 2653/2751/2653 2665/2763/2665 2664/2762/2664 2652/2750/2652
f 2654/2752/2654 2666/2764/2666 2665/2763/2665 2653/2751/2653
f 2655/2753/2655 2667/2765/2667 2522/2620/2522 2509/2607/2509
f 2656/2754/2656 2668/2766/2668 2667/2765/2667 2655/2753/2655
f 2657/2755/2657 2669/2767/2669 2668/2766/2668 2656/2754/2656
f 2658/2756/2658 2670/2768/2670 2669/2767/2669 2657/2755/2657
f 2659/2757/2659 2671/2769/2671 2670/2768/2670 2658/2756/2658
f 2660/2758/2660 2672/2770/2672 2671/2769/2671 2659/2757/2659
f 2661/2759/2661 2673/2771/2673 2672/2770/2672 2660/2758/2660
f 2662/2760/2662 2674/2772/2674 2673/2771/2673 2661/2759/2661
f 2663/2761/2663 2675/2773/2675 2674/2772/2674 2662/2760/2662
f 2664/2762/2664 2676/2774/2676 2675/2773/2675 2663/2761/2663
f 2665/2763/2665 2677/2775/2677 2676/2774/2676 2664/2762/2664
f 2666/2764/2666 2678/2776/2678 2677/2775/2677 2665/2763/2665
f 2691/2789/2691 2692/2790/2692 2680/2778/2680 2679/2777/2679
f 2692/2790/2692 2693/2791/2693 2681/2779/2681 2680/2778/2680
f 2693/2791/2693 2694/2792/2694 2682/2780/2682 2681/2779/2681
f 2694/2792/2694 2695/2793/2695 2683/2781/2683 2682/2780/2682
f 2695/2793/2695 2696/2794/2696 2684/2782/2684 2683/2781/2683
f 2696/2794/2696 2697/2795/2697 2685/2783/2685 2684/2782/2684
f 2697/2795/2697 2698/2796/2698 2686/2784/2686 2685/2783/2685
f 2698/2796/2698 2699/2797/2699 2687/2785/2687 2686/2784/2686
f 2699/2797/2699 2700/2798/2700 2688/2786/2688 2687/2785/2687
f 2700/2798/2700 2701/2799/2701 2689/2787/2689 2688/2786/2688
f 2701/2799/2701 2702/2800/2702 2690/2788/2690 2689/2787/2689
f 2702/2800/2702 2546/2644/2546 2534/2632/2534 2690/2788/2690
f 2703/2801/2703 2704/2802/2704 2692/2790/2692 2691/2789/2691
f 2704/2802/2704 2705/2803/2705 2693/2791/2693 2692/2790/2692
f 2705/2803/2705 2706/2804/2706 2694/2792/2694 2693/2791/2693
f 2706/2804/2706 2707/2805/2707 2695/2793/2695 2694/2792/2694
f 2707/2805/2707 2708/2806/2708 2696/2794/2696 2695/2793/2695
f 2708/2806/2708 2709/2807/2709 2697/2795/2697 2696/2794/2696
f 2709/2807/2709 2710/2808/2710 2698/2796/2698 2697/2795/2697
f 2710/2808/2710 2711/2809/2711 2699/2797/2699 2698/2796/2698
f 2711/2809/2711 2712/2810/2712 2700/2798/2700 2699/2797/2699
f 2712/2810/2712 2713/2811/2713 2701/2799/2701 2700/2798/2700
f 2713/2811/2713 2714/2812/2714 2702/2800/2702 2701/2799/2701
f 2714/2812/2714 2558/2656/2558 2546/2644/2546 2702/2800/2702
f 2715/2813/2715 2716/2814/2716 2704/2802/2704 2703/2801/2703
f 2716/2814/2716 2717/2815/2717 2705/2803/2705 2704/2802/2704
f 2717/2815/2717 2718/2816/2718 2706/2804/2706 2705/2803/2705
f 2718/2816/2718 2719/2817/2719 2707/2805/2707 2706/2804/2706
f 2719/2817/2719 2720/2818/2720 2708/2806/2708 2707/2805/2707
f 2720/2818/2720 2721/2819/2721 2709/2807/2709 2708/2806/2708
f 2721/2819/2721 2722/2820/2722 2710/2808/2710 2709/2807/2709
f 2722/2820/2722 2723/2821/2723 2711/2809/2711 2710/2808/2710
f 2723/2821/2723 2724/2822/2724 2712/2810/2712 2711/2809/2711
f 2724/2822/2724 2725/2823/2725 2713/2811/2713 2712/2810/2712
f 2725/2823/2725 2726/2824/2726 2714/2812/2714 2713/2811/2713
f 2726/2824/2726 2570/2668/2570 2558/2656/2558 2714/2812/2714
f 2727/2825/2727 2728/2826/2728 2716/2814/2716 2715/2813/2715
f 2728/2826/2728 2729/2827/2729 2717/2815/2717 2716/2814/2716
f 2729/2827/2729 2730/2828/2730 2718/2816/2718 2717/2815/2717
f 2730/2828/2730 2731/2829/2731 2719/2817/2719 2718/2816/2718
f 2731/2829/2731 2732/2830/2732 2720/2818/2720 2719/2817/2719
f 2732/2830/2732 2733/2831/2733 2721/2819/2721 2720/2818/2720
f 2733/2831/2733 2734/2832/2734 2722/2820/2722 2721/2819/2721
f 2734/2832/2734 2735/2833/2735 2723/2821/2723 2722/2820/2722
f 2735/2833/2735 2736/2834/2736 2724/2822/2724 2723/2821/2723
f 2736/2834/2736 2737/2835/2737 2725/2823/2725 2724/2822/2724
f 2737/2835/2737 2738/2836/2738 2726/2824/2726 2725/2823/2725
f 2738/2836/2738 2582/2680/2582 2570/2668/2570 2726/2824/2726
f 2739/2837/2739 2740/2838/2740 2728/2826/2728 2727/2825/2727
f 2740/2838/2740 2741/2839/2741 2729/2827/2729 2728/2826/2728
f 2741/2839/2741 2742/2840/2742 2730/2828/2730 2729/2827/2729
f 2742/2840/2742 2743/2841/2743 2731/2829/2731 2730/2828/2730
f 2743/2841/2743 2744/2842/2744 2732/2830/2732 2731/2829/2731
f 2744/2842/2744 2745/2843/2745 2733/2831/2733 2732/2830/2732
f 2745/2843/2745 2746/2844/2746 2734/2832/2734 2733/2831/2733
f 2746/2844/2746 2747/2845/2747 2735/2833/2735 2734/2832/2734
f 2747/2845/2747 2748/2846/2748 2736/2834/2736 2735/2833/2735
f 2748/2846/2748 2749/2847/2749 2737/2835/2737 2736/2834/2736
f 2749/2847/2749 2750/2848/2750 2738/2836/2738 2737/2835/2737
f 2750/2848/2750 2594/2692/2594 2582/2680/2582 2738/2836/2738
f 2751/2849/2751 2752/2850/2752 2740/2838/2740 2739/2837/2739
f 2752/2850/2752 2753/2851/2753 2741/2839/2741 2740/2838/2740
f 2753/2851/2753 2754/2852/2754 2742/2840/2742 2741/2839/2741
f 2754/2852/2754 2755/2853/2755 2743/2841/2743 2742/2840/2742
f 2755/2853/2755 2756/2854/2756 2744/2842/2744 2743/2841/2743
f 2756/2854/2756 2757/2855/2757 2745/2843/2745 2744/2842/2744
f 2757/2855/2757 2758/2856/2758 2746/2844/2746 2745/2843/2745
f 2758/2856/2758 2759/2857/2759 2747/2845/2747 2746/2844/2746
f 2759/2857/2759 2760/2858/2760 2748/2846/2748 2747/2845/2747
f 2760/2858/2760 2761/2859/2761 2749/2847/2749 2748/2846/2748
f 2761/2859/2761 2762/2860/2762 2750/2848/2750 2749/2847/2749
f 2762/2860/2762 2606/2704/2606 2594/2692/2594 2750/2848/2750
f 2763/2861/2763 2764/2862/2764 2752/2850/2752 2751/2849/2751
f 2764/2862/2764 2765/2863/2765 2753/2851/2753 2752/2850/2752
f 2765/2863/2765 2766/2864/2766 2754/2852/2754 2753/2851/2753
f 2766/2864/2766 2767/2865/2767 2755/2853/2755 2754/2852/2754
f 2767/2865/2767 2768/2866/2768 2756/2854/2756 2755/2853/2755
f 2768/2866/2768 2769/2867/2769 2757/2855/2757 2756/2854/2756
f 2769/2867/2769 2770/2868/2770 2758/2856/2758 2757/2855/2757
f 2770/2868/2770 2771/2869/2771 2759/2857/2759 2758/2856/2758
f 2771/2869/2771 2772/2870/2772 2760/2858/2760 2759/2857/2759
f 2772/2870/2772 2773/2871/2773 2761/2859/2761 2760/2858/2760
f 2773/2871/2773 2774/2872/2774 2762/2860/2762 2761/2859/2761
f 2774/2872/2774 2618/2716/2618 2606/2704/2606 2762/2860/2762
f 2775/2873/2775 2776/2874/2776 2764/2862/2764 2763/2861/2763
f 2776/2874/2776 2777/2875/2777 2765/2863/2765 2764/2862/2764
f 2777/2875/2777 2778/2876/2778 2766/2864/2766 2765/2863/2765
f 2778/2876/2778 2779/2877/2779 2767/2865/2767 2766/2864/2766
f 2779/2877/2779 2780/2878/2780 2768/2866/2768 2767/2865/2767
f 2780/2878/2780 2781/2879/2781 2769/2867/2769 2768/2866/2768
f 2781/2879/2781 2782/2880/2782 2770/2868/2770 2769/2867/2769
f 2782/2880/2782 2783/2881/2783 2771/2869/2771 2770/2868/2770
f 2783/2881/2783 2784/2882/2784 2772/2870/2772 2771/2869/2771
f 2784/2882/2784 2785/2883/2785 2773/2871/2773 2772/2870/2772
f 2785/2883/2785 2786/2884/2786 2774/2872/2774 2773/2871/2773
f 2786/2884/2786 2630/2728/2630 2618/2716/2618 2774/2872/2774
f 2787/2885/2787 2788/2886/2788 2776/2874/2776 2775/2873/2775
f 2788/2886/2788 2789/2887/2789 2777/2875/2777 2776/2874/2776
f 2789/2887/2789 2790/2888/2790 2778/2876/2778 2777/2875/2777
f 2790/2888/2790 2791/2889/2791 2779/2877/2779 2778/2876/2778
f 2791/2889/2791 2792/2890/2792 2780/2878/2780 2779/2877/2779
f 2792/2890/2792 2793/2891/2793 2781/2879/2781 2780/2878/2780
f 2793/2891/2793 2794/2892/2794 2782/2880/2782 2781/2879/2781
f 2794/2892/2794 2795/2893/2795 2783/2881/2783 2782/2880/2782
f 2795/2893/2795 2796/2894/2796 2784/2882/2784 2783/2881/2783
f 2796/2894/2796 2797/2895/2797 2785/2883/2785 2784/2882/2784
f 2797/2895/2797 2798/2896/2798 2786/2884/2786 2785/2883/2785
f 2798/2896/2798 2642/2740/2642 2630/2728/2630 2786/2884/2786
f 2799/2897/2799 2800/2898/2800 2788/2886/2788 2787/2885/2787
f 2800/2898/2800 2801/2899/2801 2789/2887/2789 2788/2886/2788
f 2801/2899/2801 2802/2900/2802 2790/2888/2790 2789/2887/2789
f 2802/2900/2802 2803/2901/2803 2791/2889/2791 2790/2888/2790
f 2803/2901/2803 2804/2902/2804 2792/2890/2792 2791/2889/2791
f 2804/2902/2804 2805/2903/2805 2793/2891/2793 2792/2890/2792
f 2805/2903/2805 2806/2904/2806 2794/2892/2794 2793/2891/2793
f 2806/2904/2806 2807/2905/2807 2795/2893/2795 2794/2892/2794
f 2807/2905/2807 2808/2906/2808 2796/2894/2796 2795/2893/2795
f 2808/2906/2808 2809/2907/2809 2797/2895/2797 2796/2894/2796
f 2809/2907/2809 2810/2908/2810 2798/2896/2798 2797/2895/2797
f 2810/2908/2810 2654/2752/2654 2642/2740/2642 2798/2896/2798
f 2811/2909/2811 2812/2910/2812 2800/2898/2800 2799/2897/2799
f 2812/2910/2812 2813/2911/2813 2801/2899/2801 2800/2898/2800
f 2813/2911/2813 2814/2912/2814 2802/2900/2802 2801/2899/2801
f 2814/2912/2814 2815/2913/2815 2803/2901/2803 2802/2900/2802
f 2815/2913/2815 2816/2914/2816 2804/2902/2804 2803/2901/2803
f 2816/2914/2816 2817/2915/2817 2805/2903/2805 2804/2902/2804
f 2817/2915/2817 2818/2916/2818 2806/2904/2806 2805/2903/2805
f 2818/2916/2818 2819/2917/2819 2807/2905/2807 2806/2904/2806
f 2819/2917/2819 2820/2918/2820 2808/2906/2808 2807/2905/2807
f 2820/2918/2820 2821/2919/2821 2809/2907/2809 2808/2906/2808
f 2821/2919/2821 2822/2920/2822 2810/2908/2810 2809/2907/2809
f 2822/2920/2822 2666/2764/2666 2654/2752/2654 2810/2908/2810
f 2823/2921/2823 2824/2922/2824 2812/2910/2812 2811/2909/2811
f 2824/2922/2824 2825/2923/2825 2813/2911/2813 2812/2910/2812
f 2825/2923/2825 2826/2924/2826 2814/2912/2814 2813/2911/2813
f 2826/2924/2826 2827/2925/2827 2815/2913/2815 2814/2912/2814
f 2827/2925/2827 2828/2926/2828 2816/2914/2816 2815/2913/2815
f 2828/2926/2828 2829/2927/2829 2817/2915/2817 2816/2914/2816
f 2829/2927/2829 2830/2928/2830 2818/2916/2818 2817/2915/2817
f 2830/2928/2830 2831/2929/2831 2819/2917/2819 2818/2916/2818
f 2831/2929/2831 2832/2930/2832 2820/2918/2820 2819/2917/2819
f 2832/2930/2832 2833/2931/2833 2821/2919/2821 2820/2918/2820
f 2833/2931/2833 2834/2932/2834 2822/2920/2822 2821/2919/2821
f 2834/2932/2834 2678/2776/2678 2666/2764/2666 2822/2920/2822
f 2367/2945/2367 2846/2946/2846 2835/2934/2835 2354/2933/2354
f 2846/2946/2846 2847/2947/2847 2836/2935/2836 2835/2934/2835
f 2847/2947/2847 2848/2948/2848 2837/2936/2837 2836/2935/2836
f 2848/2948/2848 2849/2949/2849 2838/2937/2838 2837/2936/2837
f 2849/2949/2849 2850/2950/2850 2839/2938/2839 2838/2937/2838
f 2850/2950/2850 2851/2951/2851 2840/2939/2840 2839/2938/2839
f 2851/2951/2851 2852/2952/2852 2841/2940/2841 2840/2939/2840
f 2852/2952/2852 2853/2953/2853 2842/2941/2842 2841/2940/2841
f 2853/2953/2853 2854/2954/2854 2843/2942/2843 2842/2941/2842
f 2854/2954/2854 2855/2955/2855 2844/2943/2844 2843/2942/2843
f 2855/2955/2855 2856/2956/2856 2845/2944/2845 2844/2943/2844
f 2856/2956/2856 2691/2789/2691 2679/2777/2679 2845/2944/2845
f 2380/2957/2380 2857/2958/2857 2846/2946/2846 2367/2945/2367
f 2857/2958/2857 2858/2959/2858 2847/2947/2847 2846/2946/2846
f 2858/2959/2858 2859/2960/2859 2848/2948/2848 2847/2947/2847
f 2859/2960/2859 2860/2961/2860 2849/2949/2849 2848/2948/2848
f 2860/2961/2860 2861/2962/2861 2850/2950/2850 2849/2949/2849
f 2861/2962/2861 2862/2963/2862 2851/2951/2851 2850/2950/2850
f 2862/2963/2862 2863/2964/2863 2852/2952/2852 2851/2951/2851
f 2863/2964/2863 2864/2965/2864 2853/2953/2853 2852/2952/2852
f 2864/2965/2864 2865/2966/2865 2854/2954/2854 2853/2953/2853
f 2865/2966/2865 2866/2967/2866 2855/2955/2855 2854/2954/2854
f 2866/2967/2866 2867/2968/2867 2856/2956/2856 2855/2955/2855
f 2867/2968/2867 2703/2801/2703 2691/2789/2691 2856/2956/2856
f 2393/2969/2393 2868/2970/2868 2857/2958/2857 2380/2957/2380
f 2868/2970/2868 2869/2971/2869 2858/2959/2858 2857/2958/2857
f 2869/2971/2869 2870/2972/2870 2859/2960/2859 2858/2959/2858
f 2870/2972/2870 2871/2973/2871 2860/2961/2860 2859/2960/2859
f 2871/2973/2871 2872/2974/2872 2861/2962/2861 2860/2961/2860
f 2872/2974/2872 2873/2975/2873 2862/2963/2862 2861/2962/2861
f 2873/2975/2873 2874/2976/2874 2863/2964/2863 2862/2963/2862
f 2874/2976/2874 2875/2977/2875 2864/2965/2864 2863/2964/2863
f 2875/2977/2875 2876/2978/2876 2865/2966/2865 2864/2965/2864
f 2876/2978/2876 2877/2979/2877 2866/2967/2866 2865/2966/2865
f 2877/2979/2877 2878/2980/2878 2867/2968/2867 2866/2967/2866
f 2878/2980/2878 2715/2813/2715 2703/2801/2703 2867/2968/2867
f 2406/2981/2406 2879/2982/2879 2868/2970/2868 2393/2969/2393
f 2879/2982/2879 2880/2983/2880 2869/2971/2869 2868/2970/2868
f 2880/2983/2880 2881/2984/2881 2870/2972/2870 2869/2971/2869
f 2881/2984/2881 2882/2985/2882 2871/2973/2871 2870/2972/2870
f 2882/2985/2882 2883/2986/2883 2872/2974/2872 2871/2973/2871
f 2883/2986/2883 2884/2987/2884 2873/2975/2873 2872/2974/2872
f 2884/2987/2884 2885/2988/2885 2874/2976/2874 2873/2975/2873
f 2885/2988/2885 2886/2989/2886 2875/2977/2875 2874/2976/2874
f 2886/2989/2886 2887/2990/2887 2876/2978/2876 2875/2977/2875
f 2887/2990/2887 2888/2991/2888 2877/2979/2877 2876/2978/2876
f 2888/2991/2888 2889/2992/2889 2878/2980/2878 2877/2979/2877
f 2889/2992/2889 2727/2825/2727 2715/2813/2715 2878/2980/2878
f 2419/2993/2419 2890/2994/2890 2879/2982/2879 2406/2981/2406
f 2890/2994/2890 2891/2995/2891 2880/2983/2880 2879/2982/2879
f 2891/2995/2891 2892/2996/2892 2881/2984/2881 2880/2983/2880
f 2892/2996/2892 2893/2997/2893 2882/2985/2882 2881/2984/2881
f 2893/2997/2893 2894/2998/2894 2883/2986/2883 2882/2985/2882
f 2894/2998/2894 2895/2999/2895 2884/2987/2884 2883/2986/2883
f 2895/2999/2895 2896/3000/2896 2885/2988/2885 2884/2987/2884
f 2896/3000/2896 2897/3001/2897 2886/2989/2886 2885/2988/2885
f 2897/3001/2897 2898/3002/2898 2887/2990/2887 2886/2989/2886
f 2898/3002/2898 2899/3003/2899 2888/2991/2888 2887/2990/2887
f 2899/3003/2899 2900/3004/2900 2889/2992/2889 2888/2991/2888
f 2900/3004/2900 2739/2837/2739 2727/2825/2727 2889/2992/2889
f 2432/3005/2432 2901/3006/2901 2890/2994/2890 2419/2993/2419
f 2901/3006/2901 2902/3007/2902 2891/2995/2891 2890/2994/2890
f 2902/3007/2902 2903/3008/2903 2892/2996/2892 2891/2995/2891
f 2903/3008/2903 2904/3009/2904 2893/2997/2893 2892/2996/2892
f 2904/3009/2904 2905/3010/2905 2894/2998/2894 2893/2997/2893
f 2905/3010/2905 2906/3011/2906 2895/2999/2895 2894/2998/2894
f 2906/3011/2906 2907/3012/2907 2896/3000/2896 2895/2999/2895
f 2907/3012/2907 2908/3013/2908 2897/3001/2897 2896/3000/2896
f 2908/3013/2908 2909/3014/2909 2898/3002/2898 2897/3001/2897
f 2909/3014/2909 2910/3015/2910 2899/3003/2899 2898/3002/2898
f 2910/3015/2910 2911/3016/2911 2900/3004/2900 2899/3003/2899
f 2911/3016/2911 2751/2849/2751 2739/2837/2739 2900/3004/2900
f 2445/3017/2445 2912/3018/2912 2901/3006/2901 2432/3005/2432
f 2912/3018/2912 2913/3019/2913 2902/3007/2902 2901/3006/2901
f 2913/3019/2913 2914/3020/2914 2903/3008/2903 2902/3007/2902
f 2914/3020/2914 2915/3021/2915 2904/3009/2904 2903/3008/2903
f 2915/3021/2915 2916/3022/2916 2905/3010/2905 2904/3009/2904
f 2916/3022/2916 2917/3023/2917 2906/3011/2906 2905/3010/2905
f 2917/3023/2917 2918/3024/2918 2907/3012/2907 2906/3011/2906
f 2918/3024/2918 2919/3025/2919 2908/3013/2908 2907/3012/2907
f 2919/3025/2919 2920/3026/2920 2909/3014/2909 2908/3013/2908
f 2920/3026/2920 2921/3027/2921 2910/3015/2910 2909/3014/2909
f 2921/3027/2921 2922/3028/2922 2911/3016/2911 2910/3015/2910
f 2922/3028/2922 2763/2861/2763 2751/2849/2751 2911/3016/2911
f 2458/3029/2458 2923/3030/2923 2912/3018/2912 2445/3017/2445
f 2923/3030/2923 2924/3031/2924 2913/3019/2913 2912/3018/2912
f 2924/3031/2924 2925/3032/2925 2914/3020/2914 2913/3019/2913
f 2925/3032/2925 2926/3033/2926 2915/3021/2915 2914/3020/2914
f 2926/3033/2926 2927/3034/2927 2916/3022/2916 2915/3021/2915
f 2927/3034/2927 2928/3035/2928 2917/3023/2917 2916/3022/2916
f 2928/3035/2928 2929/3036/2929 2918/3024/2918 2917/3023/2917
f 2929/3036/2929 2930/3037/2930 2919/3025/2919 2918/3024/2918
f 2930/3037/2930 2931/3038/2931 2920/3026/2920 2919/3025/2919
f 2931/3038/2931 2932/3039/2932 2921/3027/2921 2920/3026/2920
f 2932/3039/2932 2933/3040/2933 2922/3028/2922 2921/3027/2921
f 2933/3040/2933 2775/2873/2775 2763/2861/2763 2922/3028/2922
f 2471/3041/2471 2934/3042/2934 2923/3030/2923 2458/3029/2458
f 2934/3042/2934 2935/3043/2935 2924/3031/2924 2923/3030/2923
f 2935/3043/2935 2936/3044/2936 2925/3032/2925 2924/3031/2924
f 2936/3044/2936 2937/3045/2937 2926/3033/2926 2925/3032/2925
f 2937/3045/2937 2938/3046/2938 2927/3034/2927 2926/3033/2926
f 2938/3046/2938 2939/3047/2939 2928/3035/2928 2927/3034/2927
f 2939/3047/2939 2940/3048/2940 2929/3036/2929 2928/3035/2928
f 2940/3048/2940 2941/3049/2941 2930/3037/2930 2929/3036/2929
f 2941/3049/2941 2942/3050/2942 2931/3038/2931 2930/3037/2930
f 2942/3050/2942 2943/3051/2943 2932/3039/2932 2931/3038/2931
f 2943/3051/2943 2944/3052/2944 2933/3040/2933 2932/3039/2932
f 2944/3052/2944 2787/2885/2787 2775/2873/2775 2933/3040/2933
f 2484/3053/2484 2945/3054/2945 2934/3042/2934 2471/3041/2471
f 2945/3054/2945 2946/3055/2946 2935/3043/2935 2934/3042/2934
f 2946/3055/2946 2947/3056/2947 2936/3044/2936 2935/3043/2935
f 2947/3056/2947 2948/3057/2948 2937/3045/2937 2936/3044/2936
f 2948/3057/2948 2949/3058/2949 2938/3046/2938 2937/3045/2937
f 2949/3058/2949 2950/3059/2950 2939/3047/2939 2938/3046/2938
f 2950/3059/2950 2951/3060/2951 2940/3048/2940 2939/3047/2939
f 2951/3060/2951 2952/3061/2952 2941/3049/2941 2940/3048/2940
f 2952/3061/2952 2953/3062/2953 2942/3050/2942 2941/3049/2941
f 2953/3062/2953 2954/3063/2954 2943/3051/2943 2942/3050/2942
f 2954/3063/2954 2955/3064/2955 2944/3052/2944 2943/3051/2943
f 2955/3064/2955 2799/2897/2799 2787/2885/2787 2944/3052/2944
f 2497/3065/2497 2956/3066/2956 2945/3054/2945 2484/3053/2484
f 2956/3066/2956 2957/3067/2957 2946/3055/2946 2945/3054/2945
f 2957/3067/2957 2958/3068/2958 2947/3056/2947 2946/3055/2946
f 2958/3068/2958 2959/3069/2959 2948/3057/2948 2947/3056/2947
f 2959/3069/2959 2960/3070/2960 2949/3058/2949 2948/3057/2948
f 2960/3070/2960 2961/3071/2961 2950/3059/2950 2949/3058/2949
f 2961/3071/2961 2962/3072/2962 2951/3060/2951 2950/3059/2950
f 2962/3072/2962 2963/3073/2963 2952/3061/2952 2951/3060/2951
f 2963/3073/2963 2964/3074/2964 2953/3062/2953 2952/3061/2952
f 2964/3074/2964 2965/3075/2965 2954/3063/2954 2953/3062/2953
f 2965/3075/2965 2966/3076/2966 2955/3064/2955 2954/3063/2954
f 2966/3076/2966 2811/2909/2811 2799/2897/2799 2955/3064/2955
f 2510/3077/2510 2967/3078/2967 2956/3066/2956 2497/3065/2497
f 2967/3078/2967 2968/3079/2968 2957/3067/2957 2956/3066/2956
f 2968/3079/2968 2969/3080/2969 2958/3068/2958 2957/3067/2957
f 2969/3080/2969 2970/3081/2970 2959/3069/2959 2958/3068/2958
f 2970/3081/2970 2971/3082/2971 2960/3070/2960 2959/3069/2959
f 2971/3082/2971 2972/3083/2972 2961/3071/2961 2960/3070/2960
f 2972/3083/2972 2973/3084/2973 2962/3072/2962 2961/3071/2961
f 2973/3084/2973 2974/3085/2974 2963/3073/2963 2962/3072/2962
f 2974/3085/2974 2975/3086/2975 2964/3074/2964 2963/3073/2963
f 2975/3086/2975 2976/3087/2976 2965/3075/2965 2964/3074/2964
f 2976/3087/2976 2977/3088/2977 2966/3076/2966 2965/3075/2965
f 2977/3088/2977 2823/2921/2823 2811/2909/2811 2966/3076/2966
f 2511/2609/2511 2979/3090/2979 2978/3089/2978 2510/2608/2510
f 2512/2610/2512 2980/3091/2980 2979/3090/2979 2511/2609/2511
f 2513/2611/2513 2981/3092/2981 2980/3091/2980 2512/2610/2512
f 2514/2612/2514 2982/3093/2982 2981/3092/2981 2513/2611/2513
f 2515/2613/2515 2983/3094/2983 2982/3093/2982 2514/2612/2514
f 2516/2614/2516 2984/3095/2984 2983/3094/2983 2515/2613/2515
f 2517/2615/2517 2985/3096/2985 2984/3095/2984 2516/2614/2516
f 2518/2616/2518 2986/3097/2986 2985/3096/2985 2517/2615/2517
f 2519/2617/2519 2987/3098/2987 2986/3097/2986 2518/2616/2518
f 2520/2618/2520 2988/3099/2988 2987/3098/2987 2519/2617/2519
f 2521/2619/2521 2989/3100/2989 2988/3099/2988 2520/2618/2520
f 2522/2620/2522 2990/3101/2990 2989/3100/2989 2521/2619/2521
f 2979/3090/2979 2992/3103/2992 2991/3102/2991 2978/3089/2978
f 2980/3091/2980 2993/3104/2993 2992/3103/2992 2979/3090/2979
f 2981/3092/2981 2994/3105/2994 2993/3104/2993 2980/3091/2980
f 2982/3093/2982 2995/3106/2995 2994/3105/2994 2981/3092/2981
f 2983/3094/2983 2996/3107/2996 2995/3106/2995 2982/3093/2982
f 2984/3095/2984 2997/3108/2997 2996/3107/2996 2983/3094/2983
f 2985/3096/2985 2998/3109/2998 2997/3108/2997 2984/3095/2984
f 2986/3097/2986 2999/3110/2999 2998/3109/2998 2985/3096/2985
f 2987/3098/2987 3000/3111/3000 2999/3110/2999 2986/3097/2986
f 2988/3099/2988 3001/3112/3001 3000/3111/3000 2987/3098/2987
f 2989/3100/2989 3002/3113/3002 3001/3112/3001 2988/3099/2988
f 2990/3101/2990 3003/3114/3003 3002/3113/3002 2989/3100/2989
f 2992/3103/2992 3005/3116/3005 3004/3115/3004 2991/3102/2991
f 2993/3104/2993 3006/3117/3006 3005/3116/3005 2992/3103/2992
f 2994/3105/2994 3007/3118/3007 3006/3117/3006 2993/3104/2993
f 2995/3106/2995 3008/3119/3008 3007/3118/3007 2994/3105/2994
f 2996/3107/2996 3009/3120/3009 3008/3119/3008 2995/3106/2995
f 2997/3108/2997 3010/3121/3010 3009/3120/3009 2996/3107/2996
f 2998/3109/2998 3011/3122/3011 3010/3121/3010 2997/3108/2997
f 2999/3110/2999 3012/3123/3012 3011/3122/3011 2998/3109/2998
f 3000/3111/3000 3013/3124/3013 3012/3123/3012 2999/3110/2999
f 3001/3112/3001 3014/3125/3014 3013/3124/3013 3000/3111/3000
f 3002/3113/3002 3015/3126/3015 3014/3125/3014 3001/3112/3001
f 3003/3114/3003 3016/3127/3016 3015/3126/3015 3002/3113/3002
f 3005/3116/3005 3018/3129/3018 3017/3128/3017 3004/3115/3004
f 3006/3117/3006 3019/3130/3019 3018/3129/3018 3005/3116/3005
f 3007/3118/3007 3020/3131/3020 3019/3130/3019 3006/3117/3006
f 3008/3119/3008 3021/3132/3021 3020/3131/3020 3007/3118/3007
f 3009/3120/3009 3022/3133/3022 3021/3132/3021 3008/3119/3008
f 3010/3121/3010 3023/3134/3023 3022/3133/3022 3009/3120/3009
f 3011/3122/3011 3024/3135/3024 3023/3134/3023 3010/3121/3010
f 3012/3123/3012 3025/3136/3025 3024/3135/3024 3011/3122/3011
f 3013/3124/3013 3026/3137/3026 3025/3136/3025 3012/3123/3012
f 3014/3125/3014 3027/3138/3027 3026/3137/3026 3013/3124/3013
f 3015/3126/3015 3028/3139/3028 3027/3138/3027 3014/3125/3014
f 3016/3127/3016 3029/3140/3029 3028/3139/3028 3015/3126/3015
f 3018/3129/3018 3031/3142/3031 3030/3141/3030 3017/3128/3017
f 3019/3130/3019 3032/3143/3032 3031/3142/3031 3018/3129/3018
f 3020/3131/3020 3033/3144/3033 3032/3143/3032 3019/3130/3019
f 3021/3132/3021 3034/3145/3034 3033/3144/3033 3020/3131/3020
f 3022/3133/3022 3035/3146/3035 3034/3145/3034 3021/3132/3021
f 3023/3134/3023 3036/3147/3036 3035/3146/3035 3022/3133/3022
f 3024/3135/3024 3037/3148/3037 3036/3147/3036 3023/3134/3023
f 3025/3136/3025 3038/3149/3038 3037/3148/3037 3024/3135/3024
f 3026/3137/3026 3039/3150/3039 3038/3149/3038 3025/3136/3025
f 3027/3138/3027 3040/3151/3040 3039/3150/3039 3026/3137/3026
f 3028/3139/3028 3041/3152/3041 3040/3151/3040 3027/3138/3027
f 3029/3140/3029 3042/3153/3042 3041/3152/3041 3028/3139/3028
f 3031/3142/3031 3044/3155/3044 3043/3154/3043 3030/3141/3030
f 3032/3143/3032 3045/3156/3045 3044/3155/3044 3031/3142/3031
f 3033/3144/3033 3046/3157/3046 3045/3156/3045 3032/3143/3032
f 3034/3145/3034 3047/3158/3047 3046/3157/3046 3033/3144/3033
f 3035/3146/3035 3048/3159/3048 3047/3158/3047 3034/3145/3034
f 3036/3147/3036 3049/3160/3049 3048/3159/3048 3035/3146/3035
f 3037/3148/3037 3050/3161/3050 3049/3160/3049 3036/3147/3036
f 3038/3149/3038 3051/3162/3051 3050/3161/3050 3037/3148/3037
f 3039/3150/3039 3052/3163/3052 3051/3162/3051 3038/3149/3038
f 3040/3151/3040 3053/3164/3053 3052/3163/3052 3039/3150/3039
f 3041/3152/3041 3054/3165/3054 3053/3164/3053 3040/3151/3040
f 3042/3153/3042 3055/3166/3055 3054/3165/3054 3041/3152/3041
f 3044/3155/3044 3057/3168/3057 3056/3167/3056 3043/3154/3043
f 3045/3156/3045 3058/3169/3058 3057/3168/3057 3044/3155/3044
f 3046/3157/3046 3059/3170/3059 3058/3169/3058 3045/3156/3045
f 3047/3158/3047 3060/3171/3060 3059/3170/3059 3046/3157/3046
f 3048/3159/3048 3061/3172/3061 3060/3171/3060 3047/3158/3047
f 3049/3160/3049 3062/3173/3062 3061/3172/3061 3048/3159/3048
f 3050/3161/3050 3063/3174/3063 3062/3173/3062 3049/3160/3049
f 3051/3162/3051 3064/3175/3064 3063/3174/3063 3050/3161/3050
f 3052/3163/3052 3065/3176/3065 3064/3175/3064 3051/3162/3051
f 3053/3164/3053 3066/3177/3066 3065/3176/3065 3052/3163/3052
f 3054/3165/3054 3067/3178/3067 3066/3177/3066 3053/3164/3053
f 3055/3166/3055 3068/3179/3068 3067/3178/3067 3054/3165/3054
f 3057/3168/3057 3070/3181/3070 3069/3180/3069 3056/3167/3056
f 3058/3169/3058 3071/3182/3071 3070/3181/3070 3057/3168/3057
f 3059/3170/3059 3072/3183/3072 3071/3182/3071 3058/3169/3058
f 3060/3171/3060 3073/3184/3073 3072/3183/3072 3059/3170/3059
f 3061/3172/3061 3074/3185/3074 3073/3184/3073 3060/3171/3060
f 3062/3173/3062 3075/3186/3075 3074/3185/3074 3061/3172/3061
f 3063/3174/3063 3076/3187/3076 3075/3186/3075 3062/3173/3062
f 3064/3175/3064 3077/3188/3077 3076/3187/3076 3063/3174/3063
f 3065/3176/3065 3078/3189/3078 3077/3188/3077 3064/3175/3064
f 3066/3177/3066 3079/3190/3079 3078/3189/3078 3065/3176/3065
f 3067/3178/3067 3080/3191/3080 3079/3190/3079 3066/3177/3066
f 3068/3179/3068 3081/3192/3081 3080/3191/3080 3067/3178/3067
f 3070/3181/3070 3083/3194/3083 3082/3193/3082 3069/3180/3069
f 3071/3182/3071 3084/3195/3084 3083/3194/3083 3070/3181/3070
f 3072/3183/3072 3085/3196/3085 3084/3195/3084 3071/3182/3071
f 3073/3184/3073 3086/3197/3086 3085/3196/3085 3072/3183/3072
f 3074/3185/3074 3087/3198/3087 3086/3197/3086 3073/3184/3073
f 3075/3186/3075 3088/3199/3088 3087/3198/3087 3074/3185/3074
f 3076/3187/3076 3089/3200/3089 3088/3199/3088 3075/3186/3075
f 3077/3188/3077 3090/3201/3090 3089/3200/3089 3076/3187/3076
f 3078/3189/3078 3091/3202/3091 3090/3201/3090 3077/3188/3077
f 3079/3190/3079 3092/3203/3092 3091/3202/3091 3078/3189/3078
f 3080/3191/3080 3093/3204/3093 3092/3203/3092 3079/3190/3079
f 3081/3192/3081 3094/3205/3094 3093/3204/3093 3080/3191/3080
f 3083/3194/3083 3096/3207/3096 3095/3206/3095 3082/3193/3082
f 3084/3195/3084 3097/3208/3097 3096/3207/3096 3083/3194/3083
f 3085/3196/3085 3098/3209/3098 3097/3208/3097 3084/3195/3084
f 3086/3197/3086 3099/3210/3099 3098/3209/3098 3085/3196/3085
f 3087/3198/3087 3100/3211/3100 3099/3210/3099 3086/3197/3086
f 3088/3199/3088 3101/3212/3101 3100/3211/3100 3087/3198/3087
f 3089/3200/3089 3102/3213/3102 3101/3212/3101 3088/3199/3088
f 3090/3201/3090 3103/3214/3103 3102/3213/3102 3089/3200/3089
f 3091/3202/3091 3104/3215/3104 3103/3214/3103 3090/3201/3090
f 3092/3203/3092 3105/3216/3105 3104/3215/3104 3091/3202/3091
f 3093/3204/3093 3106/3217/3106 3105/3216/3105 3092/3203/3092
f 3094/3205/3094 3107/3218/3107 3106/3217/3106 3093/3204/3093
f 3096/3207/3096 3109/3220/3109 3108/3219/3108 3095/3206/3095
f 3097/3208/3097 3110/3221/3110 3109/3220/3109 3096/3207/3096
f 3098/3209/3098 3111/3222/3111 3110/3221/3110 3097/3208/3097
f 3099/3210/3099 3112/3223/3112 3111/3222/3111 3098/3209/3098
f 3100/3211/3100 3113/3224/3113 3112/3223/3112 3099/3210/3099
f 3101/3212/3101 3114/3225/3114 3113/3224/3113 3100/3211/3100
f 3102/3213/3102 3115/3226/3115 3114/3225/3114 3101/3212/3101
f 3103/3214/3103 3116/3227/3116 3115/3226/3115 3102/3213/3102
f 3104/3215/3104 3117/3228/3117 3116/3227/3116 3103/3214/3103
f 3105/3216/3105 3118/3229/3118 3117/3228/3117 3104/3215/3104
f 3106/3217/3106 3119/3230/3119 3118/3229/3118 3105/3216/3105
f 3107/3218/3107 3120/3231/3120 3119/3230/3119 3106/3217/3106
f 3109/3220/3109 3122/3233/3122 3121/3232/3121 3108/3219/3108
f 3110/3221/3110 3123/3234/3123 3122/3233/3122 3109/3220/3109
f 3111/3222/3111 3124/3235/3124 3123/3234/3123 3110/3221/3110
f 3112/3223/3112 3125/3236/3125 3124/3235/3124 3111/3222/3111
f 3113/3224/3113 3126/3237/3126 3125/3236/3125 3112/3223/3112
f 3114/3225/3114 3127/3238/3127 3126/3237/3126 3113/3224/3113
f 3115/3226/3115 3128/3239/3128 3127/3238/3127 3114/3225/3114
f 3116/3227/3116 3129/3240/3129 3128/3239/3128 3115/3226/3115
f 3117/3228/3117 3130/3241/3130 3129/3240/3129 3116/3227/3116
f 3118/3229/3118 3131/3242/3131 3130/3241/3130 3117/3228/3117
f 3119/3230/3119 3132/3243/3132 3131/3242/3131 3118/3229/3118
f 3120/3231/3120 3133/3244/3133 3132/3243/3132 3119/3230/3119
f 2667/2765/2667 3134/3245/3134 2990/3101/2990 2522/2620/2522
f 2668/2766/2668 3135/3246/3135 3134/3245/3134 2667/2765/2667
f 2669/2767/2669 3136/3247/3136 3135/3246/3135 2668/2766/2668
f 2670/2768/2670 3137/3248/3137 3136/3247/3136 2669/2767/2669
f 2671/2769/2671 3138/3249/3138 3137/3248/3137 2670/2768/2670
f 2672/2770/2672 3139/3250/3139 3138/3249/3138 2671/2769/2671
f 2673/2771/2673 3140/3251/3140 3139/3250/3139 2672/2770/2672
f 2674/2772/2674 3141/3252/3141 3140/3251/3140 2673/2771/2673
f 2675/2773/2675 3142/3253/3142 3141/3252/3141 2674/2772/2674
f 2676/2774/2676 3143/3254/3143 3142/3253/3142 2675/2773/2675
f 2677/2775/2677 3144/3255/3144 3143/3254/3143 2676/2774/2676
f 2678/2776/2678 3145/3256/3145 3144/3255/3144 2677/2775/2677
f 3134/3245/3134 3146/3257/3146 3003/3114/3003 2990/3101/2990
f 3135/3246/3135 3147/3258/3147 3146/3257/3146 3134/3245/3134
f 3136/3247/3136 3148/3259/3148 3147/3258/3147 3135/3246/3135
f 3137/3248/3137 3149/3260/3149 3148/3259/3148 3136/3247/3136
f 3138/3249/3138 3150/3261/3150 3149/3260/3149 3137/3248/3137
f 3139/3250/3139 3151/3262/3151 3150/3261/3150 3138/3249/3138
f 3140/3251/3140 3152/3263/3152 3151/3262/3151 3139/3250/3139
f 3141/3252/3141 3153/3264/3153 3152/3263/3152 3140/3251/3140
f 3142/3253/3142 3154/3265/3154 3153/3264/3153 3141/3252/3141
f 3143/3254/3143 3155/3266/3155 3154/3265/3154 3142/3253/3142
f 3144/3255/3144 3156/3267/3156 3155/3266/3155 3143/3254/3143
f 3145/3256/3145 3157/3268/3157 3156/3267/3156 3144/3255/3144
f 3146/3257/3146 3158/3269/3158 3016/3127/3016 3003/3114/3003
f 3147/3258/3147 3159/3270/3159 3158/3269/3158 3146/3257/3146
f 3148/3259/3148 3160/3271/3160 3159/3270/3159 3147/3258/3147
f 3149/3260/3149 3161/3272/3161 3160/3271/3160 3148/3259/3148
f 3150/3261/3150 3162/3273/3162 3161/3272/3161 3149/3260/3149
f 3151/3262/3151 3163/3274/3163 3162/3273/3162 3150/3261/3150
f 3152/3263/3152 3164/3275/3164 3163/3274/3163 3151/3262/3151
f 3153/3264/3153 3165/3276/3165 3164/3275/3164 3152/3263/3152
f 3154/3265/3154 3166/3277/3166 3165/3276/3165 3153/3264/3153
f 3155/3266/3155 3167/3278/3167 3166/3277/3166 3154/3265/3154
f 3156/3267/3156 3168/3279/3168 3167/3278/3167 3155/3266/3155
f 3157/3268/3157 3169/3280/3169 3168/3279/3168 3156/3267/3156
f 3158/3269/3158 3170/3281/3170 3029/3140/3029 3016/3127/3016
f 3159/3270/3159 3171/3282/3171 3170/3281/3170 3158/3269/3158
f 3160/3271/3160 3172/3283/3172 3171/3282/3171 3159/3270/3159
f 3161/3272/3161 3173/3284/3173 3172/3283/3172 3160/3271/3160
f 3162/3273/3162 3174/3285/3174 3173/3284/3173 3161/3272/3161
f 3163/3274/3163 3175/3286/3175 3174/3285/3174 3162/3273/3162
f 3164/3275/3164 3176/3287/3176 3175/3286/3175 3163/3274/3163
f 3165/3276/3165 3177/3288/3177 3176/3287/3176 3164/3275/3164
f 3166/3277/3166 3178/3289/3178 3177/3288/3177 3165/3276/3165
f 3167/3278/3167 3179/3290/3179 3178/3289/3178 3166/3277/3166
f 3168/3279/3168 3180/3291/3180 3179/3290/3179 3167/3278/3167
f 3169/3280/3169 3181/3292/3181 3180/3291/3180 3168/3279/3168
f 3170/3281/3170 3182/3293/3182 3042/3153/3042 3029/3140/3029
f 3171/3282/3171 3183/3294/3183 3182/3293/3182 3170/3281/3170
f 3172/3283/3172 3184/3295/3184 3183/3294/3183 3171/3282/3171
f 3173/3284/3173 3185/3296/3185 3184/3295/3184 3172/3283/3172
f 3174/3285/3174 3186/3297/3186 3185/3296/3185 3173/3284/3173
f 3175/3286/3175 3187/3298/3187 3186/3297/3186 3174/3285/3174
f 3176/3287/3176 3188/3299/3188 3187/3298/3187 3175/3286/3175
f 3177/3288/3177 3189/3300/3189 3188/3299/3188 3176/3287/3176
f 3178/3289/3178 3190/3301/3190 3189/3300/3189 3177/3288/3177
f 3179/3290/3179 3191/3302/3191 3190/3301/3190 3178/3289/3178
f 3180/3291/3180 3192/3303/3192 3191/3302/3191 3179/3290/3179
f 3181/3292/3181 3193/3304/3193 3192/3303/3192 3180/3291/3180
f 3182/3293/3182 3194/3305/3194 3055/3166/3055 3042/3153/3042
f 3183/3294/3183 3195/3306/3195 3194/3305/3194 3182/3293/3182
f 3184/3295/3184 3196/3307/3196 3195/3306/3195 3183/3294/3183
f 3185/3296/3185 3197/3308/3197 3196/3307/3196 3184/3295/3184
f 3186/3297/3186 3198/3309/3198 3197/3308/3197 3185/3296/3185
f 3187/3298/3187 3199/3310/3199 3198/3309/3198 3186/3297/3186
f 3188/3299/3188 3200/3311/3200 3199/3310/3199 3187/3298/3187
f 3189/3300/3189 3201/3312/3201 3200/3311/3200 3188/3299/3188
f 3190/3301/3190 3202/3313/3202 3201/3312/3201 3189/3300/3189
f 3191/3302/3191 3203/3314/3203 3202/3313/3202 3190/3301/3190
f 3192/3303/3192 3204/3315/3204 3203/3314/3203 3191/3302/3191
f 3193/3304/3193 3205/3316/3205 3204/3315/3204 3192/3303/3192
f 3194/3305/3194 3206/3317/3206 3068/3179/3068 3055/3166/3055
f 3195/3306/3195 3207/3318/3207 3206/3317/3206 3194/3305/3194
f 3196/3307/3196 3208/3319/3208 3207/3318/3207 3195/3306/3195
f 3197/3308/3197 3209/3320/3209 3208/3319/3208 3196/3307/3196
f 3198/3309/3198 3210/3321/3210 3209/3320/3209 3197/3308/3197
f 3199/3310/3199 3211/3322/3211 3210/3321/3210 3198/3309/3198
f 3200/3311/3200 3212/3323/3212 3211/3322/3211 3199/3310/3199
f 3201/3312/3201 3213/3324/3213 3212/3323/3212 3200/3311/3200
f 3202/3313/3202 3214/3325/3214 3213/3324/3213 3201/3312/3201
f 3203/3314/3203 3215/3326/3215 3214/3325/3214 3202/3313/3202
f 3204/3315/3204 3216/3327/3216 3215/3326/3215 3203/3314/3203
f 3205/3316/3205 3217/3328/3217 3216/3327/3216 3204/3315/3204
f 3206/3317/3206 3218/3329/3218 3081/3192/3081 3068/3179/3068
f 3207/3318/3207 3219/3330/3219 3218/3329/3218 3206/3317/3206
f 3208/3319/3208 3220/3331/3220 3219/3330/3219 3207/3318/3207
f 3209/3320/3209 3221/3332/3221 3220/3331/3220 3208/3319/3208
f 3210/3321/3210 3222/3333/3222 3221/3332/3221 3209/3320/3209
f 3211/3322/3211 3223/3334/3223 3222/3333/3222 3210/3321/3210
f 3212/3323/3212 3224/3335/3224 3223/3334/3223 3211/3322/3211
f 3213/3324/3213 3225/3336/3225 3224/3335/3224 3212/3323/3212
f 3214/3325/3214 3226/3337/3226 3225/3336/3225 3213/3324/3213
f 3215/3326/3215 3227/3338/3227 3226/3337/3226 3214/3325/3214
f 3216/3327/3216 3228/3339/3228 3227/3338/3227 3215/3326/3215
f 3217/3328/3217 3229/3340/3229 3228/3339/3228 3216/3327/3216
f 3218/3329/3218 3230/3341/3230 3094/3205/3094 3081/3192/3081
f 3219/3330/3219 3231/3342/3231 3230/3341/3230 3218/3329/3218
f 3220/3331/3220 3232/3343/3232 3231/3342/3231 3219/3330/3219
f 3221/3332/3221 3233/3344/3233 3232/3343/3232 3220/3331/3220
f 3222/3333/3222 3234/3345/3234 3233/3344/3233 3221/3332/3221
f 3223/3334/3223 3235/3346/3235 3234/3345/3234 3222/3333/3222
f 3224/3335/3224 3236/3347/3236 3235/3346/3235 3223/3334/3223
f 3225/3336/3225 3237/3348/3237 3236/3347/3236 3224/3335/3224
f 3226/3337/3226 3238/3349/3238 3237/3348/3237 3225/3336/3225
f 3227/3338/3227 3239/3350/3239 3238/3349/3238 3226/3337/3226
f 3228/3339/3228 3240/3351/3240 3239/3350/3239 3227/3338/3227
f 3229/3340/3229 3241/3352/3241 3240/3351/3240 3228/3339/3228
f 3230/3341/3230 3242/3353/3242 3107/3218/3107 3094/3205/3094
f 3231/3342/3231 3243/3354/3243 3242/3353/3242 3230/3341/3230
f 3232/3343/3232 3244/3355/3244 3243/3354/3243 3231/3342/3231
f 3233/3344/3233 3245/3356/3245 3244/3355/3244 3232/3343/3232
f 3234/3345/3234 3246/3357/3246 3245/3356/3245 3233/3344/3233
f 3235/3346/3235 3247/3358/3247 3246/3357/3246 3234/3345/3234
f 3236/3347/3236 3248/3359/3248 3247/3358/3247 3235/3346/3235
f 3237/3348/3237 3249/3360/3249 3248/3359/3248 3236/3347/3236
f 3238/3349/3238 3250/3361/3250 3249/3360/3249 3237/3348/3237
f 3239/3350/3239 3251/3362/3251 3250/3361/3250 3238/3349/3238
f 3240/3351/3240 3252/3363/3252 3251/3362/3251 3239/3350/3239
f 3241/3352/3241 3253/3364/3253 3252/3363/3252 3240/3351/3240
f 3242/3353/3242 3254/3365/3254 3120/3231/3120 3107/3218/3107
f 3243/3354/3243 3255/3366/3255 3254/3365/3254 3242/3353/3242
f 3244/3355/3244 3256/3367/3256 3255/3366/3255 3243/3354/3243
f 3245/3356/3245 3257/3368/3257 3256/3367/3256 3244/3355/3244
f 3246/3357/3246 3258/3369/3258 3257/3368/3257 3245/3356/3245
f 3247/3358/3247 3259/3370/3259 3258/3369/3258 3246/3357/3246
f 3248/3359/3248 3260/3371/3260 3259/3370/3259 3247/3358/3247
f 3249/3360/3249 3261/3372/3261 3260/3371/3260 3248/3359/3248
f 3250/3361/3250 3262/3373/3262 3261/3372/3261 3249/3360/3249
f 3251/3362/3251 3263/3374/3263 3262/3373/3262 3250/3361/3250
f 3252/3363/3252 3264/3375/3264 3263/3374/3263 3251/3362/3251
f 3253/3364/3253 3265/3376/3265 3264/3375/3264 3252/3363/3252
f 3254/3365/3254 3266/3377/3266 3133/3244/3133 3120/3231/3120
f 3255/3366/3255 3267/3378/3267 3266/3377/3266 3254/3365/3254
f 3256/3367/3256 3268/3379/3268 3267/3378/3267 3255/3366/3255
f 3257/3368/3257 3269/3380/3269 3268/3379/3268 3256/3367/3256
f 3258/3369/3258 3270/3381/3270 3269/3380/3269 3257/3368/3257
f 3259/3370/3259 3271/3382/3271 3270/3381/3270 3258/3369/3258
f 3260/3371/3260 3272/3383/3272 3271/3382/3271 3259/3370/3259
f 3261/3372/3261 3273/3384/3273 3272/3383/3272 3260/3371/3260
f 3262/3373/3262 3274/3385/3274 3273/3384/3273 3261/3372/3261
f 3263/3374/3263 3275/3386/3275 3274/3385/3274 3262/3373/3262
f 3264/3375/3264 3276/3387/3276 3275/3386/3275 3263/3374/3263
f 3265/3376/3265 3277/3388/3277 3276/3387/3276 3264/3375/3264
f 3278/3389/3278 3279/3390/3279 2824/2922/2824 2823/2921/2823
f 3279/3390/3279 3280/3391/3280 2825/2923/2825 2824/2922/2824
f 3280/3391/3280 3281/3392/3281 2826/2924/2826 2825/2923/2825
f 3281/3392/3281 3282/3393/3282 2827/2925/2827 2826/2924/2826
f 3282/3393/3282 3283/3394/3283 2828/2926/2828 2827/2925/2827
f 3283/3394/3283 3284/3395/3284 2829/2927/2829 2828/2926/2828
f 3284/3395/3284 3285/3396/3285 2830/2928/2830 2829/2927/2829
f 3285/3396/3285 3286/3397/3286 2831/2929/2831 2830/2928/2830
f 3286/3397/3286 3287/3398/3287 2832/2930/2832 2831/2929/2831
f 3287/3398/3287 3288/3399/3288 2833/2931/2833 2832/2930/2832
f 3288/3399/3288 3289/3400/3289 2834/2932/2834 2833/2931/2833
f 3289/3400/3289 3145/3256/3145 2678/2776/2678 2834/2932/2834
f 3290/3401/3290 3291/3402/3291 3279/3390/3279 3278/3389/3278
f 3291/3402/3291 3292/3403/3292 3280/3391/3280 3279/3390/3279
f 3292/3403/3292 3293/3404/3293 3281/3392/3281 3280/3391/3280
f 3293/3404/3293 3294/3405/3294 3282/3393/3282 3281/3392/3281
f 3294/3405/3294 3295/3406/3295 3283/3394/3283 3282/3393/3282
f 3295/3406/3295 3296/3407/3296 3284/3395/3284 3283/3394/3283
f 3296/3407/3296 3297/3408/3297 3285/3396/3285 3284/3395/3284
f 3297/3408/3297 3298/3409/3298 3286/3397/3286 3285/3396/3285
f 3298/3409/3298 3299/3410/3299 3287/3398/3287 3286/3397/3286
f 3299/3410/3299 3300/3411/3300 3288/3399/3288 3287/3398/3287
f 3300/3411/3300 3301/3412/3301 3289/3400/3289 3288/3399/3288
f 3301/3412/3301 3157/3268/3157 3145/3256/3145 3289/3400/3289
f 3302/3413/3302 3303/3414/3303 3291/3402/3291 3290/3401/3290
f 3303/3414/3303 3304/3415/3304 3292/3403/3292 3291/3402/3291
f 3304/3415/3304 3305/3416/3305 3293/3404/3293 3292/3403/3292
f 3305/3416/3305 3306/3417/3306 3294/3405/3294 3293/3404/3293
f 3306/3417/3306 3307/3418/3307 3295/3406/3295 3294/3405/3294
f 3307/3418/3307 3308/3419/3308 3296/3407/3296 3295/3406/3295
f 3308/3419/3308 3309/3420/3309 3297/3408/3297 3296/3407/3296
f 3309/3420/3309 3310/3421/3310 3298/3409/3298 3297/3408/3297
f 3310/3421/3310 3311/3422/3311 3299/3410/3299 3298/3409/3298
f 3311/3422/3311 3312/3423/3312 3300/3411/3300 3299/3410/3299
f 3312/3423/3312 3313/3424/3313 3301/3412/3301 3300/3411/3300
f 3313/3424/3313 3169/3280/3169 3157/3268/3157 3301/3412/3301
f 3314/3425/3314 3315/3426/3315 3303/3414/3303 3302/3413/3302
f 3315/3426/3315 3316/3427/3316 3304/3415/3304 3303/3414/3303
f 3316/3427/3316 3317/3428/3317 3305/3416/3305 3304/3415/3304
f 3317/3428/3317 3318/3429/3318 3306/3417/3306 3305/3416/3305
f 3318/3429/3318 3319/3430/3319 3307/3418/3307 3306/3417/3306
f 3319/3430/3319 3320/3431/3320 3308/3419/3308 3307/3418/3307
f 3320/3431/3320 3321/3432/3321 3309/3420/3309 3308/3419/3308
f 3321/3432/3321 3322/3433/3322 3310/3421/3310 3309/3420/3309
f 3322/3433/3322 3323/3434/3323 3311/3422/3311 3310/3421/3310
f 3323/3434/3323 3324/3435/3324 3312/3423/3312 3311/3422/3311
f 3324/3435/3324 3325/3436/3325 3313/3424/3313 3312/3423/3312
f 3325/3436/3325 3181/3292/3181 3169/3280/3169 3313/3424/3313
f 3326/3437/3326 3327/3438/3327 3315/3426/3315 3314/3425/3314
f 3327/3438/3327 3328/3439/3328 3316/3427/3316 3315/3426/3315
f 3328/3439/3328 3329/3440/3329 3317/3428/3317 3316/3427/3316
f 3329/3440/3329 3330/3441/3330 3318/3429/3318 3317/3428/3317
f 3330/3441/3330 3331/3442/3331 3319/3430/3319 3318/3429/3318
f 3331/3442/3331 3332/3443/3332 3320/3431/3320 3319/3430/3319
f 3332/3443/3332 3333/3444/3333 3321/3432/3321 3320/3431/3320
f 3333/3444/3333 3334/3445/3334 3322/3433/3322 3321/3432/3321
f 3334/3445/3334 3335/3446/3335 3323/3434/3323 3322/3433/3322
f 3335/3446/3335 3336/3447/3336 3324/3435/3324 3323/3434/3323
f 3336/3447/3336 3337/3448/3337 3325/3436/3325 3324/3435/3324
f 3337/3448/3337 3193/3304/3193 3181/3292/3181 3325/3436/3325
f 3338/3449/3338 3339/3450/3339 3327/3438/3327 3326/3437/3326
f 3339/3450/3339 3340/3451/3340 3328/3439/3328 3327/3438/3327
f 3340/3451/3340 3341/3452/3341 3329/3440/3329 3328/3439/3328
f 3341/3452/3341 3342/3453/3342 3330/3441/3330 3329/3440/3329
f 3342/3453/3342 3343/3454/3343 3331/3442/3331 3330/3441/3330
f 3343/3454/3343 3344/3455/3344 3332/3443/3332 3331/3442/3331
f 3344/3455/3344 3345/3456/3345 3333/3444/3333 3332/3443/3332
f 3345/3456/3345 3346/3457/3346 3334/3445/3334 3333/3444/3333
f 3346/3457/3346 3347/3458/3347 3335/3446/3335 3334/3445/3334
f 3347/3458/3347 3348/3459/3348 3336/3447/3336 3335/3446/3335
f 3348/3459/3348 3349/3460/3349 3337/3448/3337 3336/3447/3336
f 3349/3460/3349 3205/3316/3205 3193/3304/3193 3337/3448/3337
f 3350/3461/3350 3351/3462/3351 3339/3450/3339 3338/3449/3338
f 3351/3462/3351 3352/3463/3352 3340/3451/3340 3339/3450/3339
f 3352/3463/3352 3353/3464/3353 3341/3452/3341 3340/3451/3340
f 3353/3464/3353 3354/3465/3354 3342/3453/3342 3341/3452/3341
f 3354/3465/3354 3355/3466/3355 3343/3454/3343 3342/3453/3342
f 3355/3466/3355 3356/3467/3356 3344/3455/3344 3343/3454/3343
f 3356/3467/3356 3357/3468/3357 3345/3456/3345 3344/3455/3344
f 3357/3468/3357 3358/3469/3358 3346/3457/3346 3345/3456/3345
f 3358/3469/3358 3359/3470/3359 3347/3458/3347 3346/3457/3346
f 3359/3470/3359 3360/3471/3360 3348/3459/3348 3347/3458/3347
f 3360/3471/3360 3361/3472/3361 3349/3460/3349 3348/3459/3348
f 3361/3472/3361 3217/3328/3217 3205/3316/3205 3349/3460/3349
f 3362/3473/3362 3363/3474/3363 3351/3462/3351 3350/3461/3350
f 3363/3474/3363 3364/3475/3364 3352/3463/3352 3351/3462/3351
f 3364/3475/3364 3365/3476/3365 3353/3464/3353 3352/3463/3352
f 3365/3476/3365 3366/3477/3366 3354/3465/3354 3353/3464/3353
f 3366/3477/3366 3367/3478/3367 3355/3466/3355 3354/3465/3354
f 3367/3478/3367 3368/3479/3368 3356/3467/3356 3355/3466/3355
f 3368/3479/3368 3369/3480/3369 3357/3468/3357 3356/3467/3356
f 3369/3480/3369 3370/3481/3370 3358/3469/3358 3357/3468/3357
f 3370/3481/3370 3371/3482/3371 3359/3470/3359 3358/3469/3358
f 3371/3482/3371 3372/3483/3372 3360/3471/3360 3359/3470/3359
f 3372/3483/3372 3373/3484/3373 3361/3472/3361 3360/3471/3360
f 3373/3484/3373 3229/3340/3229 3217/3328/3217 3361/3472/3361
f 3374/3485/3374 3375/3486/3375 3363/3474/3363 3362/3473/3362
f 3375/3486/3375 3376/3487/3376 3364/3475/3364 3363/3474/3363
f 3376/3487/3376 3377/3488/3377 3365/3476/3365 3364/3475/3364
f 3377/3488/3377 3378/3489/3378 3366/3477/3366 3365/3476/3365
f 3378/3489/3378 3379/3490/3379 3367/3478/3367 3366/3477/3366
f 3379/3490/3379 3380/3491/3380 3368/3479/3368 3367/3478/3367
f 3380/3491/3380 3381/3492/3381 3369/3480/3369 3368/3479/3368
f 3381/3492/3381 3382/3493/3382 3370/3481/3370 3369/3480/3369
f 3382/3493/3382 3383/3494/3383 3371/3482/3371 3370/3481/3370
f 3383/3494/3383 3384/3495/3384 3372/3483/3372 3371/3482/3371
f 3384/3495/3384 3385/3496/3385 3373/3484/3373 3372/3483/3372
f 3385/3496/3385 3241/3352/3241 3229/3340/3229 3373/3484/3373
f 3386/3497/3386 3387/3498/3387 3375/3486/3375 3374/3485/3374
f 3387/3498/3387 3388/3499/3388 3376/3487/3376 3375/3486/3375
f 3388/3499/3388 3389/3500/3389 3377/3488/3377 3376/3487/3376
f 3389/3500/3389 3390/3501/3390 3378/3489/3378 3377/3488/3377
f 3390/3501/3390 3391/3502/3391 3379/3490/3379 3378/3489/3378
f 3391/3502/3391 3392/3503/3392 3380/3491/3380 3379/3490/3379
f 3392/3503/3392 3393/3504/3393 3381/3492/3381 3380/3491/3380
f 3393/3504/3393 3394/3505/3394 3382/3493/3382 3381/3492/3381
f 3394/3505/3394 3395/3506/3395 3383/3494/3383 3382/3493/3382
f 3395/3506/3395 3396/3507/3396 3384/3495/3384 3383/3494/3383
f 3396/3507/3396 3397/3508/3397 3385/3496/3385 3384/3495/3384
f 3397/3508/3397 3253/3364/3253 3241/3352/3241 3385/3496/3385
f 3398/3509/3398 3399/3510/3399 3387/3498/3387 3386/3497/3386
f 3399/3510/3399 3400/3511/3400 3388/3499/3388 3387/3498/3387
f 3400/3511/3400 3401/3512/3401 3389/3500/3389 3388/3499/3388
f 3401/3512/3401 3402/3513/3402 3390/3501/3390 3389/3500/3389
f 3402/3513/3402 3403/3514/3403 3391/3502/3391 3390/3501/3390
f 3403/3514/3403 3404/3515/3404 3392/3503/3392 3391/3502/3391
f 3404/3515/3404 3405/3516/3405 3393/3504/3393 3392/3503/3392
f 3405/3516/3405 3406/3517/3406 3394/3505/3394 3393/3504/3393
f 3406/3517/3406 3407/3518/3407 3395/3506/3395 3394/3505/3394
f 3407/3518/3407 3408/3519/3408 3396/3507/3396 3395/3506/3395
f 3408/3519/3408 3409/3520/3409 3397/3508/3397 3396/3507/3396
f 3409/3520/3409 3265/3376/3265 3253/3364/3253 3397/3508/3397
f 3410/3521/3410 3411/3522/3411 3399/3510/3399 3398/3509/3398
f 3411/3522/3411 3412/3523/3412 3400/3511/3400 3399/3510/3399
f 3412/3523/3412 3413/3524/3413 3401/3512/3401 3400/3511/3400
f 3413/3524/3413 3414/3525/3414 3402/3513/3402 3401/3512/3401
f 3414/3525/3414 3415/3526/3415 3403/3514/3403 3402/3513/3402
f 3415/3526/3415 3416/3527/3416 3404/3515/3404 3403/3514/3403
f 3416/3527/3416 3417/3528/3417 3405/3516/3405 3404/3515/3404
f 3417/3528/3417 3418/3529/3418 3406/3517/3406 3405/3516/3405
f 3418/3529/3418 3419/3530/3419 3407/3518/3407 3406/3517/3406
f 3419/3530/3419 3420/3531/3420 3408/3519/3408 3407/3518/3407
f 3420/3531/3420 3421/3532/3421 3409/3520/3409 3408/3519/3408
f 3421/3532/3421 3277/3388/3277 3265/3376/3265 3409/3520/3409
f 2978/3533/2978 3422/3534/3422 2967/3078/2967 2510/3077/2510
f 3422/3534/3422 3423/3535/3423 2968/3079/2968 2967/3078/2967
f 3423/3535/3423 3424/3536/3424 2969/3080/2969 2968/3079/2968
f 3424/3536/3424 3425/3537/3425 2970/3081/2970 2969/3080/2969
f 3425/3537/3425 3426/3538/3426 2971/3082/2971 2970/3081/2970
f 3426/3538/3426 3427/3539/3427 2972/3083/2972 2971/3082/2971
f 3427/3539/3427 3428/3540/3428 2973/3084/2973 2972/3083/2972
f 3428/3540/3428 3429/3541/3429 2974/3085/2974 2973/3084/2973
f 3429/3541/3429 3430/3542/3430 2975/3086/2975 2974/3085/2974
f 3430/3542/3430 3431/3543/3431 2976/3087/2976 2975/3086/2975
f 3431/3543/3431 3432/3544/3432 2977/3088/2977 2976/3087/2976
f 3432/3544/3432 3278/3389/3278 2823/2921/2823 2977/3088/2977
f 2991/3545/2991 3433/3546/3433 3422/3534/3422 2978/3533/2978
f 3433/3546/3433 3434/3547/3434 3423/3535/3423 3422/3534/3422
f 3434/3547/3434 3435/3548/3435 3424/3536/3424 3423/3535/3423
f 3435/3548/3435 3436/3549/3436 3425/3537/3425 3424/3536/3424
f 3436/3549/3436 3437/3550/3437 3426/3538/3426 3425/3537/3425
f 3437/3550/3437 3438/3551/3438 3427/3539/3427 3426/3538/3426
f 3438/3551/3438 3439/3552/3439 3428/3540/3428 3427/3539/3427
f 3439/3552/3439 3440/3553/3440 3429/3541/3429 3428/3540/3428
f 3440/3553/3440 3441/3554/3441 3430/3542/3430 3429/3541/3429
f 3441/3554/3441 3442/3555/3442 3431/3543/3431 3430/3542/3430
f 3442/3555/3442 3443/3556/3443 3432/3544/3432 3431/3543/3431
f 3443/3556/3443 3290/3401/3290 3278/3389/3278 3432/3544/3432
f 3004/3557/3004 3444/3558/3444 3433/3546/3433 2991/3545/2991
f 3444/3558/3444 3445/3559/3445 3434/3547/3434 3433/3546/3433
f 3445/3559/3445 3446/3560/3446 3435/3548/3435 3434/3547/3434
f 3446/3560/3446 3447/3561/3447 3436/3549/3436 3435/3548/3435
f 3447/3561/3447 3448/3562/3448 3437/3550/3437 3436/3549/3436
f 3448/3562/3448 3449/3563/3449 3438/3551/3438 3437/3550/3437
f 3449/3563/3449 3450/3564/3450 3439/3552/3439 3438/3551/3438
f 3450/3564/3450 3451/3565/3451 3440/3553/3440 3439/3552/3439
f 3451/3565/3451 3452/3566/3452 3441/3554/3441 3440/3553/3440
f 3452/3566/3452 3453/3567/3453 3442/3555/3442 3441/3554/3441
f 3453/3567/3453 3454/3568/3454 3443/3556/3443 3442/3555/3442
f 3454/3568/3454 3302/3413/3302 3290/3401/3290 3443/3556/3443
f 3017/3569/3017 3455/3570/3455 3444/3558/3444 3004/3557/3004
f 3455/3570/3455 3456/3571/3456 3445/3559/3445 3444/3558/3444
f 3456/3571/3456 3457/3572/3457 3446/3560/3446 3445/3559/3445
f 3457/3572/3457 3458/3573/3458 3447/3561/3447 3446/3560/3446
f 3458/3573/3458 3459/3574/3459 3448/3562/3448 3447/3561/3447
f 3459/3574/3459 3460/3575/3460 3449/3563/3449 3448/3562/3448
f 3460/3575/3460 3461/3576/3461 3450/3564/3450 3449/3563/3449
f 3461/3576/3461 3462/3577/3462 3451/3565/3451 3450/3564/3450
f 3462/3577/3462 3463/3578/3463 3452/3566/3452 3451/3565/3451
f 3463/3578/3463 3464/3579/3464 3453/3567/3453 3452/3566/3452
f 3464/3579/3464 3465/3580/3465 3454/3568/3454 3453/3567/3453
f 3465/3580/3465 3314/3425/3314 3302/3413/3302 3454/3568/3454
f 3030/3581/3030 3466/3582/3466 3455/3570/3455 3017/3569/3017
f 3466/3582/3466 3467/3583/3467 3456/3571/3456 3455/3570/3455
f 3467/3583/3467 3468/3584/3468 3457/3572/3457 3456/3571/3456
f 3468/3584/3468 3469/3585/3469 3458/3573/3458 3457/3572/3457
f 3469/3585/3469 3470/3586/3470 3459/3574/3459 3458/3573/3458
f 3470/3586/3470 3471/3587/3471 3460/3575/3460 3459/3574/3459
f 3471/3587/3471 3472/3588/3472 3461/3576/3461 3460/3575/3460
f 3472/3588/3472 3473/3589/3473 3462/3577/3462 3461/3576/3461
f 3473/3589/3473 3474/3590/3474 3463/3578/3463 3462/3577/3462
f 3474/3590/3474 3475/3591/3475 3464/3579/3464 3463/3578/3463
f 3475/3591/3475 3476/3592/3476 3465/3580/3465 3464/3579/3464
f 3476/3592/3476 3326/3437/3326 3314/3425/3314 3465/3580/3465
f 3043/3593/3043 3477/3594/3477 3466/3582/3466 3030/3581/3030
f 3477/3594/3477 3478/3595/3478 3467/3583/3467 3466/3582/3466
f 3478/3595/3478 3479/3596/3479 3468/3584/3468 3467/3583/3467
f 3479/3596/3479 3480/3597/3480 3469/3585/3469 3468/3584/3468
f 3480/3597/3480 3481/3598/3481 3470/3586/3470 3469/3585/3469
f 3481/3598/3481 3482/3599/3482 3471/3587/3471 3470/3586/3470
f 3482/3599/3482 3483/3600/3483 3472/3588/3472 3471/3587/3471
f 3483/3600/3483 3484/3601/3484 3473/3589/3473 3472/3588/3472
f 3484/3601/3484 3485/3602/3485 3474/3590/3474 3473/3589/3473
f 3485/3602/3485 3486/3603/3486 3475/3591/3475 3474/3590/3474
f 3486/3603/3486 3487/3604/3487 3476/3592/3476 3475/3591/3475
f 3487/3604/3487 3338/3449/3338 3326/3437/3326 3476/3592/3476
f 3056/3605/3056 3488/3606/3488 3477/3594/3477 3043/3593/3043
f 3488/3606/3488 3489/3607/3489 3478/3595/3478 3477/3594/3477
f 3489/3607/3489 3490/3608/3490 3479/3596/3479 3478/3595/3478
f 3490/3608/3490 3491/3609/3491 3480/3597/3480 3479/3596/3479
f 3491/3609/3491 3492/3610/3492 3481/3598/3481 3480/3597/3480
f 3492/3610/3492 3493/3611/3493 3482/3599/3482 3481/3598/3481
f 3493/3611/3493 3494/3612/3494 3483/3600/3483 3482/3599/3482
f 3494/3612/3494 3495/3613/3495 3484/3601/3484 3483/3600/3483
f 3495/3613/3495 3496/3614/3496 3485/3602/3485 3484/3601/3484
f 3496/3614/3496 3497/3615/3497 3486/3603/3486 3485/3602/3485
f 3497/3615/3497 3498/3616/3498 3487/3604/3487 3486/3603/3486
f 3498/3616/3498 3350/3461/3350 3338/3449/3338 3487/3604/3487
f 3069/3617/3069 3499/3618/3499 3488/3606/3488 3056/3605/3056
f 3499/3618/3499 3500/3619/3500 3489/3607/3489 3488/3606/3488
f 3500/3619/3500 3501/3620/3501 3490/3608/3490 3489/3607/3489
f 3501/3620/3501 3502/3621/3502 3491/3609/3491 3490/3608/3490
f 3502/3621/3502 3503/3622/3503 3492/3610/3492 3491/3609/3491
f 3503/3622/3503 3504/3623/3504 3493/3611/3493 3492/3610/3492
f 3504/3623/3504 3505/3624/3505 3494/3612/3494 3493/3611/3493
f 3505/3624/3505 3506/3625/3506 3495/3613/3495 3494/3612/3494
f 3506/3625/3506 3507/3626/3507 3496/3614/3496 3495/3613/3495
f 3507/3626/3507 3508/3627/3508 3497/3615/3497 3496/3614/3496
f 3508/3627/3508 3509/3628/3509 3498/3616/3498 3497/3615/3497
f 3509/3628/3509 3362/3473/3362 3350/3461/3350 3498/3616/3498
f 3082/3629/3082 3510/3630/3510 3499/3618/3499 3069/3617/3069
f 3510/3630/3510 3511/3631/3511 3500/3619/3500 3499/3618/3499
f 3511/3631/3511 3512/3632/3512 3501/3620/3501 3500/3619/3500
f 3512/3632/3512 3513/3633/3513 3502/3621/3502 3501/3620/3501
f 3513/3633/3513 3514/3634/3514 3503/3622/3503 3502/3621/3502
f 3514/3634/3514 3515/3635/3515 3504/3623/3504 3503/3622/3503
f 3515/3635/3515 3516/3636/3516 3505/3624/3505 3504/3623/3504
f 3516/3636/3516 3517/3637/3517 3506/3625/3506 3505/3624/3505
f 3517/3637/3517 3518/3638/3518 3507/3626/3507 3506/3625/3506
f 3518/3638/3518 3519/3639/3519 3508/3627/3508 3507/3626/3507
f 3519/3639/3519 3520/3640/3520 3509/3628/3509 3508/3627/3508
f 3520/3640/3520 3374/3485/3374 3362/3473/3362 3509/3628/3509
f 3095/3641/3095 3521/3642/3521 3510/3630/3510 3082/3629/3082
f 3521/3642/3521 3522/3643/3522 3511/3631/3511 3510/3630/3510
f 3522/3643/3522 3523/3644/3523 3512/3632/3512 3511/3631/3511
f 3523/3644/3523 3524/3645/3524 3513/3633/3513 3512/3632/3512
f 3524/3645/3524 3525/3646/3525 3514/3634/3514 3513/3633/3513
f 3525/3646/3525 3526/3647/3526 3515/3635/3515 3514/3634/3514
f 3526/3647/3526 3527/3648/3527 3516/3636/3516 3515/3635/3515
f 3527/3648/3527 3528/3649/3528 3517/3637/3517 3516/3636/3516
f 3528/3649/3528 3529/3650/3529 3518/3638/3518 3517/3637/3517
f 3529/3650/3529 3530/3651/3530 3519/3639/3519 3518/3638/3518
f 3530/3651/3530 3531/3652/3531 3520/3640/3520 3519/3639/3519
f 3531/3652/3531 3386/3497/3386 3374/3485/3374 3520/3640/3520
f 3108/3653/3108 3532/3654/3532 3521/3642/3521 3095/3641/3095
f 3532/3654/3532 3533/3655/3533 3522/3643/3522 3521/3642/3521
f 3533/3655/3533 3534/3656/3534 3523/3644/3523 3522/3643/3522
f 3534/3656/3534 3535/3657/3535 3524/3645/3524 3523/3644/3523
f 3535/3657/3535 3536/3658/3536 3525/3646/3525 3524/3645/3524
f 3536/3658/3536 3537/3659/3537 3526/3647/3526 3525/3646/3525
f 3537/3659/3537 3538/3660/3538 3527/3648/3527 3526/3647/3526
f 3538/3660/3538 3539/3661/3539 3528/3649/3528 3527/3648/3527
f 3539/3661/3539 3540/3662/3540 3529/3650/3529 3528/3649/3528
f 3540/3662/3540 3541/3663/3541 3530/3651/3530 3529/3650/3529
f 3541/3663/3541 3542/3664/3542 3531/3652/3531 3530/3651/3530
f 3542/3664/3542 3398/3509/3398 3386/3497/3386 3531/3652/3531
f 3121/3665/3121 3543/3666/3543 3532/3654/3532 3108/3653/3108
f 3543/3666/3543 3544/3667/3544 3533/3655/3533 3532/3654/3532
f 3544/3667/3544 3545/3668/3545 3534/3656/3534 3533/3655/3533
f 3545/3668/3545 3546/3669/3546 3535/3657/3535 3534/3656/3534
f 3546/3669/3546 3547/3670/3547 3536/3658/3536 3535/3657/3535
f 3547/3670/3547 3548/3671/3548 3537/3659/3537 3536/3658/3536
f 3548/3671/3548 3549/3672/3549 3538/3660/3538 3537/3659/3537
f 3549/3672/3549 3550/3673/3550 3539/3661/3539 3538/3660/3538
f 3550/3673/3550 3551/3674/3551 3540/3662/3540 3539/3661/3539
f 3551/3674/3551 3552/3675/3552 3541/3663/3541 3540/3662/3540
f 3552/3675/3552 3553/3676/3553 3542/3664/3542 3541/3663/3541
f 3553/3676/3553 3410/3521/3410 3398/3509/3398 3542/3664/3542
f 3122/3233/3122 3555/3678/3555 3554/3677/3554 3121/3232/3121
f 3123/3234/3123 3556/3679/3556 3555/3678/3555 3122/3233/3122
f 3124/3235/3124 3557/3680/3557 3556/3679/3556 3123/3234/3123
f 3125/3236/3125 3558/3681/3558 3557/3680/3557 3124/3235/3124
f 3126/3237/3126 3559/3682/3559 3558/3681/3558 3125/3236/3125
f 3127/3238/3127 3560/3683/3560 3559/3682/3559 3126/3237/3126
f 3128/3239/3128 3561/3684/3561 3560/3683/3560 3127/3238/3127
f 3129/3240/3129 3562/3685/3562 3561/3684/3561 3128/3239/3128
f 3130/3241/3130 3563/3686/3563 3562/3685/3562 3129/3240/3129
f 3131/3242/3131 3564/3687/3564 3563/3686/3563 3130/3241/3130
f 3132/3243/3132 3565/3688/3565 3564/3687/3564 3131/3242/3131
f 3133/3244/3133 3566/3689/3566 3565/3688/3565 3132/3243/3132
f 3555/3678/3555 3568/3691/3568 3567/3690/3567 3554/3677/3554
f 3556/3679/3556 3569/3692/3569 3568/3691/3568 3555/3678/3555
f 3557/3680/3557 3570/3693/3570 3569/3692/3569 3556/3679/3556
f 3558/3681/3558 3571/3694/3571 3570/3693/3570 3557/3680/3557
f 3559/3682/3559 3572/3695/3572 3571/3694/3571 3558/3681/3558
f 3560/3683/3560 3573/3696/3573 3572/3695/3572 3559/3682/3559
f 3561/3684/3561 3574/3697/3574 3573/3696/3573 3560/3683/3560
f 3562/3685/3562 3575/3698/3575 3574/3697/3574 3561/3684/3561
f 3563/3686/3563 3576/3699/3576 3575/3698/3575 3562/3685/3562
f 3564/3687/3564 3577/3700/3577 3576/3699/3576 3563/3686/3563
f 3565/3688/3565 3578/3701/3578 3577/3700/3577 3564/3687/3564
f 3566/3689/3566 3579/3702/3579 3578/3701/3578 3565/3688/3565
f 3568/3691/3568 3581/3704/3581 3580/3703/3580 3567/3690/3567
f 3569/3692/3569 3582/3705/3582 3581/3704/3581 3568/3691/3568
f 3570/3693/3570 3583/3706/3583 3582/3705/3582 3569/3692/3569
f 3571/3694/3571 3584/3707/3584 3583/3706/3583 3570/3693/3570
f 3572/3695/3572 3585/3708/3585 3584/3707/3584 3571/3694/3571
f 3573/3696/3573 3586/3709/3586 3585/3708/3585 3572/3695/3572
f 3574/3697/3574 3587/3710/3587 3586/3709/3586 3573/3696/3573
f 3575/3698/3575 3588/3711/3588 3587/3710/3587 3574/3697/3574
f 3576/3699/3576 3589/3712/3589 3588/3711/3588 3575/3698/3575
f 3577/3700/3577 3590/3713/3590 3589/3712/3589 3576/3699/3576
f 3578/3701/3578 3591/3714/3591 3590/3713/3590 3577/3700/3577
f 3579/3702/3579 3592/3715/3592 3591/3714/3591 3578/3701/3578
f 3581/3704/3581 3594/3717/3594 3593/3716/3593 3580/3703/3580
f 3582/3705/3582 3595/3718/3595 3594/3717/3594 3581/3704/3581
f 3583/3706/3583 3596/3719/3596 3595/3718/3595 3582/3705/3582
f 3584/3707/3584 3597/3720/3597 3596/3719/3596 3583/3706/3583
f 3585/3708/3585 3598/3721/3598 3597/3720/3597 3584/3707/3584
f 3586/3709/3586 3599/3722/3599 3598/3721/3598 3585/3708/3585
f 3587/3710/3587 3600/3723/3600 3599/3722/3599 3586/3709/3586
f 3588/3711/3588 3601/3724/3601 3600/3723/3600 3587/3710/3587
f 3589/3712/3589 3602/3725/3602 3601/3724/3601 3588/3711/3588
f 3590/3713/3590 3603/3726/3603 3602/3725/3602 3589/3712/3589
f 3591/3714/3591 3604/3727/3604 3603/3726/3603 3590/3713/3590
f 3592/3715/3592 3605/3728/3605 3604/3727/3604 3591/3714/3591
f 3594/3717/3594 3607/3730/3607 3606/3729/3606 3593/3716/3593
f 3595/3718/3595 3608/3731/3608 3607/3730/3607 3594/3717/3594
f 3596/3719/3596 3609/3732/3609 3608/3731/3608 3595/3718/3595
f 3597/3720/3597 3610/3733/3610 3609/3732/3609 3596/3719/3596
f 3598/3721/3598 3611/3734/3611 3610/3733/3610 3597/3720/3597
f 3599/3722/3599 3612/3735/3612 3611/3734/3611 3598/3721/3598
f 3600/3723/3600 3613/3736/3613 3612/3735/3612 3599/3722/3599
f 3601/3724/3601 3614/3737/3614 3613/3736/3613 3600/3723/3600
f 3602/3725/3602 3615/3738/3615 3614/3737/3614 3601/3724/3601
f 3603/3726/3603 3616/3739/3616 3615/3738/3615 3602/3725/3602
f 3604/3727/3604 3617/3740/3617 3616/3739/3616 3603/3726/3603
f 3605/3728/3605 3618/3741/3618 3617/3740/3617 3604/3727/3604
f 3607/3730/3607 3620/3743/3620 3619/3742/3619 3606/3729/3606
f 3608/3731/3608 3621/3744/3621 3620/3743/3620 3607/3730/3607
f 3609/3732/3609 3622/3745/3622 3621/3744/3621 3608/3731/3608
f 3610/3733/3610 3623/3746/3623 3622/3745/3622 3609/3732/3609
f 3611/3734/3611 3624/3747/3624 3623/3746/3623 3610/3733/3610
f 3612/3735/3612 3625/3748/3625 3624/3747/3624 3611/3734/3611
f 3613/3736/3613 3626/3749/3626 3625/3748/3625 3612/3735/3612
f 3614/3737/3614 3627/3750/3627 3626/3749/3626 3613/3736/3613
f 3615/3738/3615 3628/3751/3628 3627/3750/3627 3614/3737/3614
f 3616/3739/3616 3629/3752/3629 3628/3751/3628 3615/3738/3615
f 3617/3740/3617 3630/3753/3630 3629/3752/3629 3616/3739/3616
f 3618/3741/3618 3631/3754/3631 3630/3753/3630 3617/3740/3617
f 3620/3743/3620 3633/3756/3633 3632/3755/3632 3619/3742/3619
f 3621/3744/3621 3634/3757/3634 3633/3756/3633 3620/3743/3620
f 3622/3745/3622 3635/3758/3635 3634/3757/3634 3621/3744/3621
f 3623/3746/3623 3636/3759/3636 3635/3758/3635 3622/3745/3622
f 3624/3747/3624 3637/3760/3637 3636/3759/3636 3623/3746/3623
f 3625/3748/3625 3638/3761/3638 3637/3760/3637 3624/3747/3624
f 3626/3749/3626 3639/3762/3639 3638/3761/3638 3625/3748/3625
f 3627/3750/3627 3640/3763/3640 3639/3762/3639 3626/3749/3626
f 3628/3751/3628 3641/3764/3641 3640/3763/3640 3627/3750/3627
f 3629/3752/3629 3642/3765/3642 3641/3764/3641 3628/3751/3628
f 3630/3753/3630 3643/3766/3643 3642/3765/3642 3629/3752/3629
f 3631/3754/3631 3644/3767/3644 3643/3766/3643 3630/3753/3630
f 3633/3756/3633 3646/3769/3646 3645/3768/3645 3632/3755/3632
f 3634/3757/3634 3647/3770/3647 3646/3769/3646 3633/3756/3633
f 3635/3758/3635 3648/3771/3648 3647/3770/3647 3634/3757/3634
f 3636/3759/3636 3649/3772/3649 3648/3771/3648 3635/3758/3635
f 3637/3760/3637 3650/3773/3650 3649/3772/3649 3636/3759/3636
f 3638/3761/3638 3651/3774/3651 3650/3773/3650 3637/3760/3637
f 3639/3762/3639 3652/3775/3652 3651/3774/3651 3638/3761/3638
f 3640/3763/3640 3653/3776/3653 3652/3775/3652 3639/3762/3639
f 3641/3764/3641 3654/3777/3654 3653/3776/3653 3640/3763/3640
f 3642/3765/3642 3655/3778/3655 3654/3777/3654 3641/3764/3641
f 3643/3766/3643 3656/3779/3656 3655/3778/3655 3642/3765/3642
f 3644/3767/3644 3657/3780/3657 3656/3779/3656 3643/3766/3643
f 3646/3769/3646 3659/3782/3659 3658/3781/3658 3645/3768/3645
f 3647/3770/3647 3660/3783/3660 3659/3782/3659 3646/3769/3646
f 3648/3771/3648 3661/3784/3661 3660/3783/3660 3647/3770/3647
f 3649/3772/3649 3662/3785/3662 3661/3784/3661 3648/3771/3648
f 3650/3773/3650 3663/3786/3663 3662/3785/3662 3649/3772/3649
f 3651/3774/3651 3664/3787/3664 3663/3786/3663 3650/3773/3650
f 3652/3775/3652 3665/3788/3665 3664/3787/3664 3651/3774/3651
f 3653/3776/3653 3666/3789/3666 3665/3788/3665 3652/3775/3652
f 3654/3777/3654 3667/3790/3667 3666/3789/3666 3653/3776/3653
f 3655/3778/3655 3668/3791/3668 3667/3790/3667 3654/3777/3654
f 3656/3779/3656 3669/3792/3669 3668/3791/3668 3655/3778/3655
f 3657/3780/3657 3670/3793/3670 3669/3792/3669 3656/3779/3656
f 3659/3782/3659 3672/3795/3672 3671/3794/3671 3658/3781/3658
f 3660/3783/3660 3673/3796/3673 3672/3795/3672 3659/3782/3659
f 3661/3784/3661 3674/3797/3674 3673/3796/3673 3660/3783/3660
f 3662/3785/3662 3675/3798/3675 3674/3797/3674 3661/3784/3661
f 3663/3786/3663 3676/3799/3676 3675/3798/3675 3662/3785/3662
f 3664/3787/3664 3677/3800/3677 3676/3799/3676 3663/3786/3663
f 3665/3788/3665 3678/3801/3678 3677/3800/3677 3664/3787/3664
f 3666/3789/3666 3679/3802/3679 3678/3801/3678 3665/3788/3665
f 3667/3790/3667 3680/3803/3680 3679/3802/3679 3666/3789/3666
f 3668/3791/3668 3681/3804/3681 3680/3803/3680 3667/3790/3667
f 3669/3792/3669 3682/3805/3682 3681/3804/3681 3668/3791/3668
f 3670/3793/3670 3683/3806/3683 3682/3805/3682 3669/3792/3669
f 3672/3795/3672 3685/3808/3685 3684/3807/3684 3671/3794/3671
f 3673/3796/3673 3686/3809/3686 3685/3808/3685 3672/3795/3672
f 3674/3797/3674 3687/3810/3687 3686/3809/3686 3673/3796/3673
f 3675/3798/3675 3688/3811/3688 3687/3810/3687 3674/3797/3674
f 3676/3799/3676 3689/3812/3689 3688/3811/3688 3675/3798/3675
f 3677/3800/3677 3690/3813/3690 3689/3812/3689 3676/3799/3676
f 3678/3801/3678 3691/3814/3691 3690/3813/3690 3677/3800/3677
f 3679/3802/3679 3692/3815/3692 3691/3814/3691 3678/3801/3678
f 3680/3803/3680 3693/3816/3693 3692/3815/3692 3679/3802/3679
f 3681/3804/3681 3694/3817/3694 3693/3816/3693 3680/3803/3680
f 3682/3805/3682 3695/3818/3695 3694/3817/3694 3681/3804/3681
f 3683/3806/3683 3696/3819/3696 3695/3818/3695 3682/3805/3682
f 3685/3808/3685 3698/3821/3698 3697/3820/3697 3684/3807/3684
f 3686/3809/3686 3699/3822/3699 3698/3821/3698 3685/3808/3685
f 3687/3810/3687 3700/3823/3700 3699/3822/3699 3686/3809/3686
f 3688/3811/3688 3701/3824/3701 3700/3823/3700 3687/3810/3687
f 3689/3812/3689 3702/3825/3702 3701/3824/3701 3688/3811/3688
f 3690/3813/3690 3703/3826/3703 3702/3825/3702 3689/3812/3689
f 3691/3814/3691 3704/3827/3704 3703/3826/3703 3690/3813/3690
f 3692/3815/3692 3705/3828/3705 3704/3827/3704 3691/3814/3691
f 3693/3816/3693 3706/3829/3706 3705/3828/3705 3692/3815/3692
f 3694/3817/3694 3707/3830/3707 3706/3829/3706 3693/3816/3693
f 3695/3818/3695 3708/3831/3708 3707/3830/3707 3694/3817/3694
f 3696/3819/3696 3709/3832/3709 3708/3831/3708 3695/3818/3695
f 3266/3377/3266 3710/3833/3710 3566/3689/3566 3133/3244/3133
f 3267/3378/3267 3711/3834/3711 3710/3833/3710 3266/3377/3266
f 3268/3379/3268 3712/3835/3712 3711/3834/3711 3267/3378/3267
f 3269/3380/3269 3713/3836/3713 3712/3835/3712 3268/3379/3268
f 3270/3381/3270 3714/3837/3714 3713/3836/3713 3269/3380/3269
f 3271/3382/3271 3715/3838/3715 3714/3837/3714 3270/3381/3270
f 3272/3383/3272 3716/3839/3716 3715/3838/3715 3271/3382/3271
f 3273/3384/3273 3717/3840/3717 3716/3839/3716 3272/3383/3272
f 3274/3385/3274 3718/3841/3718 3717/3840/3717 3273/3384/3273
f 3275/3386/3275 3719/3842/3719 3718/3841/3718 3274/3385/3274
f 3276/3387/3276 3720/3843/3720 3719/3842/3719 3275/3386/3275
f 3277/3388/3277 3721/3844/3721 3720/3843/3720 3276/3387/3276
f 3710/3833/3710 3722/3845/3722 3579/3702/3579 3566/3689/3566
f 3711/3834/3711 3723/3846/3723 3722/3845/3722 3710/3833/3710
f 3712/3835/3712 3724/3847/3724 3723/3846/3723 3711/3834/3711
f 3713/3836/3713 3725/3848/3725 3724/3847/3724 3712/3835/3712
f 3714/3837/3714 3726/3849/3726 3725/3848/3725 3713/3836/3713
f 3715/3838/3715 3727/3850/3727 3726/3849/3726 3714/3837/3714
f 3716/3839/3716 3728/3851/3728 3727/3850/3727 3715/3838/3715
f 3717/3840/3717 3729/3852/3729 3728/3851/3728 3716/3839/3716
f 3718/3841/3718 3730/3853/3730 3729/3852/3729 3717/3840/3717
f 3719/3842/3719 3731/3854/3731 3730/3853/3730 3718/3841/3718
f 3720/3843/3720 3732/3855/3732 3731/3854/3731 3719/3842/3719
f 3721/3844/3721 3733/3856/3733 3732/3855/3732 3720/3843/3720
f 3722/3845/3722 3734/3857/3734 3592/3715/3592 3579/3702/3579
f 3723/3846/3723 3735/3858/3735 3734/3857/3734 3722/3845/3722
f 3724/3847/3724 3736/3859/3736 3735/3858/3735 3723/3846/3723
f 3725/3848/3725 3737/3860/3737 3736/3859/3736 3724/3847/3724
f 3726/3849/3726 3738/3861/3738 3737/3860/3737 3725/3848/3725
f 3727/3850/3727 3739/3862/3739 3738/3861/3738 3726/3849/3726
f 3728/3851/3728 3740/3863/3740 3739/3862/3739 3727/3850/3727
f 3729/3852/3729 3741/3864/3741 3740/3863/3740 3728/3851/3728
f 3730/3853/3730 3742/3865/3742 3741/3864/3741 3729/3852/3729
f 3731/3854/3731 3743/3866/3743 3742/3865/3742 3730/3853/3730
f 3732/3855/3732 3744/3867/3744 3743/3866/3743 3731/3854/3731
f 3733/3856/3733 3745/3868/3745 3744/3867/3744 3732/3855/3732
f 3734/3857/3734 3746/3869/3746 3605/3728/3605 3592/3715/3592
f 3735/3858/3735 3747/3870/3747 3746/3869/3746 3734/3857/3734
f 3736/3859/3736 3748/3871/3748 3747/3870/3747 3735/3858/3735
f 3737/3860/3737 3749/3872/3749 3748/3871/3748 3736/3859/3736
f 3738/3861/3738 3750/3873/3750 3749/3872/3749 3737/3860/3737
f 3739/3862/3739 3751/3874/3751 3750/3873/3750 3738/3861/3738
f 3740/3863/3740 3752/3875/3752 3751/3874/3751 3739/3862/3739
f 3741/3864/3741 3753/3876/3753 3752/3875/3752 3740/3863/3740
f 3742/3865/3742 3754/3877/3754 3753/3876/3753 3741/3864/3741
f 3743/3866/3743 3755/3878/3755 3754/3877/3754 3742/3865/3742
f 3744/3867/3744 3756/3879/3756 3755/3878/3755 3743/3866/3743
f 3745/3868/3745 3757/3880/3757 3756/3879/3756 3744/3867/3744
f 3746/3869/3746 3758/3881/3758 3618/3741/3618 3605/3728/3605
f 3747/3870/3747 3759/3882/3759 3758/3881/3758 3746/3869/3746
f 3748/3871/3748 3760/3883/3760 3759/3882/3759 3747/3870/3747
f 3749/3872/3749 3761/3884/3761 3760/3883/3760 3748/3871/3748
f 3750/3873/3750 3762/3885/3762 3761/3884/3761 3749/3872/3749
f 3751/3874/3751 3763/3886/3763 3762/3885/3762 3750/3873/3750
f 3752/3875/3752 3764/3887/3764 3763/3886/3763 3751/3874/3751
f 3753/3876/3753 3765/3888/3765 3764/3887/3764 3752/3875/3752
f 3754/3877/3754 3766/3889/3766 3765/3888/3765 3753/3876/3753
f 3755/3878/3755 3767/3890/3767 3766/3889/3766 3754/3877/3754
f 3756/3879/3756 3768/3891/3768 3767/3890/3767 3755/3878/3755
f 3757/3880/3757 3769/3892/3769 3768/3891/3768 3756/3879/3756
f 3758/3881/3758 3770/3893/3770 3631/3754/3631 3618/3741/3618
f 3759/3882/3759 3771/3894/3771 3770/3893/3770 3758/3881/3758
f 3760/3883/3760 3772/3895/3772 3771/3894/3771 3759/3882/3759
f 3761/3884/3761 3773/3896/3773 3772/3895/3772 3760/3883/3760
f 3762/3885/3762 3774/3897/3774 3773/3896/3773 3761/3884/3761
f 3763/3886/3763 3775/3898/3775 3774/3897/3774 3762/3885/3762
f 3764/3887/3764 3776/3899/3776 3775/3898/3775 3763/3886/3763
f 3765/3888/3765 3777/3900/3777 3776/3899/3776 3764/3887/3764
f 3766/3889/3766 3778/3901/3778 3777/3900/3777 3765/3888/3765
f 3767/3890/3767 3779/3902/3779 3778/3901/3778 3766/3889/3766
f 3768/3891/3768 3780/3903/3780 3779/3902/3779 3767/3890/3767
f 3769/3892/3769 3781/3904/3781 3780/3903/3780 3768/3891/3768
f 3770/3893/3770 3782/3905/3782 3644/3767/3644 3631/3754/3631
f 3771/3894/3771 3783/3906/3783 3782/3905/3782 3770/3893/3770
f 3772/3895/3772 3784/3907/3784 3783/3906/3783 3771/3894/3771
f 3773/3896/3773 3785/3908/3785 3784/3907/3784 3772/3895/3772
f 3774/3897/3774 3786/3909/3786 3785/3908/3785 3773/3896/3773
f 3775/3898/3775 3787/3910/3787 3786/3909/3786 3774/3897/3774
f 3776/3899/3776 3788/3911/3788 3787/3910/3787 3775/3898/3775
f 3777/3900/3777 3789/3912/3789 3788/3911/3788 3776/3899/3776
f 3778/3901/3778 3790/3913/3790 3789/3912/3789 3777/3900/3777
f 3779/3902/3779 3791/3914/3791 3790/3913/3790 3778/3901/3778
f 3780/3903/3780 3792/3915/3792 3791/3914/3791 3779/3902/3779
f 3781/3904/3781 3793/3916/3793 3792/3915/3792 3780/3903/3780
f 3782/3905/3782 3794/3917/3794 3657/3780/3657 3644/3767/3644
f 3783/3906/3783 3795/3918/3795 3794/3917/3794 3782/3905/3782
f 3784/3907/3784 3796/3919/3796 3795/3918/3795 3783/3906/3783
f 3785/3908/3785 3797/3920/3797 3796/3919/3796 3784/3907/3784
f 3786/3909/3786 3798/3921/3798 3797/3920/3797 3785/3908/3785
f 3787/3910/3787 3799/3922/3799 3798/3921/3798 3786/3909/3786
f 3788/3911/3788 3800/3923/3800 3799/3922/3799 3787/3910/3787
f 3789/3912/3789 3801/3924/3801 3800/3923/3800 3788/3911/3788
f 3790/3913/3790 3802/3925/3802 3801/3924/3801 3789/3912/3789
f 3791/3914/3791 3803/3926/3803 3802/3925/3802 3790/3913/3790
f 3792/3915/3792 3804/3927/3804 3803/3926/3803 3791/3914/3791
f 3793/3916/3793 3805/3928/3805 3804/3927/3804 3792/3915/3792
f 3794/3917/3794 3806/3929/3806 3670/3793/3670 3657/3780/3657
f 3795/3918/3795 3807/3930/3807 3806/3929/3806 3794/3917/3794
f 3796/3919/3796 3808/3931/3808 3807/3930/3807 3795/3918/3795
f 3797/3920/3797 3809/3932/3809 3808/3931/3808 3796/3919/3796
f 3798/3921/3798 3810/3933/3810 3809/3932/3809 3797/3920/3797
f 3799/3922/3799 3811/3934/3811 3810/3933/3810 3798/3921/3798
f 3800/3923/3800 3812/3935/3812 3811/3934/3811 3799/3922/3799
f 3801/3924/3801 3813/3936/3813 3812/3935/3812 3800/3923/3800
f 3802/3925/3802 3814/3937/3814 3813/3936/3813 3801/3924/3801
f 3803/3926/3803 3815/3938/3815 3814/3937/3814 3802/3925/3802
f 3804/3927/3804 3816/3939/3816 3815/3938/3815 3803/3926/3803
f 3805/3928/3805 3817/3940/3817 3816/3939/3816 3804/3927/3804
f 3806/3929/3806 3818/3941/3818 3683/3806/3683 3670/3793/3670
f 3807/3930/3807 3819/3942/3819 3818/3941/3818 3806/3929/3806
f 3808/3931/3808 3820/3943/3820 3819/3942/3819 3807/3930/3807
f 3809/3932/3809 3821/3944/3821 3820/3943/3820 3808/3931/3808
f 3810/3933/3810 3822/3945/3822 3821/3944/3821 3809/3932/3809
f 3811/3934/3811 3823/3946/3823 3822/3945/3822 3810/3933/3810
f 3812/3935/3812 3824/3947/3824 3823/3946/3823 3811/3934/3811
f 3813/3936/3813 3825/3948/3825 3824/3947/3824 3812/3935/3812
f 3814/3937/3814 3826/3949/3826 3825/3948/3825 3813/3936/3813
f 3815/3938/3815 3827/3950/3827 3826/3949/3826 3814/3937/3814
f 3816/3939/3816 3828/3951/3828 3827/3950/3827 3815/3938/3815
f 3817/3940/3817 3829/3952/3829 3828/3951/3828 3816/3939/3816
f 3818/3941/3818 3830/3953/3830 3696/3819/3696 3683/3806/3683
f 3819/3942/3819 3831/3954/3831 3830/3953/3830 3818/3941/3818
f 3820/3943/3820 3832/3955/3832 3831/3954/3831 3819/3942/3819
f 3821/3944/3821 3833/3956/3833 3832/3955/3832 3820/3943/3820
f 3822/3945/3822 3834/3957/3834 3833/3956/3833 3821/3944/3821
f 3823/3946/3823 3835/3958/3835 3834/3957/3834 3822/3945/3822
f 3824/3947/3824 3836/3959/3836 3835/3958/3835 3823/3946/3823
f 3825/3948/3825 3837/3960/3837 3836/3959/3836 3824/3947/3824
f 3826/3949/3826 3838/3961/3838 3837/3960/3837 3825/3948/3825
f 3827/3950/3827 3839/3962/3839 3838/3961/3838 3826/3949/3826
f 3828/3951/3828 3840/3963/3840 3839/3962/3839 3827/3950/3827
f 3829/3952/3829 3841/3964/3841 3840/3963/3840 3828/3951/3828
f 3830/3953/3830 3842/3965/3842 3709/3832/3709 3696/3819/3696
f 3831/3954/3831 3843/3966/3843 3842/3965/3842 3830/3953/3830
f 3832/3955/3832 3844/3967/3844 3843/3966/3843 3831/3954/3831
f 3833/3956/3833 3845/3968/3845 3844/3967/3844 3832/3955/3832
f 3834/3957/3834 3846/3969/3846 3845/3968/3845 3833/3956/3833
f 3835/3958/3835 3847/3970/3847 3846/3969/3846 3834/3957/3834
f 3836/3959/3836 3848/3971/3848 3847/3970/3847 3835/3958/3835
f 3837/3960/3837 3849/3972/3849 3848/3971/3848 3836/3959/3836
f 3838/3961/3838 3850/3973/3850 3849/3972/3849 3837/3960/3837
f 3839/3962/3839 3851/3974/3851 3850/3973/3850 3838/3961/3838
f 3840/3963/3840 3852/3975/3852 3851/3974/3851 3839/3962/3839
f 3841/3964/3841 3853/3976/3853 3852/3975/3852 3840/3963/3840
f 3854/3977/3854 3855/3978/3855 3411/3522/3411 3410/3521/3410
f 3855/3978/3855 3856/3979/3856 3412/3523/3412 3411/3522/3411
f 3856/3979/3856 3857/3980/3857 3413/3524/3413 3412/3523/3412
f 3857/3980/3857 3858/3981/3858 3414/3525/3414 3413/3524/3413
f 3858/3981/3858 3859/3982/3859 3415/3526/3415 3414/3525/3414
f 3859/3982/3859 3860/3983/3860 3416/3527/3416 3415/3526/3415
f 3860/3983/3860 3861/3984/3861 3417/3528/3417 3416/3527/3416
f 3861/3984/3861 3862/3985/3862 3418/3529/3418 3417/3528/3417
f 3862/3985/3862 3863/3986/3863 3419/3530/3419 3418/3529/3418
f 3863/3986/3863 3864/3987/3864 3420/3531/3420 3419/3530/3419
f 3864/3987/3864 3865/3988/3865 3421/3532/3421 3420/3531/3420
f 3865/3988/3865 3721/3844/3721 3277/3388/3277 3421/3532/3421
f 3866/3989/3866 3867/3990/3867 3855/3978/3855 3854/3977/3854
f 3867/3990/3867 3868/3991/3868 3856/3979/3856 3855/3978/3855
f 3868/3991/3868 3869/3992/3869 3857/3980/3857 3856/3979/3856
f 3869/3992/3869 3870/3993/3870 3858/3981/3858 3857/3980/3857
f 3870/3993/3870 3871/3994/3871 3859/3982/3859 3858/3981/3858
f 3871/3994/3871 3872/3995/3872 3860/3983/3860 3859/3982/3859
f 3872/3995/3872 3873/3996/3873 3861/3984/3861 3860/3983/3860
f 3873/3996/3873 3874/3997/3874 3862/3985/3862 3861/3984/3861
f 3874/3997/3874 3875/3998/3875 3863/3986/3863 3862/3985/3862
f 3875/3998/3875 3876/3999/3876 3864/3987/3864 3863/3986/3863
f 3876/3999/3876 3877/4000/3877 3865/3988/3865 3864/3987/3864
f 3877/4000/3877 3733/3856/3733 3721/3844/3721 3865/3988/3865
f 3878/4001/3878 3879/4002/3879 3867/3990/3867 3866/3989/3866
f 3879/4002/3879 3880/4003/3880 3868/3991/3868 3867/3990/3867
f 3880/4003/3880 3881/4004/3881 3869/3992/3869 3868/3991/3868
f 3881/4004/3881 3882/4005/3882 3870/3993/3870 3869/3992/3869
f 3882/4005/3882 3883/4006/3883 3871/3994/3871 3870/3993/3870
f 3883/4006/3883 3884/4007/3884 3872/3995/3872 3871/3994/3871
f 3884/4007/3884 3885/4008/3885 3873/3996/3873 3872/3995/3872
f 3885/4008/3885 3886/4009/3886 3874/3997/3874 3873/3996/3873
f 3886/4009/3886 3887/4010/3887 3875/3998/3875 3874/3997/3874
f 3887/4010/3887 3888/4011/3888 3876/3999/3876 3875/3998/3875
f 3888/4011/3888 3889/4012/3889 3877/4000/3877 3876/3999/3876
f 3889/4012/3889 3745/3868/3745 3733/3856/3733 3877/4000/3877
f 3890/4013/3890 3891/4014/3891 3879/4002/3879 3878/4001/3878
f 3891/4014/3891 3892/4015/3892 3880/4003/3880 3879/4002/3879
f 3892/4015/3892 3893/4016/3893 3881/4004/3881 3880/4003/3880
f 3893/4016/3893 3894/4017/3894 3882/4005/3882 3881/4004/3881
f 3894/4017/3894 3895/4018/3895 3883/4006/3883 3882/4005/3882
f 3895/4018/3895 3896/4019/3896 3884/4007/3884 3883/4006/3883
f 3896/4019/3896 3897/4020/3897 3885/4008/3885 3884/4007/3884
f 3897/4020/3897 3898/4021/3898 3886/4009/3886 3885/4008/3885
f 3898/4021/3898 3899/4022/3899 3887/4010/3887 3886/4009/3886
f 3899/4022/3899 3900/4023/3900 3888/4011/3888 3887/4010/3887
f 3900/4023/3900 3901/4024/3901 3889/4012/3889 3888/4011/3888
f 3901/4024/3901 3757/3880/3757 3745/3868/3745 3889/4012/3889
f 3902/4025/3902 3903/4026/3903 3891/4014/3891 3890/4013/3890
f 3903/4026/3903 3904/4027/3904 3892/4015/3892 3891/4014/3891
f 3904/4027/3904 3905/4028/3905 3893/4016/3893 3892/4015/3892
f 3905/4028/3905 3906/4029/3906 3894/4017/3894 3893/4016/3893
f 3906/4029/3906 3907/4030/3907 3895/4018/3895 3894/4017/3894
f 3907/4030/3907 3908/4031/3908 3896/4019/3896 3895/4018/3895
f 3908/4031/3908 3909/4032/3909 3897/4020/3897 3896/4019/3896
f 3909/4032/3909 3910/4033/3910 3898/4021/3898 3897/4020/3897
f 3910/4033/3910 3911/4034/3911 3899/4022/3899 3898/4021/3898
f 3911/4034/3911 3912/4035/3912 3900/4023/3900 3899/4022/3899
f 3912/4035/3912 3913/4036/3913 3901/4024/3901 3900/4023/3900
f 3913/4036/3913 3769/3892/3769 3757/3880/3757 3901/4024/3901
f 3914/4037/3914 3915/4038/3915 3903/4026/3903 3902/4025/3902
f 3915/4038/3915 3916/4039/3916 3904/4027/3904 3903/4026/3903
f 3916/4039/3916 3917/4040/3917 3905/4028/3905 3904/4027/3904
f 3917/4040/3917 3918/4041/3918 3906/4029/3906 3905/4028/3905
f 3918/4041/3918 3919/4042/3919 3907/4030/3907 3906/4029/3906
f 3919/4042/3919 3920/4043/3920 3908/4031/3908 3907/4030/3907
f 3920/4043/3920 3921/4044/3921 3909/4032/3909 3908/4031/3908
f 3921/4044/3921 3922/4045/3922 3910/4033/3910 3909/4032/3909
f 3922/4045/3922 3923/4046/3923 3911/4034/3911 3910/4033/3910
f 3923/4046/3923 3924/4047/3924 3912/4035/3912 3911/4034/3911
f 3924/4047/3924 3925/4048/3925 3913/4036/3913 3912/4035/3912
f 3925/4048/3925 3781/3904/3781 3769/3892/3769 3913/4036/3913
f 3926/4049/3926 3927/4050/3927 3915/4038/3915 3914/4037/3914
f 3927/4050/3927 3928/4051/3928 3916/4039/3916 3915/4038/3915
f 3928/4051/3928 3929/4052/3929 3917/4040/3917 3916/4039/3916
f 3929/4052/3929 3930/4053/3930 3918/4041/3918 3917/4040/3917
f 3930/4053/3930 3931/4054/3931 3919/4042/3919 3918/4041/3918
f 3931/4054/3931 3932/4055/3932 3920/4043/3920 3919/4042/3919
f 3932/4055/3932 3933/4056/3933 3921/4044/3921 3920/4043/3920
f 3933/4056/3933 3934/4057/3934 3922/4045/3922 3921/4044/3921
f 3934/4057/3934 3935/4058/3935 3923/4046/3923 3922/4045/3922
f 3935/4058/3935 3936/4059/3936 3924/4047/3924 3923/4046/3923
f 3936/4059/3936 3937/4060/3937 3925/4048/3925 3924/4047/3924
f 3937/4060/3937 3793/3916/3793 3781/3904/3781 3925/4048/3925
f 3938/4061/3938 3939/4062/3939 3927/4050/3927 3926/4049/3926
f 3939/4062/3939 3940/4063/3940 3928/4051/3928 3927/4050/3927
f 3940/4063/3940 3941/4064/3941 3929/4052/3929 3928/4051/3928
f 3941/4064/3941 3942/4065/3942 3930/4053/3930 3929/4052/3929
f 3942/4065/3942 3943/4066/3943 3931/4054/3931 3930/4053/3930
f 3943/4066/3943 3944/4067/3944 3932/4055/3932 3931/4054/3931
f 3944/4067/3944 3945/4068/3945 3933/4056/3933 3932/4055/3932
f 3945/4068/3945 3946/4069/3946 3934/4057/3934 3933/4056/3933
f 3946/4069/3946 3947/4070/3947 3935/4058/3935 3934/4057/3934
f 3947/4070/3947 3948/4071/3948 3936/4059/3936 3935/4058/3935
f 3948/4071/3948 3949/4072/3949 3937/4060/3937 3936/4059/3936
f 3949/4072/3949 3805/3928/3805 3793/3916/3793 3937/4060/3937
f 3950/4073/3950 3951/4074/3951 3939/4062/3939 3938/4061/3938
f 3951/4074/3951 3952/4075/3952 3940/4063/3940 3939/4062/3939
f 3952/4075/3952 3953/4076/3953 3941/4064/3941 3940/4063/3940
f 3953/4076/3953 3954/4077/3954 3942/4065/3942 3941/4064/3941
f 3954/4077/3954 3955/4078/3955 3943/4066/3943 3942/4065/3942
f 3955/4078/3955 3956/4079/3956 3944/4067/3944 3943/4066/3943
f 3956/4079/3956 3957/4080/3957 3945/4068/3945 3944/4067/3944
f 3957/4080/3957 3958/4081/3958 3946/4069/3946 3945/4068/3945
f 3958/4081/3958 3959/4082/3959 3947/4070/3947 3946/4069/3946
f 3959/4082/3959 3960/4083/3960 3948/4071/3948 3947/4070/3947
f 3960/4083/3960 3961/4084/3961 3949/4072/3949 3948/4071/3948
f 3961/4084/3961 3817/3940/3817 3805/3928/3805 3949/4072/3949
f 3962/4085/3962 3963/4086/3963 3951/4074/3951 3950/4073/3950
f 3963/4086/3963 3964/4087/3964 3952/4075/3952 3951/4074/3951
f 3964/4087/3964 3965/4088/3965 3953/4076/3953 3952/4075/3952
f 3965/4088/3965 3966/4089/3966 3954/4077/3954 3953/4076/3953
f 3966/4089/3966 3967/4090/3967 3955/4078/3955 3954/4077/3954
f 3967/4090/3967 3968/4091/3968 3956/4079/3956 3955/4078/3955
f 3968/4091/3968 3969/4092/3969 3957/4080/3957 3956/4079/3956
f 3969/4092/3969 3970/4093/3970 3958/4081/3958 3957/4080/3957
f 3970/4093/3970 3971/4094/3971 3959/4082/3959 3958/4081/3958
f 3971/4094/3971 3972/4095/3972 3960/4083/3960 3959/4082/3959
f 3972/4095/3972 3973/4096/3973 3961/4084/3961 3960/4083/3960
f 3973/4096/3973 3829/3952/3829 3817/3940/3817 3961/4084/3961
f 3974/4097/3974 3975/4098/3975 3963/4086/3963 3962/4085/3962
f 3975/4098/3975 3976/4099/3976 3964/4087/3964 3963/4086/3963
f 3976/4099/3976 3977/4100/3977 3965/4088/3965 3964/4087/3964
f 3977/4100/3977 3978/4101/3978 3966/4089/3966 3965/4088/3965
f 3978/4101/3978 3979/4102/3979 3967/4090/3967 3966/4089/3966
f 3979/4102/3979 3980/4103/3980 3968/4091/3968 3967/4090/3967
f 3980/4103/3980 3981/4104/3981 3969/4092/3969 3968/4091/3968
f 3981/4104/3981 3982/4105/3982 3970/4093/3970 3969/4092/3969
f 3982/4105/3982 3983/4106/3983 3971/4094/3971 3970/4093/3970
f 3983/4106/3983 3984/4107/3984 3972/4095/3972 3971/4094/3971
f 3984/4107/3984 3985/4108/3985 3973/4096/3973 3972/4095/3972
f 3985/4108/3985 3841/3964/3841 3829/3952/3829 3973/4096/3973
f 3986/4109/3986 3987/4110/3987 3975/4098/3975 3974/4097/3974
f 3987/4110/3987 3988/4111/3988 3976/4099/3976 3975/4098/3975
f 3988/4111/3988 3989/4112/3989 3977/4100/3977 3976/4099/3976
f 3989/4112/3989 3990/4113/3990 3978/4101/3978 3977/4100/3977
f 3990/4113/3990 3991/4114/3991 3979/4102/3979 3978/4101/3978
f 3991/4114/3991 3992/4115/3992 3980/4103/3980 3979/4102/3979
f 3992/4115/3992 3993/4116/3993 3981/4104/3981 3980/4103/3980
f 3993/4116/3993 3994/4117/3994 3982/4105/3982 3981/4104/3981
f 3994/4117/3994 3995/4118/3995 3983/4106/3983 3982/4105/3982
f 3995/4118/3995 3996/4119/3996 3984/4107/3984 3983/4106/3983
f 3996/4119/3996 3997/4120/3997 3985/4108/3985 3984/4107/3984
f 3997/4120/3997 3853/3976/3853 3841/3964/3841 3985/4108/3985
f 3554/4121/3554 3998/4122/3998 3543/3666/3543 3121/3665/3121
f 3998/4122/3998 3999/4123/3999 3544/3667/3544 3543/3666/3543
f 3999/4123/3999 4000/4124/4000 3545/3668/3545 3544/3667/3544
f 4000/4124/4000 4001/4125/4001 3546/3669/3546 3545/3668/3545
f 4001/4125/4001 4002/4126/4002 3547/3670/3547 3546/3669/3546
f 4002/4126/4002 4003/4127/4003 3548/3671/3548 3547/3670/3547
f 4003/4127/4003 4004/4128/4004 3549/3672/3549 3548/3671/3548
f 4004/4128/4004 4005/4129/4005 3550/3673/3550 3549/3672/3549
f 4005/4129/4005 4006/4130/4006 3551/3674/3551 3550/3673/3550
f 4006/4130/4006 4007/4131/4007 3552/3675/3552 3551/3674/3551
f 4007/4131/4007 4008/4132/4008 3553/3676/3553 3552/3675/3552
f 4008/4132/4008 3854/3977/3854 3410/3521/3410 3553/3676/3553
f 3567/4133/3567 4009/4134/4009 3998/4122/3998 3554/4121/3554
f 4009/4134/4009 4010/4135/4010 3999/4123/3999 3998/4122/3998
f 4010/4135/4010 4011/4136/4011 4000/4124/4000 3999/4123/3999
f 4011/4136/4011 4012/4137/4012 4001/4125/4001 4000/4124/4000
f 4012/4137/4012 4013/4138/4013 4002/4126/4002 4001/4125/4001
f 4013/4138/4013 4014/4139/4014 4003/4127/4003 4002/4126/4002
f 4014/4139/4014 4015/4140/4015 4004/4128/4004 4003/4127/4003
f 4015/4140/4015 4016/4141/4016 4005/4129/4005 4004/4128/4004
f 4016/4141/4016 4017/4142/4017 4006/4130/4006 4005/4129/4005
f 4017/4142/4017 4018/4143/4018 4007/4131/4007 4006/4130/4006
f 4018/4143/4018 4019/4144/4019 4008/4132/4008 4007/4131/4007
f 4019/4144/4019 3866/3989/3866 3854/3977/3854 4008/4132/4008
f 3580/4145/3580 4020/4146/4020 4009/4134/4009 3567/4133/3567
f 4020/4146/4020 4021/4147/4021 4010/4135/4010 4009/4134/4009
f 4021/4147/4021 4022/4148/4022 4011/4136/4011 4010/4135/4010
f 4022/4148/4022 4023/4149/4023 4012/4137/4012 4011/4136/4011
f 4023/4149/4023 4024/4150/4024 4013/4138/4013 4012/4137/4012
f 4024/4150/4024 4025/4151/4025 4014/4139/4014 4013/4138/4013
f 4025/4151/4025 4026/4152/4026 4015/4140/4015 4014/4139/4014
f 4026/4152/4026 4027/4153/4027 4016/4141/4016 4015/4140/4015
f 4027/4153/4027 4028/4154/4028 4017/4142/4017 4016/4141/4016
f 4028/4154/4028 4029/4155/4029 4018/4143/4018 4017/4142/4017
f 4029/4155/4029 4030/4156/4030 4019/4144/4019 4018/4143/4018
f 4030/4156/4030 3878/4001/3878 3866/3989/3866 4019/4144/4019
f 3593/4157/3593 4031/4158/4031 4020/4146/4020 3580/4145/3580
f 4031/4158/4031 4032/4159/4032 4021/4147/4021 4020/4146/4020
f 4032/4159/4032 4033/4160/4033 4022/4148/4022 4021/4147/4021
f 4033/4160/4033 4034/4161/4034 4023/4149/4023 4022/4148/4022
f 4034/4161/4034 4035/4162/4035 4024/4150/4024 4023/4149/4023
f 4035/4162/4035 4036/4163/4036 4025/4151/4025 4024/4150/4024
f 4036/4163/4036 4037/4164/4037 4026/4152/4026 4025/4151/4025
f 4037/4164/4037 4038/4165/4038 4027/4153/4027 4026/4152/4026
f 4038/4165/4038 4039/4166/4039 4028/4154/4028 4027/4153/4027
f 4039/4166/4039 4040/4167/4040 4029/4155/4029 4028/4154/4028
f 4040/4167/4040 4041/4168/4041 4030/4156/4030 4029/4155/4029
f 4041/4168/4041 3890/4013/3890 3878/4001/3878 4030/4156/4030
f 3606/4169/3606 4042/4170/4042 4031/4158/4031 3593/4157/3593
f 4042/4170/4042 4043/4171/4043 4032/4159/4032 4031/4158/4031
f 4043/4171/4043 4044/4172/4044 4033/4160/4033 4032/4159/4032
f 4044/4172/4044 4045/4173/4045 4034/4161/4034 4033/4160/4033
f 4045/4173/4045 4046/4174/4046 4035/4162/4035 4034/4161/4034
f 4046/4174/4046 4047/4175/4047 4036/4163/4036 4035/4162/4035
f 4047/4175/4047 4048/4176/4048 4037/4164/4037 4036/4163/4036
f 4048/4176/4048 4049/4177/4049 4038/4165/4038 4037/4164/4037
f 4049/4177/4049 4050/4178/4050 4039/4166/4039 4038/4165/4038
f 4050/4178/4050 4051/4179/4051 4040/4167/4040 4039/4166/4039
f 4051/4179/4051 4052/4180/4052 4041/4168/4041 4040/4167/4040
f 4052/4180/4052 3902/4025/3902 3890/4013/3890 4041/4168/4041
f 3619/4181/3619 4053/4182/4053 4042/4170/4042 3606/4169/3606
f 4053/4182/4053 4054/4183/4054 4043/4171/4043 4042/4170/4042
f 4054/4183/4054 4055/4184/4055 4044/4172/4044 4043/4171/4043
f 4055/4184/4055 4056/4185/4056 4045/4173/4045 4044/4172/4044
f 4056/4185/4056 4057/4186/4057 4046/4174/4046 4045/4173/4045
f 4057/4186/4057 4058/4187/4058 4047/4175/4047 4046/4174/4046
f 4058/4187/4058 4059/4188/4059 4048/4176/4048 4047/4175/4047
f 4059/4188/4059 4060/4189/4060 4049/4177/4049 4048/4176/4048
f 4060/4189/4060 4061/4190/4061 4050/4178/4050 4049/4177/4049
f 4061/4190/4061 4062/4191/4062 4051/4179/4051 4050/4178/4050
f 4062/4191/4062 4063/4192/4063 4052/4180/4052 4051/4179/4051
f 4063/4192/4063 3914/4037/3914 3902/4025/3902 4052/4180/4052
f 3632/4193/3632 4064/4194/4064 4053/4182/4053 3619/4181/3619
f 4064/4194/4064 4065/4195/4065 4054/4183/4054 4053/4182/4053
f 4065/4195/4065 4066/4196/4066 4055/4184/4055 4054/4183/4054
f 4066/4196/4066 4067/4197/4067 4056/4185/4056 4055/4184/4055
f 4067/4197/4067 4068/4198/4068 4057/4186/4057 4056/4185/4056
f 4068/4198/4068 4069/4199/4069 4058/4187/4058 4057/4186/4057
f 4069/4199/4069 4070/4200/4070 4059/4188/4059 4058/4187/4058
f 4070/4200/4070 4071/4201/4071 4060/4189/4060 4059/4188/4059
f 4071/4201/4071 4072/4202/4072 4061/4190/4061 4060/4189/4060
f 4072/4202/4072 4073/4203/4073 4062/4191/4062 4061/4190/4061
f 4073/4203/4073 4074/4204/4074 4063/4192/4063 4062/4191/4062
f 4074/4204/4074 3926/4049/3926 3914/4037/3914 4063/4192/4063
f 3645/4205/3645 4075/4206/4075 4064/4194/4064 3632/4193/3632
f 4075/4206/4075 4076/4207/4076 4065/4195/4065 4064/4194/4064
f 4076/4207/4076 4077/4208/4077 4066/4196/4066 4065/4195/4065
f 4077/4208/4077 4078/4209/4078 4067/4197/4067 4066/4196/4066
f 4078/4209/4078 4079/4210/4079 4068/4198/4068 4067/4197/4067
f 4079/4210/4079 4080/4211/4080 4069/4199/4069 4068/4198/4068
f 4080/4211/4080 4081/4212/4081 4070/4200/4070 4069/4199/4069
f 4081/4212/4081 4082/4213/4082 4071/4201/4071 4070/4200/4070
f 4082/4213/4082 4083/4214/4083 4072/4202/4072 4071/4201/4071
f 4083/4214/4083 4084/4215/4084 4073/4203/4073 4072/4202/4072
f 4084/4215/4084 4085/4216/4085 4074/4204/4074 4073/4203/4073
f 4085/4216/4085 3938/4061/3938 3926/4049/3926 4074/4204/4074
f 3658/4217/3658 4086/4218/4086 4075/4206/4075 3645/4205/3645
f 4086/4218/4086 4087/4219/4087 4076/4207/4076 4075/4206/4075
f 4087/4219/4087 4088/4220/4088 4077/4208/4077 4076/4207/4076
f 4088/4220/4088 4089/4221/4089 4078/4209/4078 4077/4208/4077
f 4089/4221/4089 4090/4222/4090 4079/4210/4079 4078/4209/4078
f 4090/4222/4090 4091/4223/4091 4080/4211/4080 4079/4210/4079
f 4091/4223/4091 4092/4224/4092 4081/4212/4081 4080/4211/4080
f 4092/4224/4092 4093/4225/4093 4082/4213/4082 4081/4212/4081
f 4093/4225/4093 4094/4226/4094 4083/4214/4083 4082/4213/4082
f 4094/4226/4094 4095/4227/4095 4084/4215/4084 4083/4214/4083
f 4095/4227/4095 4096/4228/4096 4085/4216/4085 4084/4215/4084
f 4096/4228/4096 3950/4073/3950 3938/4061/3938 4085/4216/4085
f 3671/4229/3671 4097/4230/4097 4086/4218/4086 3658/4217/3658
f 4097/4230/4097 4098/4231/4098 4087/4219/4087 4086/4218/4086
f 4098/4231/4098 4099/4232/4099 4088/4220/4088 4087/4219/4087
f 4099/4232/4099 4100/4233/4100 4089/4221/4089 4088/4220/4088
f 4100/4233/4100 4101/4234/4101 4090/4222/4090 4089/4221/4089
f 4101/4234/4101 4102/4235/4102 4091/4223/4091 4090/4222/4090
f 4102/4235/4102 4103/4236/4103 4092/4224/4092 4091/4223/4091
f 4103/4236/4103 4104/4237/4104 4093/4225/4093 4092/4224/4092
f 4104/4237/4104 4105/4238/4105 4094/4226/4094 4093/4225/4093
f 4105/4238/4105 4106/4239/4106 4095/4227/4095 4094/4226/4094
f 4106/4239/4106 4107/4240/4107 4096/4228/4096 4095/4227/4095
f 4107/4240/4107 3962/4085/3962 3950/4073/3950 4096/4228/4096
f 3684/4241/3684 4108/4242/4108 4097/4230/4097 3671/4229/3671
f 4108/4242/4108 4109/4243/4109 4098/4231/4098 4097/4230/4097
f 4109/4243/4109 4110/4244/4110 4099/4232/4099 4098/4231/4098
f 4110/4244/4110 4111/4245/4111 4100/4233/4100 4099/4232/4099
f 4111/4245/4111 4112/4246/4112 4101/4234/4101 4100/4233/4100
f 4112/4246/4112 4113/4247/4113 4102/4235/4102 4101/4234/4101
f 4113/4247/4113 4114/4248/4114 4103/4236/4103 4102/4235/4102
f 4114/4248/4114 4115/4249/4115 4104/4237/4104 4103/4236/4103
f 4115/4249/4115 4116/4250/4116 4105/4238/4105 4104/4237/4104
f 4116/4250/4116 4117/4251/4117 4106/4239/4106 4105/4238/4105
f 4117/4251/4117 4118/4252/4118 4107/4240/4107 4106/4239/4106
f 4118/4252/4118 3974/4097/3974 3962/4085/3962 4107/4240/4107
f 3697/4253/3697 4119/4254/4119 4108/4242/4108 3684/4241/3684
f 4119/4254/4119 4120/4255/4120 4109/4243/4109 4108/4242/4108
f 4120/4255/4120 4121/4256/4121 4110/4244/4110 4109/4243/4109
f 4121/4256/4121 4122/4257/4122 4111/4245/4111 4110/4244/4110
f 4122/4257/4122 4123/4258/4123 4112/4246/4112 4111/4245/4111
f 4123/4258/4123 4124/4259/4124 4113/4247/4113 4112/4246/4112
f 4124/4259/4124 4125/4260/4125 4114/4248/4114 4113/4247/4113
f 4125/4260/4125 4126/4261/4126 4115/4249/4115 4114/4248/4114
f 4126/4261/4126 4127/4262/4127 4116/4250/4116 4115/4249/4115
f 4127/4262/4127 4128/4263/4128 4117/4251/4117 4116/4250/4116
f 4128/4263/4128 4129/4264/4129 4118/4252/4118 4117/4251/4117
f 4129/4264/4129 3986/4109/3986 3974/4097/3974 4118/4252/4118
f 3698/3821/3698 4131/4266/4131 4130/4265/4130 3697/3820/3697
f 3699/3822/3699 4132/4267/4132 4131/4266/4131 3698/3821/3698
f 3700/3823/3700 4133/4268/4133 4132/4267/4132 3699/3822/3699
f 3701/3824/3701 4134/4269/4134 4133/4268/4133 3700/3823/3700
f 3702/3825/3702 4135/4270/4135 4134/4269/4134 3701/3824/3701
f 3703/3826/3703 4136/4271/4136 4135/4270/4135 3702/3825/3702
f 3704/3827/3704 4137/4272/4137 4136/4271/4136 3703/3826/3703
f 3705/3828/3705 4138/4273/4138 4137/4272/4137 3704/3827/3704
f 3706/3829/3706 4139/4274/4139 4138/4273/4138 3705/3828/3705
f 3707/3830/3707 4140/4275/4140 4139/4274/4139 3706/3829/3706
f 3708/3831/3708 4141/4276/4141 4140/4275/4140 3707/3830/3707
f 3709/3832/3709 4142/4277/4142 4141/4276/4141 3708/3831/3708
f 4131/4266/4131 4144/4279/4144 4143/4278/4143 4130/4265/4130
f 4132/4267/4132 4145/4280/4145 4144/4279/4144 4131/4266/4131
f 4133/4268/4133 4146/4281/4146 4145/4280/4145 4132/4267/4132
f 4134/4269/4134 4147/4282/4147 4146/4281/4146 4133/4268/4133
f 4135/4270/4135 4148/4283/4148 4147/4282/4147 4134/4269/4134
f 4136/4271/4136 4149/4284/4149 4148/4283/4148 4135/4270/4135
f 4137/4272/4137 4150/4285/4150 4149/4284/4149 4136/4271/4136
f 4138/4273/4138 4151/4286/4151 4150/4285/4150 4137/4272/4137
f 4139/4274/4139 4152/4287/4152 4151/4286/4151 4138/4273/4138
f 4140/4275/4140 4153/4288/4153 4152/4287/4152 4139/4274/4139
f 4141/4276/4141 4154/4289/4154 4153/4288/4153 4140/4275/4140
f 4142/4277/4142 4155/4290/4155 4154/4289/4154 4141/4276/4141
f 4144/4279/4144 4157/4292/4157 4156/4291/4156 4143/4278/4143
f 4145/4280/4145 4158/4293/4158 4157/4292/4157 4144/4279/4144
f 4146/4281/4146 4159/4294/4159 4158/4293/4158 4145/4280/4145
f 4147/4282/4147 4160/4295/4160 4159/4294/4159 4146/4281/4146
f 4148/4283/4148 4161/4296/4161 4160/4295/4160 4147/4282/4147
f 4149/4284/4149 4162/4297/4162 4161/4296/4161 4148/4283/4148
f 4150/4285/4150 4163/4298/4163 4162/4297/4162 4149/4284/4149
f 4151/4286/4151 4164/4299/4164 4163/4298/4163 4150/4285/4150
f 4152/4287/4152 4165/4300/4165 4164/4299/4164 4151/4286/4151
f 4153/4288/4153 4166/4301/4166 4165/4300/4165 4152/4287/4152
f 4154/4289/4154 4167/4302/4167 4166/4301/4166 4153/4288/4153
f 4155/4290/4155 4168/4303/4168 4167/4302/4167 4154/4289/4154
f 4157/4292/4157 4170/4305/4170 4169/4304/4169 4156/4291/4156
f 4158/4293/4158 4171/4306/4171 4170/4305/4170 4157/4292/4157
f 4159/4294/4159 4172/4307/4172 4171/4306/4171 4158/4293/4158
f 4160/4295/4160 4173/4308/4173 4172/4307/4172 4159/4294/4159
f 4161/4296/4161 4174/4309/4174 4173/4308/4173 4160/4295/4160
f 4162/4297/4162 4175/4310/4175 4174/4309/4174 4161/4296/4161
f 4163/4298/4163 4176/4311/4176 4175/4310/4175 4162/4297/4162
f 4164/4299/4164 4177/4312/4177 4176/4311/4176 4163/4298/4163
f 4165/4300/4165 4178/4313/4178 4177/4312/4177 4164/4299/4164
f 4166/4301/4166 4179/4314/4179 4178/4313/4178 4165/4300/4165
f 4167/4302/4167 4180/4315/4180 4179/4314/4179 4166/4301/4166
f 4168/4303/4168 4181/4316/4181 4180/4315/4180 4167/4302/4167
f 4170/4305/4170 4183/4318/4183 4182/4317/4182 4169/4304/4169
f 4171/4306/4171 4184/4319/4184 4183/4318/4183 4170/4305/4170
f 4172/4307/4172 4185/4320/4185 4184/4319/4184 4171/4306/4171
f 4173/4308/4173 4186/4321/4186 4185/4320/4185 4172/4307/4172
f 4174/4309/4174 4187/4322/4187 4186/4321/4186 4173/4308/4173
f 4175/4310/4175 4188/4323/4188 4187/4322/4187 4174/4309/4174
f 4176/4311/4176 4189/4324/4189 4188/4323/4188 4175/4310/4175
f 4177/4312/4177 4190/4325/4190 4189/4324/4189 4176/4311/4176
f 4178/4313/4178 4191/4326/4191 4190/4325/4190 4177/4312/4177
f 4179/4314/4179 4192/4327/4192 4191/4326/4191 4178/4313/4178
f 4180/4315/4180 4193/4328/4193 4192/4327/4192 4179/4314/4179
f 4181/4316/4181 4194/4329/4194 4193/4328/4193 4180/4315/4180
f 4183/4318/4183 4196/4331/4196 4195/4330/4195 4182/4317/4182
f 4184/4319/4184 4197/4332/4197 4196/4331/4196 4183/4318/4183
f 4185/4320/4185 4198/4333/4198 4197/4332/4197 4184/4319/4184
f 4186/4321/4186 4199/4334/4199 4198/4333/4198 4185/4320/4185
f 4187/4322/4187 4200/4335/4200 4199/4334/4199 4186/4321/4186
f 4188/4323/4188 4201/4336/4201 4200/4335/4200 4187/4322/4187
f 4189/4324/4189 4202/4337/4202 4201/4336/4201 4188/4323/4188
f 4190/4325/4190 4203/4338/4203 4202/4337/4202 4189/4324/4189
f 4191/4326/4191 4204/4339/4204 4203/4338/4203 4190/4325/4190
f 4192/4327/4192 4205/4340/4205 4204/4339/4204 4191/4326/4191
f 4193/4328/4193 4206/4341/4206 4205/4340/4205 4192/4327/4192
f 4194/4329/4194 4207/4342/4207 4206/4341/4206 4193/4328/4193
f 4196/4331/4196 4209/4344/4209 4208/4343/4208 4195/4330/4195
f 4197/4332/4197 4210/4345/4210 4209/4344/4209 4196/4331/4196
f 4198/4333/4198 4211/4346/4211 4210/4345/4210 4197/4332/4197
f 4199/4334/4199 4212/4347/4212 4211/4346/4211 4198/4333/4198
f 4200/4335/4200 4213/4348/4213 4212/4347/4212 4199/4334/4199
f 4201/4336/4201 4214/4349/4214 4213/4348/4213 4200/4335/4200
f 4202/4337/4202 4215/4350/4215 4214/4349/4214 4201/4336/4201
f 4203/4338/4203 4216/4351/4216 4215/4350/4215 4202/4337/4202
f 4204/4339/4204 4217/4352/4217 4216/4351/4216 4203/4338/4203
f 4205/4340/4205 4218/4353/4218 4217/4352/4217 4204/4339/4204
f 4206/4341/4206 4219/4354/4219 4218/4353/4218 4205/4340/4205
f 4207/4342/4207 4220/4355/4220 4219/4354/4219 4206/4341/4206
f 4209/4344/4209 4222/4357/4222 4221/4356/4221 4208/4343/4208
f 4210/4345/4210 4223/4358/4223 4222/4357/4222 4209/4344/4209
f 4211/4346/4211 4224/4359/4224 4223/4358/4223 4210/4345/4210
f 4212/4347/4212 4225/4360/4225 4224/4359/4224 4211/4346/4211
f 4213/4348/4213 4226/4361/4226 4225/4360/4225 4212/4347/4212
f 4214/4349/4214 4227/4362/4227 4226/4361/4226 4213/4348/4213
f 4215/4350/4215 4228/4363/4228 4227/4362/4227 4214/4349/4214
f 4216/4351/4216 4229/4364/4229 4228/4363/4228 4215/4350/4215
f 4217/4352/4217 4230/4365/4230 4229/4364/4229 4216/4351/4216
f 4218/4353/4218 4231/4366/4231 4230/4365/4230 4217/4352/4217
f 4219/4354/4219 4232/4367/4232 4231/4366/4231 4218/4353/4218
f 4220/4355/4220 4233/4368/4233 4232/4367/4232 4219/4354/4219
f 4222/4357/4222 4235/4370/4235 4234/4369/4234 4221/4356/4221
f 4223/4358/4223 4236/4371/4236 4235/4370/4235 4222/4357/4222
f 4224/4359/4224 4237/4372/4237 4236/4371/4236 4223/4358/4223
f 4225/4360/4225 4238/4373/4238 4237/4372/4237 4224/4359/4224
f 4226/4361/4226 4239/4374/4239 4238/4373/4238 4225/4360/4225
f 4227/4362/4227 4240/4375/4240 4239/4374/4239 4226/4361/4226
f 4228/4363/4228 4241/4376/4241 4240/4375/4240 4227/4362/4227
f 4229/4364/4229 4242/4377/4242 4241/4376/4241 4228/4363/4228
f 4230/4365/4230 4243/4378/4243 4242/4377/4242 4229/4364/4229
f 4231/4366/4231 4244/4379/4244 4243/4378/4243 4230/4365/4230
f 4232/4367/4232 4245/4380/4245 4244/4379/4244 4231/4366/4231
f 4233/4368/4233 4246/4381/4246 4245/4380/4245 4232/4367/4232
f 4235/4370/4235 4248/4383/4248 4247/4382/4247 4234/4369/4234
f 4236/4371/4236 4249/4384/4249 4248/4383/4248 4235/4370/4235
f 4237/4372/4237 4250/4385/4250 4249/4384/4249 4236/4371/4236
f 4238/4373/4238 4251/4386/4251 4250/4385/4250 4237/4372/4237
f 4239/4374/4239 4252/4387/4252 4251/4386/4251 4238/4373/4238
f 4240/4375/4240 4253/4388/4253 4252/4387/4252 4239/4374/4239
f 4241/4376/4241 4254/4389/4254 4253/4388/4253 4240/4375/4240
f 4242/4377/4242 4255/4390/4255 4254/4389/4254 4241/4376/4241
f 4243/4378/4243 4256/4391/4256 4255/4390/4255 4242/4377/4242
f 4244/4379/4244 4257/4392/4257 4256/4391/4256 4243/4378/4243
f 4245/4380/4245 4258/4393/4258 4257/4392/4257 4244/4379/4244
f 4246/4381/4246 4259/4394/4259 4258/4393/4258 4245/4380/4245
f 4248/4383/4248 4261/4396/4261 4260/4395/4260 4247/4382/4247
f 4249/4384/4249 4262/4397/4262 4261/4396/4261 4248/4383/4248
f 4250/4385/4250 4263/4398/4263 4262/4397/4262 4249/4384/4249
f 4251/4386/4251 4264/4399/4264 4263/4398/4263 4250/4385/4250
f 4252/4387/4252 4265/4400/4265 4264/4399/4264 4251/4386/4251
f 4253/4388/4253 4266/4401/4266 4265/4400/4265 4252/4387/4252
f 4254/4389/4254 4267/4402/4267 4266/4401/4266 4253/4388/4253
f 4255/4390/4255 4268/4403/4268 4267/4402/4267 4254/4389/4254
f 4256/4391/4256 4269/4404/4269 4268/4403/4268 4255/4390/4255
f 4257/4392/4257 4270/4405/4270 4269/4404/4269 4256/4391/4256
f 4258/4393/4258 4271/4406/4271 4270/4405/4270 4257/4392/4257
f 4259/4394/4259 4272/4407/4272 4271/4406/4271 4258/4393/4258
f 4261/4396/4261 4273/4408/4273 4260/4395/4260
f 4262/4397/4262 4273/4409/4273 4261/4396/4261
f 4263/4398/4263 4273/4410/4273 4262/4397/4262
f 4264/4399/4264 4273/4411/4273 4263/4398/4263
f 4265/4400/4265 4273/4412/4273 4264/4399/4264
f 4266/4401/4266 4273/4413/4273 4265/4400/4265
f 4267/4402/4267 4273/4414/4273 4266/4401/4266
f 4268/4403/4268 4273/4415/4273 4267/4402/4267
f 4269/4404/4269 4273/4416/4273 4268/4403/4268
f 4270/4405/4270 4273/4417/4273 4269/4404/4269
f 4271/4406/4271 4273/4418/4273 4270/4405/4270
f 4272/4407/4272 4273/4419/4273 4271/4406/4271
f 3842/3965/3842 4274/4420/4274 4142/4277/4142 3709/3832/3709
f 3843/3966/3843 4275/4421/4275 4274/4420/4274 3842/3965/3842
f 3844/3967/3844 4276/4422/4276 4275/4421/4275 3843/3966/3843
f 3845/3968/3845 4277/4423/4277 4276/4422/4276 3844/3967/3844
f 3846/3969/3846 4278/4424/4278 4277/4423/4277 3845/3968/3845
f 3847/3970/3847 4279/4425/4279 4278/4424/4278 3846/3969/3846
f 3848/3971/3848 4280/4426/4280 4279/4425/4279 3847/3970/3847
f 3849/3972/3849 4281/4427/4281 4280/4426/4280 3848/3971/3848
f 3850/3973/3850 4282/4428/4282 4281/4427/4281 3849/3972/3849
f 3851/3974/3851 4283/4429/4283 4282/4428/4282 3850/3973/3850
f 3852/3975/3852 4284/4430/4284 4283/4429/4283 3851/3974/3851
f 3853/3976/3853 4285/4431/4285 4284/4430/4284 3852/3975/3852
f 4274/4420/4274 4286/4432/4286 4155/4290/4155 4142/4277/4142
f 4275/4421/4275 4287/4433/4287 4286/4432/4286 4274/4420/4274
f 4276/4422/4276 4288/4434/4288 4287/4433/4287 4275/4421/4275
f 4277/4423/4277 4289/4435/4289 4288/4434/4288 4276/4422/4276
f 4278/4424/4278 4290/4436/4290 4289/4435/4289 4277/4423/4277
f 4279/4425/4279 4291/4437/4291 4290/4436/4290 4278/4424/4278
f 4280/4426/4280 4292/4438/4292 4291/4437/4291 4279/4425/4279
f 4281/4427/4281 4293/4439/4293 4292/4438/4292 4280/4426/4280
f 4282/4428/4282 4294/4440/4294 4293/4439/4293 4281/4427/4281
f 4283/4429/4283 4295/4441/4295 4294/4440/4294 4282/4428/4282
f 4284/4430/4284 4296/4442/4296 4295/4441/4295 4283/4429/4283
f 4285/4431/4285 4297/4443/4297 4296/4442/4296 4284/4430/4284
f 4286/4432/4286 4298/4444/4298 4168/4303/4168 4155/4290/4155
f 4287/4433/4287 4299/4445/4299 4298/4444/4298 4286/4432/4286
f 4288/4434/4288 4300/4446/4300 4299/4445/4299 4287/4433/4287
f 4289/4435/4289 4301/4447/4301 4300/4446/4300 4288/4434/4288
f 4290/4436/4290 4302/4448/4302 4301/4447/4301 4289/4435/4289
f 4291/4437/4291 4303/4449/4303 4302/4448/4302 4290/4436/4290
f 4292/4438/4292 4304/4450/4304 4303/4449/4303 4291/4437/4291
f 4293/4439/4293 4305/4451/4305 4304/4450/4304 4292/4438/4292
f 4294/4440/4294 4306/4452/4306 4305/4451/4305 4293/4439/4293
f 4295/4441/4295 4307/4453/4307 4306/4452/4306 4294/4440/4294
f 4296/4442/4296 4308/4454/4308 4307/4453/4307 4295/4441/4295
f 4297/4443/4297 4309/4455/4309 4308/4454/4308 4296/4442/4296
f 4298/4444/4298 4310/4456/4310 4181/4316/4181 4168/4303/4168
f 4299/4445/4299 4311/4457/4311 4310/4456/4310 4298/4444/4298
f 4300/4446/4300 4312/4458/4312 4311/4457/4311 4299/4445/4299
f 4301/4447/4301 4313/4459/4313 4312/4458/4312 4300/4446/4300
f 4302/4448/4302 4314/4460/4314 4313/4459/4313 4301/4447/4301
f 4303/4449/4303 4315/4461/4315 4314/4460/4314 4302/4448/4302
f 4304/4450/4304 4316/4462/4316 4315/4461/4315 4303/4449/4303
f 4305/4451/4305 4317/4463/4317 4316/4462/4316 4304/4450/4304
f 4306/4452/4306 4318/4464/4318 4317/4463/4317 4305/4451/4305
f 4307/4453/4307 4319/4465/4319 4318/4464/4318 4306/4452/4306
f 4308/4454/4308 4320/4466/4320 4319/4465/4319 4307/4453/4307
f 4309/4455/4309 4321/4467/4321 4320/4466/4320 4308/4454/4308
f 4310/4456/4310 4322/4468/4322 4194/4329/4194 4181/4316/4181
f 4311/4457/4311 4323/4469/4323 4322/4468/4322 4310/4456/4310
f 4312/4458/4312 4324/4470/4324 4323/4469/4323 4311/4457/4311
f 4313/4459/4313 4325/4471/4325 4324/4470/4324 4312/4458/4312
f 4314/4460/4314 4326/4472/4326 4325/4471/4325 4313/4459/4313
f 4315/4461/4315 4327/4473/4327 4326/4472/4326 4314/4460/4314
f 4316/4462/4316 4328/4474/4328 4327/4473/4327 4315/4461/4315
f 4317/4463/4317 4329/4475/4329 4328/4474/4328 4316/4462/4316
f 4318/4464/4318 4330/4476/4330 4329/4475/4329 4317/4463/4317
f 4319/4465/4319 4331/4477/4331 4330/4476/4330 4318/4464/4318
f 4320/4466/4320 4332/4478/4332 4331/4477/4331 4319/4465/4319
f 4321/4467/4321 4333/4479/4333 4332/4478/4332 4320/4466/4320
f 4322/4468/4322 4334/4480/4334 4207/4342/4207 4194/4329/4194
f 4323/4469/4323 4335/4481/4335 4334/4480/4334 4322/4468/4322
f 4324/4470/4324 4336/4482/4336 4335/4481/4335 4323/4469/4323
f 4325/4471/4325 4337/4483/4337 4336/4482/4336 4324/4470/4324
f 4326/4472/4326 4338/4484/4338 4337/4483/4337 4325/4471/4325
f 4327/4473/4327 4339/4485/4339 4338/4484/4338 4326/4472/4326
f 4328/4474/4328 4340/4486/4340 4339/4485/4339 4327/4473/4327
f 4329/4475/4329 4341/4487/4341 4340/4486/4340 4328/4474/4328
f 4330/4476/4330 4342/4488/4342 4341/4487/4341 4329/4475/4329
f 4331/4477/4331 4343/4489/4343 4342/4488/4342 4330/4476/4330
f 4332/4478/4332 4344/4490/4344 4343/4489/4343 4331/4477/4331
f 4333/4479/4333 4345/4491/4345 4344/4490/4344 4332/4478/4332
f 4334/4480/4334 4346/4492/4346 4220/4355/4220 4207/4342/4207
f 4335/4481/4335 4347/4493/4347 4346/4492/4346 4334/4480/4334
f 4336/4482/4336 4348/4494/4348 4347/4493/4347 4335/4481/4335
f 4337/4483/4337 4349/4495/4349 4348/4494/4348 4336/4482/4336
f 4338/4484/4338 4350/4496/4350 4349/4495/4349 4337/4483/4337
f 4339/4485/4339 4351/4497/4351 4350/4496/4350 4338/4484/4338
f 4340/4486/4340 4352/4498/4352 4351/4497/4351 4339/4485/4339
f 4341/4487/4341 4353/4499/4353 4352/4498/4352 4340/4486/4340
f 4342/4488/4342 4354/4500/4354 4353/4499/4353 4341/4487/4341
f 4343/4489/4343 4355/4501/4355 4354/4500/4354 4342/4488/4342
f 4344/4490/4344 4356/4502/4356 4355/4501/4355 4343/4489/4343
f 4345/4491/4345 4357/4503/4357 4356/4502/4356 4344/4490/4344
f 4346/4492/4346 4358/4504/4358 4233/4368/4233 4220/4355/4220
f 4347/4493/4347 4359/4505/4359 4358/4504/4358 4346/4492/4346
f 4348/4494/4348 4360/4506/4360 4359/4505/4359 4347/4493/4347
f 4349/4495/4349 4361/4507/4361 4360/4506/4360 4348/4494/4348
f 4350/4496/4350 4362/4508/4362 4361/4507/4361 4349/4495/4349
f 4351/4497/4351 4363/4509/4363 4362/4508/4362 4350/4496/4350
f 4352/4498/4352 4364/4510/4364 4363/4509/4363 4351/4497/4351
f 4353/4499/4353 4365/4511/4365 4364/4510/4364 4352/4498/4352
f 4354/4500/4354 4366/4512/4366 4365/4511/4365 4353/4499/4353
f 4355/4501/4355 4367/4513/4367 4366/4512/4366 4354/4500/4354
f 4356/4502/4356 4368/4514/4368 4367/4513/4367 4355/4501/4355
f 4357/4503/4357 4369/4515/4369 4368/4514/4368 4356/4502/4356
f 4358/4504/4358 4370/4516/4370 4246/4381/4246 4233/4368/4233
f 4359/4505/4359 4371/4517/4371 4370/4516/4370 4358/4504/4358
f 4360/4506/4360 4372/4518/4372 4371/4517/4371 4359/4505/4359
f 4361/4507/4361 4373/4519/4373 4372/4518/4372 4360/4506/4360
f 4362/4508/4362 4374/4520/4374 4373/4519/4373 4361/4507/4361
f 4363/4509/4363 4375/4521/4375 4374/4520/4374 4362/4508/4362
f 4364/4510/4364 4376/4522/4376 4375/4521/4375 4363/4509/4363
f 4365/4511/4365 4377/4523/4377 4376/4522/4376 4364/4510/4364
f 4366/4512/4366 4378/4524/4378 4377/4523/4377 4365/4511/4365
f 4367/4513/4367 4379/4525/4379 4378/4524/4378 4366/4512/4366
f 4368/4514/4368 4380/4526/4380 4379/4525/4379 4367/4513/4367
f 4369/4515/4369 4381/4527/4381 4380/4526/4380 4368/4514/4368
f 4370/4516/4370 4382/4528/4382 4259/4394/4259 4246/4381/4246
f 4371/4517/4371 4383/4529/4383 4382/4528/4382 4370/4516/4370
f 4372/4518/4372 4384/4530/4384 4383/4529/4383 4371/4517/4371
f 4373/4519/4373 4385/4531/4385 4384/4530/4384 4372/4518/4372
f 4374/4520/4374 4386/4532/4386 4385/4531/4385 4373/4519/4373
f 4375/4521/4375 4387/4533/4387 4386/4532/4386 4374/4520/4374
f 4376/4522/4376 4388/4534/4388 4387/4533/4387 4375/4521/4375
f 4377/4523/4377 4389/4535/4389 4388/4534/4388 4376/4522/4376
f 4378/4524/4378 4390/4536/4390 4389/4535/4389 4377/4523/4377
f 4379/4525/4379 4391/4537/4391 4390/4536/4390 4378/4524/4378
f 4380/4526/4380 4392/4538/4392 4391/4537/4391 4379/4525/4379
f 4381/4527/4381 4393/4539/4393 4392/4538/4392 4380/4526/4380
f 4382/4528/4382 4394/4540/4394 4272/4407/4272 4259/4394/4259
f 4383/4529/4383 4395/4541/4395 4394/4540/4394 4382/4528/4382
f 4384/4530/4384 4396/4542/4396 4395/4541/4395 4383/4529/4383
f 4385/4531/4385 4397/4543/4397 4396/4542/4396 4384/4530/4384
f 4386/4532/4386 4398/4544/4398 4397/4543/4397 4385/4531/4385
f 4387/4533/4387 4399/4545/4399 4398/4544/4398 4386/4532/4386
f 4388/4534/4388 4400/4546/4400 4399/4545/4399 4387/4533/4387
f 4389/4535/4389 4401/4547/4401 4400/4546/4400 4388/4534/4388
f 4390/4536/4390 4402/4548/4402 4401/4547/4401 4389/4535/4389
f 4391/4537/4391 4403/4549/4403 4402/4548/4402 4390/4536/4390
f 4392/4538/4392 4404/4550/4404 4403/4549/4403 4391/4537/4391
f 4393/4539/4393 4405/4551/4405 4404/4550/4404 4392/4538/4392
f 4394/4540/4394 4273/4552/4273 4272/4407/4272
f 4395/4541/4395 4273/4553/4273 4394/4540/4394
f 4396/4542/4396 4273/4554/4273 4395/4541/4395
f 4397/4543/4397 4273/4555/4273 4396/4542/4396
f 4398/4544/4398 4273/4556/4273 4397/4543/4397
f 4399/4545/4399 4273/4557/4273 4398/4544/4398
f 4400/4546/4400 4273/4558/4273 4399/4545/4399
f 4401/4547/4401 4273/4559/4273 4400/4546/4400
f 4402/4548/4402 4273/4560/4273 4401/4547/4401
f 4403/4549/4403 4273/4561/4273 4402/4548/4402
f 4404/4550/4404 4273/4562/4273 4403/4549/4403
f 4405/4551/4405 4273/4563/4273 4404/4550/4404
f 4406/4564/4406 4407/4565/4407 3987/4110/3987 3986/4109/3986
f 4407/4565/4407 4408/4566/4408 3988/4111/3988 3987/4110/3987
f 4408/4566/4408 4409/4567/4409 3989/4112/3989 3988/4111/3988
f 4409/4567/4409 4410/4568/4410 3990/4113/3990 3989/4112/3989
f 4410/4568/4410 4411/4569/4411 3991/4114/3991 3990/4113/3990
f 4411/4569/4411 4412/4570/4412 3992/4115/3992 3991/4114/3991
f 4412/4570/4412 4413/4571/4413 3993/4116/3993 3992/4115/3992
f 4413/4571/4413 4414/4572/4414 3994/4117/3994 3993/4116/3993
f 4414/4572/4414 4415/4573/4415 3995/4118/3995 3994/4117/3994
f 4415/4573/4415 4416/4574/4416 3996/4119/3996 3995/4118/3995
f 4416/4574/4416 4417/4575/4417 3997/4120/3997 3996/4119/3996
f 4417/4575/4417 4285/4431/4285 3853/3976/3853 3997/4120/3997
f 4418/4576/4418 4419/4577/4419 4407/4565/4407 4406/4564/4406
f 4419/4577/4419 4420/4578/4420 4408/4566/4408 4407/4565/4407
f 4420/4578/4420 4421/4579/4421 4409/4567/4409 4408/4566/4408
f 4421/4579/4421 4422/4580/4422 4410/4568/4410 4409/4567/4409
f 4422/4580/4422 4423/4581/4423 4411/4569/4411 4410/4568/4410
f 4423/4581/4423 4424/4582/4424 4412/4570/4412 4411/4569/4411
f 4424/4582/4424 4425/4583/4425 4413/4571/4413 4412/4570/4412
f 4425/4583/4425 4426/4584/4426 4414/4572/4414 4413/4571/4413
f 4426/4584/4426 4427/4585/4427 4415/4573/4415 4414/4572/4414
f 4427/4585/4427 4428/4586/4428 4416/4574/4416 4415/4573/4415
f 4428/4586/4428 4429/4587/4429 4417/4575/4417 4416/4574/4416
f 4429/4587/4429 4297/4443/4297 4285/4431/4285 4417/4575/4417
f 4430/4588/4430 4431/4589/4431 4419/4577/4419 4418/4576/4418
f 4431/4589/4431 4432/4590/4432 4420/4578/4420 4419/4577/4419
f 4432/4590/4432 4433/4591/4433 4421/4579/4421 4420/4578/4420
f 4433/4591/4433 4434/4592/4434 4422/4580/4422 4421/4579/4421
f 4434/4592/4434 4435/4593/4435 4423/4581/4423 4422/4580/4422
f 4435/4593/4435 4436/4594/4436 4424/4582/4424 4423/4581/4423
f 4436/4594/4436 4437/4595/4437 4425/4583/4425 4424/4582/4424
f 4437/4595/4437 4438/4596/4438 4426/4584/4426 4425/4583/4425
f 4438/4596/4438 4439/4597/4439 4427/4585/4427 4426/4584/4426
f 4439/4597/4439 4440/4598/4440 4428/4586/4428 4427/4585/4427
f 4440/4598/4440 4441/4599/4441 4429/4587/4429 4428/4586/4428
f 4441/4599/4441 4309/4455/4309 4297/4443/4297 4429/4587/4429
f 4442/4600/4442 4443/4601/4443 4431/4589/4431 4430/4588/4430
f 4443/4601/4443 4444/4602/4444 4432/4590/4432 4431/4589/4431
f 4444/4602/4444 4445/4603/4445 4433/4591/4433 4432/4590/4432
f 4445/4603/4445 4446/4604/4446 4434/4592/4434 4433/4591/4433
f 4446/4604/4446 4447/4605/4447 4435/4593/4435 4434/4592/4434
f 4447/4605/4447 4448/4606/4448 4436/4594/4436 4435/4593/4435
f 4448/4606/4448 4449/4607/4449 4437/4595/4437 4436/4594/4436
f 4449/4607/4449 4450/4608/4450 4438/4596/4438 4437/4595/4437
f 4450/4608/4450 4451/4609/4451 4439/4597/4439 4438/4596/4438
f 4451/4609/4451 4452/4610/4452 4440/4598/4440 4439/4597/4439
f 4452/4610/4452 4453/4611/4453 4441/4599/4441 4440/4598/4440
f 4453/4611/4453 4321/4467/4321 4309/4455/4309 4441/4599/4441
f 4454/4612/4454 4455/4613/4455 4443/4601/4443 4442/4600/4442
f 4455/4613/4455 4456/4614/4456 4444/4602/4444 4443/4601/4443
f 4456/4614/4456 4457/4615/4457 4445/4603/4445 4444/4602/4444
f 4457/4615/4457 4458/4616/4458 4446/4604/4446 4445/4603/4445
f 4458/4616/4458 4459/4617/4459 4447/4605/4447 4446/4604/4446
f 4459/4617/4459 4460/4618/4460 4448/4606/4448 4447/4605/4447
f 4460/4618/4460 4461/4619/4461 4449/4607/4449 4448/4606/4448
f 4461/4619/4461 4462/4620/4462 4450/4608/4450 4449/4607/4449
f 4462/4620/4462 4463/4621/4463 4451/4609/4451 4450/4608/4450
f 4463/4621/4463 4464/4622/4464 4452/4610/4452 4451/4609/4451
f 4464/4622/4464 4465/4623/4465 4453/4611/4453 4452/4610/4452
f 4465/4623/4465 4333/4479/4333 4321/4467/4321 4453/4611/4453
f 4466/4624/4466 4467/4625/4467 4455/4613/4455 4454/4612/4454
f 4467/4625/4467 4468/4626/4468 4456/4614/4456 4455/4613/4455
f 4468/4626/4468 4469/4627/4469 4457/4615/4457 4456/4614/4456
f 4469/4627/4469 4470/4628/4470 4458/4616/4458 4457/4615/4457
f 4470/4628/4470 4471/4629/4471 4459/4617/4459 4458/4616/4458
f 4471/4629/4471 4472/4630/4472 4460/4618/4460 4459/4617/4459
f 4472/4630/4472 4473/4631/4473 4461/4619/4461 4460/4618/4460
f 4473/4631/4473 4474/4632/4474 4462/4620/4462 4461/4619/4461
f 4474/4632/4474 4475/4633/4475 4463/4621/4463 4462/4620/4462
f 4475/4633/4475 4476/4634/4476 4464/4622/4464 4463/4621/4463
f 4476/4634/4476 4477/4635/4477 4465/4623/4465 4464/4622/4464
f 4477/4635/4477 4345/4491/4345 4333/4479/4333 4465/4623/4465
f 4478/4636/4478 4479/4637/4479 4467/4625/4467 4466/4624/4466
f 4479/4637/4479 4480/4638/4480 4468/4626/4468 4467/4625/4467
f 4480/4638/4480 4481/4639/4481 4469/4627/4469 4468/4626/4468
f 4481/4639/4481 4482/4640/4482 4470/4628/4470 4469/4627/4469
f 4482/4640/4482 4483/4641/4483 4471/4629/4471 4470/4628/4470
f 4483/4641/4483 4484/4642/4484 4472/4630/4472 4471/4629/4471
f 4484/4642/4484 4485/4643/4485 4473/4631/4473 4472/4630/4472
f 4485/4643/4485 4486/4644/4486 4474/4632/4474 4473/4631/4473
f 4486/4644/4486 4487/4645/4487 4475/4633/4475 4474/4632/4474
f 4487/4645/4487 4488/4646/4488 4476/4634/4476 4475/4633/4475
f 4488/4646/4488 4489/4647/4489 4477/4635/4477 4476/4634/4476
f 4489/4647/4489 4357/4503/4357 4345/4491/4345 4477/4635/4477
f 4490/4648/4490 4491/4649/4491 4479/4637/4479 4478/4636/4478
f 4491/4649/4491 4492/4650/4492 4480/4638/4480 4479/4637/4479
f 4492/4650/4492 4493/4651/4493 4481/4639/4481 4480/4638/4480
f 4493/4651/4493 4494/4652/4494 4482/4640/4482 4481/4639/4481
f 4494/4652/4494 4495/4653/4495 4483/4641/4483 4482/4640/4482
f 4495/4653/4495 4496/4654/4496 4484/4642/4484 4483/4641/4483
f 4496/4654/4496 4497/4655/4497 4485/4643/4485 4484/4642/4484
f 4497/4655/4497 4498/4656/4498 4486/4644/4486 4485/4643/4485
f 4498/4656/4498 4499/4657/4499 4487/4645/4487 4486/4644/4486
f 4499/4657/4499 4500/4658/4500 4488/4646/4488 4487/4645/4487
f 4500/4658/4500 4501/4659/4501 4489/4647/4489 4488/4646/4488
f 4501/4659/4501 4369/4515/4369 4357/4503/4357 4489/4647/4489
f 4502/4660/4502 4503/4661/4503 4491/4649/4491 4490/4648/4490
f 4503/4661/4503 4504/4662/4504 4492/4650/4492 4491/4649/4491
f 4504/4662/4504 4505/4663/4505 4493/4651/4493 4492/4650/4492
f 4505/4663/4505 4506/4664/4506 4494/4652/4494 4493/4651/4493
f 4506/4664/4506 4507/4665/4507 4495/4653/4495 4494/4652/4494
f 4507/4665/4507 4508/4666/4508 4496/4654/4496 4495/4653/4495
f 4508/4666/4508 4509/4667/4509 4497/4655/4497 4496/4654/4496
f 4509/4667/4509 4510/4668/4510 4498/4656/4498 4497/4655/4497
f 4510/4668/4510 4511/4669/4511 4499/4657/4499 4498/4656/4498
f 4511/4669/4511 4512/4670/4512 4500/4658/4500 4499/4657/4499
f 4512/4670/4512 4513/4671/4513 4501/4659/4501 4500/4658/4500
f 4513/4671/4513 4381/4527/4381 4369/4515/4369 4501/4659/4501
f 4514/4672/4514 4515/4673/4515 4503/4661/4503 4502/4660/4502
f 4515/4673/4515 4516/4674/4516 4504/4662/4504 4503/4661/4503
f 4516/4674/4516 4517/4675/4517 4505/4663/4505 4504/4662/4504
f 4517/4675/4517 4518/4676/4518 4506/4664/4506 4505/4663/4505
f 4518/4676/4518 4519/4677/4519 4507/4665/4507 4506/4664/4506
f 4519/4677/4519 4520/4678/4520 4508/4666/4508 4507/4665/4507
f 4520/4678/4520 4521/4679/4521 4509/4667/4509 4508/4666/4508
f 4521/4679/4521 4522/4680/4522 4510/4668/4510 4509/4667/4509
f 4522/4680/4522 4523/4681/4523 4511/4669/4511 4510/4668/4510
f 4523/4681/4523 4524/4682/4524 4512/4670/4512 4511/4669/4511
f 4524/4682/4524 4525/4683/4525 4513/4671/4513 4512/4670/4512
f 4525/4683/4525 4393/4539/4393 4381/4527/4381 4513/4671/4513
f 4526/4684/4526 4527/4685/4527 4515/4673/4515 4514/4672/4514
f 4527/4685/4527 4528/4686/4528 4516/4674/4516 4515/4673/4515
f 4528/4686/4528 4529/4687/4529 4517/4675/4517 4516/4674/4516
f 4529/4687/4529 4530/4688/4530 4518/4676/4518 4517/4675/4517
f 4530/4688/4530 4531/4689/4531 4519/4677/4519 4518/4676/4518
f 4531/4689/4531 4532/4690/4532 4520/4678/4520 4519/4677/4519
f 4532/4690/4532 4533/4691/4533 4521/4679/4521 4520/4678/4520
f 4533/4691/4533 4534/4692/4534 4522/4680/4522 4521/4679/4521
f 4534/4692/4534 4535/4693/4535 4523/4681/4523 4522/4680/4522
f 4535/4693/4535 4536/4694/4536 4524/4682/4524 4523/4681/4523
f 4536/4694/4536 4537/4695/4537 4525/4683/4525 4524/4682/4524
f 4537/4695/4537 4405/4551/4405 4393/4539/4393 4525/4683/4525
f 4526/4684/4526 4273/4696/4273 4527/4685/4527
f 4527/4685/4527 4273/4697/4273 4528/4686/4528
f 4528/4686/4528 4273/4698/4273 4529/4687/4529
f 4529/4687/4529 4273/4699/4273 4530/4688/4530
f 4530/4688/4530 4273/4700/4273 4531/4689/4531
f 4531/4689/4531 4273/4701/4273 4532/4690/4532
f 4532/4690/4532 4273/4702/4273 4533/4691/4533
f 4533/4691/4533 4273/4703/4273 4534/4692/4534
f 4534/4692/4534 4273/4704/4273 4535/4693/4535
f 4535/4693/4535 4273/4705/4273 4536/4694/4536
f 4536/4694/4536 4273/4706/4273 4537/4695/4537
f 4537/4695/4537 4273/4707/4273 4405/4551/4405
f 4130/4708/4130 4538/4709/4538 4119/4254/4119 3697/4253/3697
f 4538/4709/4538 4539/4710/4539 4120/4255/4120 4119/4254/4119
f 4539/4710/4539 4540/4711/4540 4121/4256/4121 4120/4255/4120
f 4540/4711/4540 4541/4712/4541 4122/4257/4122 4121/4256/4121
f 4541/4712/4541 4542/4713/4542 4123/4258/4123 4122/4257/4122
f 4542/4713/4542 4543/4714/4543 4124/4259/4124 4123/4258/4123
f 4543/4714/4543 4544/4715/4544 4125/4260/4125 4124/4259/4124
f 4544/4715/4544 4545/4716/4545 4126/4261/4126 4125/4260/4125
f 4545/4716/4545 4546/4717/4546 4127/4262/4127 4126/4261/4126
f 4546/4717/4546 4547/4718/4547 4128/4263/4128 4127/4262/4127
f 4547/4718/4547 4548/4719/4548 4129/4264/4129 4128/4263/4128
f 4548/4719/4548 4406/4564/4406 3986/4109/3986 4129/4264/4129
f 4143/4720/4143 4549/4721/4549 4538/4709/4538 4130/4708/4130
f 4549/4721/4549 4550/4722/4550 4539/4710/4539 4538/4709/4538
f 4550/4722/4550 4551/4723/4551 4540/4711/4540 4539/4710/4539
f 4551/4723/4551 4552/4724/4552 4541/4712/4541 4540/4711/4540
f 4552/4724/4552 4553/4725/4553 4542/4713/4542 4541/4712/4541
f 4553/4725/4553 4554/4726/4554 4543/4714/4543 4542/4713/4542
f 4554/4726/4554 4555/4727/4555 4544/4715/4544 4543/4714/4543
f 4555/4727/4555 4556/4728/4556 4545/4716/4545 4544/4715/4544
f 4556/4728/4556 4557/4729/4557 4546/4717/4546 4545/4716/4545
f 4557/4729/4557 4558/4730/4558 4547/4718/4547 4546/4717/4546
f 4558/4730/4558 4559/4731/4559 4548/4719/4548 4547/4718/4547
f 4559/4731/4559 4418/4576/4418 4406/4564/4406 4548/4719/4548
f 4156/4732/4156 4560/4733/4560 4549/4721/4549 4143/4720/4143
f 4560/4733/4560 4561/4734/4561 4550/4722/4550 4549/4721/4549
f 4561/4734/4561 4562/4735/4562 4551/4723/4551 4550/4722/4550
f 4562/4735/4562 4563/4736/4563 4552/4724/4552 4551/4723/4551
f 4563/4736/4563 4564/4737/4564 4553/4725/4553 4552/4724/4552
f 4564/4737/4564 4565/4738/4565 4554/4726/4554 4553/4725/4553
f 4565/4738/4565 4566/4739/4566 4555/4727/4555 4554/4726/4554
f 4566/4739/4566 4567/4740/4567 4556/4728/4556 4555/4727/4555
f 4567/4740/4567 4568/4741/4568 4557/4729/4557 4556/4728/4556
f 4568/4741/4568 4569/4742/4569 4558/4730/4558 4557/4729/4557
f 4569/4742/4569 4570/4743/4570 4559/4731/4559 4558/4730/4558
f 4570/4743/4570 4430/4588/4430 4418/4576/4418 4559/4731/4559
f 4169/4744/4169 4571/4745/4571 4560/4733/4560 4156/4732/4156
f 4571/4745/4571 4572/4746/4572 4561/4734/4561 4560/4733/4560
f 4572/4746/4572 4573/4747/4573 4562/4735/4562 4561/4734/4561
f 4573/4747/4573 4574/4748/4574 4563/4736/4563 4562/4735/4562
f 4574/4748/4574 4575/4749/4575 4564/4737/4564 4563/4736/4563
f 4575/4749/4575 4576/4750/4576 4565/4738/4565 4564/4737/4564
f 4576/4750/4576 4577/4751/4577 4566/4739/4566 4565/4738/4565
f 4577/4751/4577 4578/4752/4578 4567/4740/4567 4566/4739/4566
f 4578/4752/4578 4579/4753/4579 4568/4741/4568 4567/4740/4567
f 4579/4753/4579 4580/4754/4580 4569/4742/4569 4568/4741/4568
f 4580/4754/4580 4581/4755/4581 4570/4743/4570 4569/4742/4569
f 4581/4755/4581 4442/4600/4442 4430/4588/4430 4570/4743/4570
f 4182/4756/4182 4582/4757/4582 4571/4745/4571 4169/4744/4169
f 4582/4757/4582 4583/4758/4583 4572/4746/4572 4571/4745/4571
f 4583/4758/4583 4584/4759/4584 4573/4747/4573 4572/4746/4572
f 4584/4759/4584 4585/4760/4585 4574/4748/4574 4573/4747/4573
f 4585/4760/4585 4586/4761/4586 4575/4749/4575 4574/4748/4574
f 4586/4761/4586 4587/4762/4587 4576/4750/4576 4575/4749/4575
f 4587/4762/4587 4588/4763/4588 4577/4751/4577 4576/4750/4576
f 4588/4763/4588 4589/4764/4589 4578/4752/4578 4577/4751/4577
f 4589/4764/4589 4590/4765/4590 4579/4753/4579 4578/4752/4578
f 4590/4765/4590 4591/4766/4591 4580/4754/4580 4579/4753/4579
f 4591/4766/4591 4592/4767/4592 4581/4755/4581 4580/4754/4580
f 4592/4767/4592 4454/4612/4454 4442/4600/4442 4581/4755/4581
f 4195/4768/4195 4593/4769/4593 4582/4757/4582 4182/4756/4182
f 4593/4769/4593 4594/4770/4594 4583/4758/4583 4582/4757/4582
f 4594/4770/4594 4595/4771/4595 4584/4759/4584 4583/4758/4583
f 4595/4771/4595 4596/4772/4596 4585/4760/4585 4584/4759/4584
f 4596/4772/4596 4597/4773/4597 4586/4761/4586 4585/4760/4585
f 4597/4773/4597 4598/4774/4598 4587/4762/4587 4586/4761/4586
f 4598/4774/4598 4599/4775/4599 4588/4763/4588 4587/4762/4587
f 4599/4775/4599 4600/4776/4600 4589/4764/4589 4588/4763/4588
f 4600/4776/4600 4601/4777/4601 4590/4765/4590 4589/4764/4589
f 4601/4777/4601 4602/4778/4602 4591/4766/4591 4590/4765/4590
f 4602/4778/4602 4603/4779/4603 4592/4767/4592 4591/4766/4591
f 4603/4779/4603 4466/4624/4466 4454/4612/4454 4592/4767/4592
f 4208/4780/4208 4604/4781/4604 4593/4769/4593 4195/4768/4195
f 4604/4781/4604 4605/4782/4605 4594/4770/4594 4593/4769/4593
f 4605/4782/4605 4606/4783/4606 4595/4771/4595 4594/4770/4594
f 4606/4783/4606 4607/4784/4607 4596/4772/4596 4595/4771/4595
f 4607/4784/4607 4608/4785/4608 4597/4773/4597 4596/4772/4596
f 4608/4785/4608 4609/4786/4609 4598/4774/4598 4597/4773/4597
f 4609/4786/4609 4610/4787/4610 4599/4775/4599 4598/4774/4598
f 4610/4787/4610 4611/4788/4611 4600/4776/4600 4599/4775/4599
f 4611/4788/4611 4612/4789/4612 4601/4777/4601 4600/4776/4600
f 4612/4789/4612 4613/4790/4613 4602/4778/4602 4601/4777/4601
f 4613/4790/4613 4614/4791/4614 4603/4779/4603 4602/4778/4602
f 4614/4791/4614 4478/4636/4478 4466/4624/4466 4603/4779/4603
f 4221/4792/4221 4615/4793/4615 4604/4781/4604 4208/4780/4208
f 4615/4793/4615 4616/4794/4616 4605/4782/4605 4604/4781/4604
f 4616/4794/4616 4617/4795/4617 4606/4783/4606 4605/4782/4605
f 4617/4795/4617 4618/4796/4618 4607/4784/4607 4606/4783/4606
f 4618/4796/4618 4619/4797/4619 4608/4785/4608 4607/4784/4607
f 4619/4797/4619 4620/4798/4620 4609/4786/4609 4608/4785/4608
f 4620/4798/4620 4621/4799/4621 4610/4787/4610 4609/4786/4609
f 4621/4799/4621 4622/4800/4622 4611/4788/4611 4610/4787/4610
f 4622/4800/4622 4623/4801/4623 4612/4789/4612 4611/4788/4611
f 4623/4801/4623 4624/4802/4624 4613/4790/4613 4612/4789/4612
f 4624/4802/4624 4625/4803/4625 4614/4791/4614 4613/4790/4613
f 4625/4803/4625 4490/4648/4490 4478/4636/4478 4614/4791/4614
f 4234/4804/4234 4626/4805/4626 4615/4793/4615 4221/4792/4221
f 4626/4805/4626 4627/4806/4627 4616/4794/4616 4615/4793/4615
f 4627/4806/4627 4628/4807/4628 4617/4795/4617 4616/4794/4616
f 4628/4807/4628 4629/4808/4629 4618/4796/4618 4617/4795/4617
f 4629/4808/4629 4630/4809/4630 4619/4797/4619 4618/4796/4618
f 4630/4809/4630 4631/4810/4631 4620/4798/4620 4619/4797/4619
f 4631/4810/4631 4632/4811/4632 4621/4799/4621 4620/4798/4620
f 4632/4811/4632 4633/4812/4633 4622/4800/4622 4621/4799/4621
f 4633/4812/4633 4634/4813/4634 4623/4801/4623 4622/4800/4622
f 4634/4813/4634 4635/4814/4635 4624/4802/4624 4623/4801/4623
f 4635/4814/4635 4636/4815/4636 4625/4803/4625 4624/4802/4624
f 4636/4815/4636 4502/4660/4502 4490/4648/4490 4625/4803/4625
f 4247/4816/4247 4637/4817/4637 4626/4805/4626 4234/4804/4234
f 4637/4817/4637 4638/4818/4638 4627/4806/4627 4626/4805/4626
f 4638/4818/4638 4639/4819/4639 4628/4807/4628 4627/4806/4627
f 4639/4819/4639 4640/4820/4640 4629/4808/4629 4628/4807/4628
f 4640/4820/4640 4641/4821/4641 4630/4809/4630 4629/4808/4629
f 4641/4821/4641 4642/4822/4642 4631/4810/4631 4630/4809/4630
f 4642/4822/4642 4643/4823/4643 4632/4811/4632 4631/4810/4631
f 4643/4823/4643 4644/4824/4644 4633/4812/4633 4632/4811/4632
f 4644/4824/4644 4645/4825/4645 4634/4813/4634 4633/4812/4633
f 4645/4825/4645 4646/4826/4646 4635/4814/4635 4634/4813/4634
f 4646/4826/4646 4647/4827/4647 4636/4815/4636 4635/4814/4635
f 4647/4827/4647 4514/4672/4514 4502/4660/4502 4636/4815/4636
f 4260/4828/4260 4648/4829/4648 4637/4817/4637 4247/4816/4247
f 4648/4829/4648 4649/4830/4649 4638/4818/4638 4637/4817/4637
f 4649/4830/4649 4650/4831/4650 4639/4819/4639 4638/4818/4638
f 4650/4831/4650 4651/4832/4651 4640/4820/4640 4639/4819/4639
f 4651/4832/4651 4652/4833/4652 4641/4821/4641 4640/4820/4640
f 4652/4833/4652 4653/4834/4653 4642/4822/4642 4641/4821/4641
f 4653/4834/4653 4654/4835/4654 4643/4823/4643 4642/4822/4642
f 4654/4835/4654 4655/4836/4655 4644/4824/4644 4643/4823/4643
f 4655/4836/4655 4656/4837/4656 4645/4825/4645 4644/4824/4644
f 4656/4837/4656 4657/4838/4657 4646/4826/4646 4645/4825/4645
f 4657/4838/4657 4658/4839/4658 4647/4827/4647 4646/4826/4646
f 4658/4839/4658 4526/4684/4526 4514/4672/4514 4647/4827/4647
f 4260/4828/4260 4273/4840/4273 4648/4829/4648
f 4648/4829/4648 4273/4841/4273 4649/4830/4649
f 4649/4830/4649 4273/4842/4273 4650/4831/4650
f 4650/4831/4650 4273/4843/4273 4651/4832/4651
f 4651/4832/4651 4273/4844/4273 4652/4833/4652
f 4652/4833/4652 4273/4845/4273 4653/4834/4653
f 4653/4834/4653 4273/4846/4273 4654/4835/4654
f 4654/4835/4654 4273/4847/4273 4655/4836/4655
f 4655/4836/4655 4273/4848/4273 4656/4837/4656
f 4656/4837/4656 4273/4849/4273 4657/4838/4657
f 4657/4838/4657 4273/4850/4273 4658/4839/4658
f 4658/4839/4658 4273/4851/4273 4526/4684/4526
